eid,title,doi,year,journal,all_countries
2-s2.0-0032444401,Therapeutic strategies against epilepsy in Mediterranean countries: A report from an international collaborative survey,10.1016/S1059-1311(98)80013-7,1998,Seizure,Algeria; France; Israel; Tunisia; Turkey
2-s2.0-0037840873,Reactions of Hordeum spontaneum to infection with two cultures of Puccinia hordei from Israel and United States,10.1007/BF00027267,1990,Euphytica,Egypt; Israel; United States
2-s2.0-0025675746,"The characterization of Leishmania major from Phlebotomus papatasi (Scopoli) caught in northern Sinai, Egypt",10.1016/0035-9203(90)90079-T,1990,Transactions of the Royal Society of Tropical Medicine and Hygiene,Egypt; Israel
2-s2.0-0026501837,Cutaneous Leishmaniasis Acquired During Military Service in the Middle East,10.1001/archderm.1992.01680110093013,1992,Archives of Dermatology,Egypt; Israel; United States
2-s2.0-0027043976,General circulation of the Eastern Mediterranean,10.1016/0012-8252(92)90002-B,1992,Earth Science Reviews,Egypt; Israel; Turkey; United States
2-s2.0-11944275062,"WHO scientific group on recent advances in medically assisted conception. Geneva, 2-6 April 1990",,1992,World Health Organization Technical Report Series,Egypt; Israel; United States
2-s2.0-0027751057,Defining and assessing risky behaviours,10.1046/j.1365-2648.1993.18121911.x,1993,Journal of Advanced Nursing,Egypt; Israel; Jordan
2-s2.0-0028873606,Molecular epidemiology of foot-and-mouth disease (FMD) in Israel in 1994 and in other Middle-Eastern countries in the years 1992-1994,10.1007/BF01384342,1995,Archives of Virology,Egypt; Israel
2-s2.0-0029411868,The electrical conductivity properties of amorphous thin film of evaporated Ge40 S60 during and after light exposure,10.1016/0042-207X(95)00014-3,1995,Vacuum,Egypt; Israel
2-s2.0-0030370295,Effect of Gaussian potential on the differential cross sections of alpha transfer reactions,10.1088/0253-6102/26/4/433,1996,Communications in Theoretical Physics,Egypt; Israel
2-s2.0-33748614904,Irreversibly adsorbed silver on Pt(111) and transformation of the electrosorption behaviour induced by thermal annealing,10.1039/ft9969203777,1996,Journal of the Chemical Society Faraday Transactions,Egypt; France; Israel
2-s2.0-0009272923,Multi-interaction of multi-nucleon transfer reactions in the whole-angle region,10.1139/p96-024,1996,Canadian Journal of Physics,Egypt; Israel
2-s2.0-0029793080,Biotech-derived herbicide-resistant crops for third world needs,10.1111/j.1749-6632.1996.tb32500.x,1996,Annals of the New York Academy of Sciences,Egypt; Israel
2-s2.0-0029751550,Transport of a tracer slug in a fractured permeable formation,10.1016/0022-1694(95)02775-0,1996,Journal of Hydrology,Egypt; Germany; Israel
2-s2.0-0029858755,Detection of Wuchereria bancrofti DNA in patients' sputum by the polymerase chain reaction,10.1016/S0035-9203(96)90308-9,1996,Transactions of the Royal Society of Tropical Medicine and Hygiene,Egypt; Israel
2-s2.0-0031176818,Time dependent perturbation theory and tones in cascaded erbium-doped fiber amplifier systems,10.1109/50.596952,1997,Journal of Lightwave Technology,China; Egypt; Israel; United States
2-s2.0-0030824609,The role of vascular endothelial growth factor and interleukins in the pathogenesis of severe ovarian hyperstimulation syndrome,10.1093/humupd/3.3.255,1997,Human Reproduction Update,Egypt; Israel; United States
2-s2.0-0030778481,Cancer patterns in the Middle East: Special report from the Middle East Cancer Society,10.3109/02841869709001327,1997,Acta Oncologica,Egypt; Israel; Palestine
2-s2.0-0030976879,P-glycoprotein substrates and antagonists cluster into two distinct groups,10.1124/mol.51.6.1024,1997,Molecular Pharmacology,Egypt; Israel; United States
2-s2.0-7844245055,Molecular resolution of marine turtle stock composition in fishery bycatch: A case study in the Mediterranean,10.1046/j.1365-294x.1998.00471.x,1998,Molecular Ecology,Egypt; France; Israel; Libya; Switzerland; Tunisia; Turkey
2-s2.0-2342587637,"Effect of oil emulsion sprays on parasitoids of the black parlatoria, Parlatoria ziziphi, in grapefruit",10.1023/A:1009974330554,1998,Biocontrol,Egypt; Israel
2-s2.0-0031941824,Seminal plasma α-glucosidase activity and male infertility,10.1093/humrep/13.3.591,1998,Human Reproduction,Egypt; Israel
2-s2.0-0031682745,Development and laboratory evaluation of a polymerase chain reaction for monitoring Schistosoma mansoni infestation of water,10.4269/ajtmh.1998.59.468,1998,American Journal of Tropical Medicine and Hygiene,Egypt; Israel
2-s2.0-0032440802,A polymerase chain reaction assay for detecting snails infected with Bilharzia parasites (Schistosoma mansoni) from very early prepatency,10.4269/ajtmh.1998.59.872,1998,American Journal of Tropical Medicine and Hygiene,Egypt; Israel
2-s2.0-17144453508,Numerical and analytical solutions of dispersion equation in lossy nonlinear waveguiding system,10.1002/(SICI)1098-2760(19990820)22:4<273::AID-MOP18>3.0.CO;2-2,1999,Microwave and Optical Technology Letters,Egypt; Germany; Israel
2-s2.0-0000792328,Culture specific and crossculturally generalizable implicit leadership theories: Are attributes of charismatic/transformational leadership universally endorsed?,10.1016/S1048-9843(99)00018-1,1999,Leadership Quarterly,Egypt; Iran; Israel; Kuwait; Morocco; Netherlands; Qatar; Turkey
2-s2.0-0033034674,Systematics and distribution of the acanthodactylus pardalis group (lacertidae) in egypt and israel,10.1080/09397140.1999.10637767,1999,Zoology in the Middle East,Czech Republic; Egypt; Israel
2-s2.0-0032874838,Diagnosis of Wuchereria bancrofti infection by the polymerase chain reaction employing patients' sputum,10.1007/s004360050643,1999,Parasitology Research,Egypt; Israel
2-s2.0-0025683477,The carbon- and oxygen-isotope record of the Precambrian-Cambrian boundary interval in China and Iran and their correlation,10.1017/S0016756800014886,1990,Geological Magazine,Iran; Israel; United Kingdom
2-s2.0-0025990228,Nonsteroidal antiinflammatory drugs — differences and similarities,10.1056/NEJM199112053252314,1991,New England Journal of Medicine,Germany; Iran; Israel
2-s2.0-0026907924,Effects of Nd:YAG laser on apical seal of teeth after apicoectomy and retrofill,10.1016/S0099-2399(06)81221-5,1992,Journal of Endodontics,Iran; Israel; United States
2-s2.0-0026949310,Scanning electron microscopic study of the apical dentine surfaces lased with Nd: YAG laser following apicectomy and retrofill,10.1111/j.1365-2591.1992.tb00758.x,1992,International Endodontic Journal,Iran; Israel
2-s2.0-0027512391,Effect of ArF-193 nm excimer laser on human dentinal tubules. A scanning electron microscopic study,10.1016/0030-4220(93)90412-W,1993,Oral Surgery Oral Medicine Oral Pathology,Iran; Israel
2-s2.0-0027614167,Sealing of human dentinal tubules by XeCl 308-nm excimer laser,10.1016/S0099-2399(06)80454-1,1993,Journal of Endodontics,Iran; Israel; United States
2-s2.0-0043039220,The 198-225-nm transition of norbornadiene,10.1021/j100085a007,1994,Journal of Physical Chemistry®,Iran; Israel; United States
2-s2.0-0029280276,"Adapting the Chair, Adapting the User",10.1177/106480469500300207,1995,Ergonomics in Design the Quarterly of Human Factors Applications,Iran; Israel
2-s2.0-0029815988,Structural Diversity in Alkali Metal Phospholidcs: A Kaloccnc-Type Structure,10.1002/anie.199611231,1996,Angewandte Chemie International Edition in English,Germany; Iran; Israel
2-s2.0-6844222861,AFLP variation in wild barley (Hordeum spontaneum c. Koch) with reference to salt tolerance and associated ecogeography,10.1139/g97-046,1997,Genome,Iran; Israel; United Kingdom
2-s2.0-0033337401,Inverse method 3-D reconstruction of localized in vivo fluorescence - application to Sjogren syndrome,10.1109/2944.796313,1999,IEEE Journal on Selected Topics in Quantum Electronics,Iran; Israel; Russian Federation; United States
2-s2.0-0033165559,Laser angioplasty of restenosed coronary stents: Results of a multicenter surveillance trial,10.1016/S0735-1097(99)00167-9,1999,Journal of the American College of Cardiology,Germany; Iran; Israel; Saudi Arabia
2-s2.0-0032651248,Estimation of the maximum admissible level of third harmonic current in 13.8 kV feeders,,1999,International Journal of Power and Energy Systems,Iran; Israel; United States
2-s2.0-0025834216,New natural dibenzocycloheptylamine alkaloids: A possible catabolic route for the colchicine alkaloids,10.1021/np50076a002,1991,Journal of Natural Products,Israel; Jordan
2-s2.0-0010447349,Phenolics from Colchicum decaisnei,10.1016/S0031-9422(00)98257-8,1991,Phytochemistry,Israel; Jordan
2-s2.0-0026471690,Pharmacological screening of (+)‐Multifloramine from Colchicum decaisnei,10.1002/ptr.2650060605,1992,Phytotherapy Research,Israel; Jordan
2-s2.0-0027625951,An approximate analytical solution for the prediction of transient response of the trombe wall,10.1016/0735-1933(93)90068-7,1993,International Communications in Heat and Mass Transfer,Israel; Jordan
2-s2.0-0029900204,Operational problems of an iron supplementation programme for pregnant women: An assessment of UNRWA experience,,1996,Bulletin of the World Health Organization,Israel; Jordan
2-s2.0-0030513346,Dextromethorphan metabolism in Jordanians: Dissociation of dextromethorphan O-demethylation from debrisoquine 4-hydroxylation,10.1007/BF03189731,1996,European Journal of Drug Metabolism and Pharmacokinetics,Israel; Jordan; Palestine; Qatar
2-s2.0-0031587512,"Agricultural sustainability, pesticide exposures, and health risks: Israel, the Palestinian National Authority, and Jordan",10.1111/j.1749-6632.1997.tb56880.x,1997,Annals of the New York Academy of Sciences,Israel; Jordan; Palestine
2-s2.0-0031871738,Soluble adhesion molecules in Behcet's disease,10.1076/ocii.6.2.81.4054,1998,Ocular Immunology and Inflammation,Israel; Jordan; United Kingdom
2-s2.0-0346459299,AC-induced DC voltage in HTS coil,10.1016/S0921-4534(98)00444-4,1998,Physica C Superconductivity and Its Applications,Israel; Jordan
2-s2.0-0031632810,Electronic structure of modulation-doped heterostructures: Electric field effects,10.1006/spmi.1996.0443,1998,Superlattices and Microstructures,Israel; Jordan; Turkey
2-s2.0-0031941291,Spinal injury rehabilitation complicated by psycho-social problems,10.1038/sj.sc.3100643,1998,Spinal Cord,Israel; Jordan
2-s2.0-0032883868,HLA and tumour necrosis factor (TNF) polymorphisms in ocular Behcet's disease,10.1034/j.1399-0039.1999.540307.x,1999,Tissue Antigens,Israel; Jordan; United Kingdom
2-s2.0-0032863259,Factor V Leiden mutation is associated with ocular involvement in Behcet disease,10.1016/S0002-9394(99)00184-1,1999,American Journal of Ophthalmology,Israel; Jordan; United Kingdom
2-s2.0-0032930981,"Substance abuse studies and prevention efforts among Arabs in the 1990s in Israel, Jordan and the Palestinian Authority - A literature review",10.1046/j.1360-0443.1999.9421772.x,1999,Addiction,Israel; Jordan
2-s2.0-7744223936,Anatomy of the Dead Sea transform: Does it reflect continuous changes in plate motion?,10.1130/0091-7613(1999)027<0887:AOTDST>2.3.CO;2,1999,Geology,Israel; Jordan; United States
2-s2.0-0033032247,"Gaucher's disease with valve calcification: Possible role of Gaucher cells, bone matrix proteins and integrins",,1999,Canadian Journal of Cardiology,Canada; Israel; Jordan
2-s2.0-0025636211,Brucella arthritis: A study of 96 cases in Kuwait,10.1136/ard.49.12.994,1990,Annals of the Rheumatic Diseases,Israel; Kuwait
2-s2.0-8244222306,International quality control of phage typing of Staphylococcus aureus,10.1099/00222615-46-6-511,1997,Journal of Medical Microbiology,Israel; Kuwait; Saudi Arabia; United Kingdom
2-s2.0-0030304437,Weakly periodic rings with conditions on commutators,10.1007/BF00052203,1996,Acta Mathematica Hungarica,Israel; Lebanon
2-s2.0-16944362484,Multiple independent molecular etiology for limb-girdle muscular dystrophy type 2A patients from various geographical origins,,1997,American Journal of Human Genetics,France; Israel; Lebanon; Turkey
2-s2.0-0029751517,The geochemistry of cadmium in the phosphate-rich and organic-rich sediments of the Oulad-abdoun and Timahdit basins (Morocco),10.1016/0899-5362(95)00124-7,1996,Journal of African Earth Sciences,France; Israel; Morocco
2-s2.0-0029677628,Sensitivity analysis of flow in multilayered leaky aquifer systems,10.1061/(ASCE)0733-9429(1996)122:1(41),1996,Journal of Hydraulic Engineering,Israel; Morocco
2-s2.0-0030916069,"Heat treatments to decrease chilling injury in tomato fruit. Effects on lipids, pericarp lesions and fungal growth",10.1034/j.1399-3054.1997.1000211.x,1997,Physiologia Plantarum,Israel; Morocco
2-s2.0-0032448319,Treatments to reduce chilling injury in harvested cucumbers,,1998,Advances in Horticultural Science,Israel; Morocco
2-s2.0-0032049877,Stretching a heteropolymer,10.1209/epl/i1998-00558-3,1998,Europhysics Letters,France; Israel; Morocco
2-s2.0-0032852925,"Analysis of immune responses in dogs with canine visceral leishmaniasis before, and after, drug treatment",10.1016/S0165-2427(99)00088-4,1999,Veterinary Immunology and Immunopathology,Israel; Morocco
2-s2.0-0033193856,Immune responses in vaccinated dogs with autoclaved Leishmania major promastigotes,,1999,Veterinary Research,Israel; Morocco
2-s2.0-17144419002,Dependence of diffusion and multifractality at the quantum hall transition on the effective dimension of the sample,10.1103/PhysRevB.60.4466,1999,Physical Review B Condensed Matter and Materials Physics,Israel; Morocco
2-s2.0-0033034309,Adsorption of phenol and its chlorine derivatives on PILCS and organo- PILCS,10.1051/jcp:1999153,1999,Journal De Chimie Physique Et De Physico Chimie Biologique,Israel; Morocco
2-s2.0-0000875261,Spectrophotometric determination of cobalt with di-2-pyridyl ketone benzgylhydrazone,10.1080/00387019108018178,1991,Spectroscopy Letters,Israel; Palestine
2-s2.0-84968140437,Palestinians on the Peace Process,10.2307/2537364,1991,Journal of Palestine Studies,Israel; Palestine; United States
2-s2.0-84963202546,Spectrophotometric determination of uranium in ores using di-2- pyridyl ketone hydrazone derivatives,10.1080/00387019208021533,1992,Spectroscopy Letters,Israel; Palestine
2-s2.0-0026545222,Spectrophotemetric determination of cobalt in aqueous solution using di-2-pyridyl ketone derivatives,10.1016/0003-2670(92)85091-J,1992,Analytica Chimica Acta,Israel; Palestine
2-s2.0-84974904192,Palestinian surnames derived from nicknames,10.1179/nam.1992.40.4.237,1992,Names,Israel; Palestine
2-s2.0-0026511246,Two mutations in the β-globin polyadenylylation signal reveal extended transcripts and new RNA polyadenylylation sites,10.1073/pnas.89.10.4324,1992,Proceedings of the National Academy of Sciences of the United States of America,Israel; Palestine
2-s2.0-0028549063,A sensitive catalytic method for the determination of copper by its catalytic effect on the potassium bromate indigo carmine reaction,10.1080/10739149408001194,1994,Instrumentation Science Technology,Israel; Palestine
2-s2.0-0028862729,"Growth, metal uptake, and uptake distribution of spinach and parsley plants irrigated with copper solutions",10.1080/10934529509376321,1995,Journal of Environmental Science and Health Part A Environmental Science and Engineering and Toxicology,Israel; Palestine
2-s2.0-0029043179,"Effect of irrigation with lead and cadmium on the growth and on the metal uptake of cauliflower, spinach and parsley",10.1080/10934529509376235,1995,Journal of Environmental Science and Health Part A Environmental Science and Engineering and Toxicology,Israel; Palestine
2-s2.0-0030813114,Ternary copper(II) complexes of the anticonvulsant drug valproate with diimines as superoxide dismutase mimics,10.1016/S0162-0134(97)00043-3,1997,Journal of Inorganic Biochemistry,Israel; Palestine
2-s2.0-0030666735,The impact of political violence on moral reasoning in children,10.1016/S0145-2134(97)00065-3,1997,Child Abuse and Neglect,Israel; Palestine; United States
2-s2.0-0030734645,Antimicrobial activity of Micromeria nervosa from the Palestinian area,10.1016/S0378-8741(97)00088-3,1997,Journal of Ethnopharmacology,Israel; Palestine
2-s2.0-0031126987,"Pesticide use, exposure, and risk: A joint Israeli-Palestinian perspective",10.1006/enrs.1997.3717,1997,Environmental Research,Israel; Palestine
2-s2.0-0030773010,Spectrophotometric determination of enzymatically generated hydrogen peroxide using Sol-Gel immobilized horseradish peroxidase,10.1016/S0039-9140(97)00032-5,1997,Talanta,Israel; Palestine
2-s2.0-0000911706,A stepwise open-ended approach to the identification of joint management structures for shared aquifers,10.1080/02508069808686776,1998,Water International,Israel; Palestine
2-s2.0-0031878167,Automatic assessment of cardiac function from short-axis MRI: Procedure and clinical evaluation,10.1016/S0730-725X(98)80019-2,1998,Magnetic Resonance Imaging,Israel; Palestine
2-s2.0-0032948715,Psychological responses in family members after the Hebron massacre,10.1002/(SICI)1520-6394(1999)9:1<27::AID-DA4>3.0.CO;2-W,1999,Depression and Anxiety,Israel; Palestine
2-s2.0-0025370490,Azathioprine in behçet's syndrome,10.1056/NEJM199007193230311,1990,New England Journal of Medicine,Israel; Saudi Arabia; Turkey
2-s2.0-0025242265,Origin and spread of the glucose-6-phosphate dehydrogenase variant (G6PD-Mediterranean) in the Middle East,,1990,American Journal of Human Genetics,Israel; Saudi Arabia; United Kingdom
2-s2.0-0025673872,Phenotypic heterogeneity of spinal muscular atrophy mapping to chromosome 5q11.2-13.3 (SMA 5q),10.1212/wnl.40.12.1831,1990,Neurology,Israel; Saudi Arabia; United States
2-s2.0-0027931590,Receptor mutations and haplotypes in growth hormone receptor deficiency: a global survey and identification of the Ecuadorean E180splice mutation in an oriental Jewish patient,10.1111/j.1651-2227.1994.tb13302.x,1994,Acta Pdiatrica,Israel; Saudi Arabia; United States
2-s2.0-0030591585,Implications for the assay and biological activity of interleukin-4. Results of a WHO international collaborative study,10.1016/0022-1759(96)00069-5,1996,Journal of Immunological Methods,Israel; Saudi Arabia; United Kingdom
2-s2.0-0030591590,Implications for the assay and biological properties of interleukin-3. Results of a WHO international collaborative study,10.1016/0022-1759(96)00068-3,1996,Journal of Immunological Methods,Israel; Saudi Arabia; United Kingdom
2-s2.0-13344295074,"Mutations in subunits of the epithelial sodium channel cause salt wasting with hyperkalaemic acidosis, pseudohypoaldosteronism type 1",10.1038/ng0396-248,1996,Nature Genetics,Israel; Saudi Arabia; United States
2-s2.0-0031582211,Three different GB virus C/hepatitis G virus genotypes. Phylogenetic analysis and a genotyping assay based on restriction fragment length polymorphism,10.1016/S0014-5793(97)00136-1,1997,FEBS Letters,Israel; Japan; Saudi Arabia
2-s2.0-0031251117,Properties of fresh concrete incorporating a high volume of fly ash as partial fine sand replacement,10.1007/bf02524775,1997,Materials and Structures Materiaux Et Constructions,Israel; Saudi Arabia
2-s2.0-14444276037,A multicenter study of recombinant human erythropoietin (epoetin α) in the management of anemia in cancer patients receiving chemotherapy,10.1097/00001813-199711000-00006,1997,Anti Cancer Drugs,Israel; Poland; Saudi Arabia; Turkey; United Arab Emirates
2-s2.0-0346405508,Communications to the Second Annual Congress of the European College of Sport Science,10.1080/026404198366542,1998,Journal of Sports Sciences,Israel; Saudi Arabia; United Kingdom
2-s2.0-0032182735,Reinforcement of cementitious matrices by warp knitted fabrics,10.1007/bf02481536,1998,Materials and Structures Materiaux Et Constructions,Israel; Saudi Arabia
2-s2.0-0002551970,Mechanical properties of structural concrete incorporating a high volume of Class F fly ash as partial fine sand replacement,10.1007/bf02486469,1998,Materials and Structures Materiaux Et Constructions,Israel; Saudi Arabia
2-s2.0-0032184306,Ductility requirements for redistribution of moments in reinforced concrete elements and a possible size effect,10.1007/bf02481534,1998,Materials and Structures Materiaux Et Constructions,Israel; Saudi Arabia
2-s2.0-0032953377,"Candidemia in cancer patients: A prospective, multicenter surveillance study by the invasive fungal infection group (IFIG) of the European organization for research and treatment of cancer (EORTC)",10.1086/514731,1999,Clinical Infectious Diseases,Israel; Saudi Arabia
2-s2.0-0026645236,"Systemic treatment of early breast cancer by hormonal, cytotoxic, or immune therapy: 133 Randomised trials involving 31,000 recurrences and 24,000 deaths among 75,000 women. Part II",10.1097/00006254-199206000-00019,1992,Obstetrical and Gynecological Survey,Israel; Japan; Tunisia
2-s2.0-0028791012,Effects of radiotherapy and surgery in early breast cancer: An overview of the randomized trials,10.1056/NEJM199511303332202,1995,New England Journal of Medicine,Israel; Spain; Tunisia
2-s2.0-0029999129,Maladie des chaînes α,,1996,Hepato Gastro,France; Israel; Tunisia
2-s2.0-0029806829,Ovarian ablation in early breast cancer: Overview of the randomised trials,10.1016/S0140-6736(96)05023-4,1996,Lancet,Israel; Japan; Tunisia
2-s2.0-0030869710,"Mutation profile of all 49 exons of the human myosin VIIA gene, and haplotype analysis, in usher 1B families from diverse origins",10.1086/514899,1997,American Journal of Human Genetics,Israel; Tunisia
2-s2.0-0030697463,Echinococcus granulosus: A seroepidemiological survey in northern Israel using an enzyme-linked immunosorbent assay,10.1016/S0035-9203(97)90011-0,1997,Transactions of the Royal Society of Tropical Medicine and Hygiene,Israel; Tunisia
2-s2.0-0032547564,Polychemotherapy for early breast cancer: An overview of the randomised trials,10.1016/S0140-6736(98)03301-7,1998,Lancet,Israel; Japan; Tunisia
2-s2.0-0032537396,Tamoxifen for early breast cancer: An overview of the randomised trials,10.1016/S0140-6736(97)11423-4,1998,Lancet,Israel; Japan; Tunisia
2-s2.0-37049075241,"The stereoisomers of 1,3-dithiane 1,3-dioxides. Preparation, configuration and some conformational aspects",10.1039/P29900001987,1990,Journal of the Chemical Society Perkin Transactions 2,Israel; Turkey
2-s2.0-0025221935,Intravenous immunoglobulin for neonatal isoimmune thrombocytopenia,10.1007/BF01959488,1990,European Journal of Pediatrics,Israel; Turkey
2-s2.0-0025153146,Activation of electron deficient cycloheptatrienes by tricarbonyliron complexation,10.1016/S0040-4039(00)97154-5,1990,Tetrahedron Letters,Israel; Turkey
2-s2.0-0025748539,p53 mutation in hepatocellular carcinoma after aflatoxin exposure,10.1016/0140-6736(91)92236-U,1991,Lancet,Israel; Turkey; United States
2-s2.0-0025828914,Congenital Lumbar (Grynfelt-Lesshaft) Hernia,10.1055/s-2008-1042471,1991,European Journal of Pediatric Surgery,Israel; Turkey
2-s2.0-0000103433,A review of the Levantine Basin circulation and its variability during 1985-1988,10.1016/0377-0265(91)90027-D,1991,Dynamics of Atmospheres and Oceans,Israel; Turkey
2-s2.0-0026344541,"Idiometric assay, the third way: A noncompetitive immunoassay for small molecules",10.1016/S0002-9378(11)90565-1,1991,American Journal of Obstetrics and Gynecology,Israel; Turkey; United Kingdom
2-s2.0-0025921849,Man-made garbage pollution on the Mediterranean coastline,10.1016/0025-326X(91)90713-3,1991,Marine Pollution Bulletin,Greece; Israel; Turkey
2-s2.0-0000352574,Transition-state switchings for single potential well ionic dissociations,10.1021/j100176a049,1991,Journal of Physical Chemistry,Israel; Turkey
2-s2.0-0026322068,Localization of an ataxia-telangiectasia locus to a 3-cM interval on chromosome 11q23: Linkage analysis of 111 families by an international consortium,,1991,American Journal of Human Genetics,Israel; Turkey; United States
2-s2.0-0026475766,"Dolomitization, time boundaries and unconformities: examples from the dolostone of the Taurus mesozoic sequence, south-central Turkey",10.1016/0037-0738(92)90079-7,1992,Sedimentary Geology,Israel; Turkey
2-s2.0-51249162647,Guide for use of admixtures in concrete,10.1007/BF02472213,1992,Materials and Structures,France; Israel; Turkey
2-s2.0-0027652516,Optical-coordinate transformation methods and optical-interconnection architectures,10.1364/AO.32.005119,1993,Applied Optics,Israel; Turkey
2-s2.0-0027641018,Fourier transforms of fractional order and their optical interpretation,10.1016/0030-4018(93)90359-D,1993,Optics Communications,Israel; Turkey
2-s2.0-0027550173,Multistage optical interconnection architectures with the least possible growth of system size,10.1364/OL.18.000296,1993,Optics Letters,Israel; Turkey
2-s2.0-0027652515,Fractional fourier transforms and their optical implementation: I,10.1364/JOSAA.10.001875,1993,Journal of the Optical Society of America A Optics and Image Science and Vision,Israel; Turkey
2-s2.0-0027740848,Fractional fourier transforms and their optical implementation. ii,10.1364/JOSAA.10.002522,1993,Journal of the Optical Society of America A Optics and Image Science and Vision,Israel; Turkey
2-s2.0-33747722913,Fourier Transforms of Fractional Order and their Optical Interpretation,,1993,Optics Infobase Conference Papers,Israel; Turkey
2-s2.0-0028539945,Chirp filtering in the fractional Fourier domain,10.1364/AO.33.007599,1994,Applied Optics,Germany; Israel; Turkey
2-s2.0-0028546549,Fractional Fourier transform as a tool for analyzing beam propagation and spherical mirror resonators,10.1364/OL.19.001678,1994,Optics Letters,Israel; Turkey
2-s2.0-0028517376,Measurement of the deuteron polarization in a large target,10.1016/0168-9002(94)91197-5,1994,Nuclear Inst and Methods in Physics Research A,Israel; Spain; Turkey
2-s2.0-0028509784,"Graded-index fibers, wigner-distribution functions, and the fractional fourier transform",10.1364/AO.33.006188,1994,Applied Optics,Israel; Turkey
2-s2.0-0028199265,Self Fourier functions and fractional Fourier transforms,10.1016/0030-4018(94)90289-5,1994,Optics Communications,Israel; Turkey
2-s2.0-0028382656,"Convolution, filtering, and multiplexing in fractional fourier domains and their relation to chirp and wavelet transforms",10.1364/JOSAA.11.000547,1994,Journal of the Optical Society of America A Optics and Image Science and Vision,Israel; Turkey
2-s2.0-0002570968,Convolution and Filtering in Fractional Fourier Domains,10.1007/s10043-994-0015-5,1994,Optical Review,Israel; Turkey
2-s2.0-0028567863,Genetic haplotyping of ataxia-telangiectasia families localizes the major gene to an ∼ 850 kb region on chromosome 11q23.1,10.1080/09553009414551861,1994,International Journal of Radiation Biology,Israel; Turkey; United States
2-s2.0-0028991439,Kinetic analysis of light induced proton dissociation and association of bacteriorhodopsin in purple membrane fragments under continuous illumination,10.1016/0376-7388(95)00012-2,1995,Journal of Membrane Science,Israel; Turkey
2-s2.0-0029343915,Compact optical temporal processors,10.1364/AO.34.004113,1995,Applied Optics,Israel; Turkey
2-s2.0-84951384844,Global AIDS Focus,10.1080/09540129550126759,1995,AIDS Care,Israel; Turkey; United Kingdom
2-s2.0-0028913001,Evaluation of a New Rate Adaptive Ventricular Pacemaker Controlled by Double Sensors,10.1111/j.1540-8159.1995.tb02536.x,1995,Pacing and Clinical Electrophysiology,Israel; Turkey
2-s2.0-0000370279,New signal representation based on the fractional fourier transform: Definitions,10.1364/JOSAA.12.002424,1995,Journal of the Optical Society of America A Optics and Image Science and Vision,Israel; Turkey
2-s2.0-0001220585,"Structures, energetics, and reactions of proton-bound hydrazine clusters",10.1021/j100006a021,1995,Journal of Physical Chemistry,Israel; Turkey
2-s2.0-0010889453,Conjugate quasiconvex nonnegative functions,10.1080/02331939508844124,1995,Optimization,Israel; Turkey
2-s2.0-84974450467,Dual problems of quasiconvex maximisation,10.1017/S0004972700013964,1995,Bulletin of the Australian Mathematical Society,Israel; Turkey
2-s2.0-0029292376,Fractional fourier optics,10.1364/JOSAA.12.000743,1995,Journal of the Optical Society of America A Optics and Image Science and Vision,Israel; Turkey
2-s2.0-0029230951,Fractional correlation,10.1364/AO.34.000303,1995,Applied Optics,Israel; Turkey
2-s2.0-0029276221,Fractional Fourier transform: Simulations and experimental results,10.1364/AO.34.001329,1995,Applied Optics,Israel; Turkey
2-s2.0-84975542033,Anamorphic fractional Fourier transform: Optical implementation and applications,10.1364/AO.34.007451,1995,Applied Optics,Israel; Turkey
2-s2.0-0029057336,A single ataxia telangiectasia gene with a product similar to PI-3 kinase,10.1126/science.7792600,1995,Science,Israel; Turkey
2-s2.0-0029014436,Localization of an ataxia-telangiectasia gene to an ∼500-kb interval on chromosome 11q23.1: Linkage analysis of 176 families by an international consortium,,1995,American Journal of Human Genetics,Israel; Turkey; United States
2-s2.0-84887329634,Applications of the fractional fourier transform in optics and signal processing-a review,,1996,Proceedings of SPIE the International Society for Optical Engineering,Israel; Turkey
2-s2.0-0038584838,Every Fourier optical system is equivalent to consecutive fractional-Fourier-domain filtering,10.1364/AO.35.003167,1996,Applied Optics,Israel; Turkey
2-s2.0-0030126889,Synthesis of mutual intensity distributions using the fractional Fourier transform,10.1016/0030-4018(95)00768-7,1996,Optics Communications,Israel; Turkey
2-s2.0-0029866760,Ovarian tumors of low malignant potential: Correlation of DNA index and S-phase fraction with histopathologic grade and clinical outcome,10.1002/(SICI)1097-0142(19960415)77:8<1494::AID-CNCR11>3.0.CO;2-V,1996,Cancer,Israel; Turkey; United States
2-s2.0-13344269672,Predominance of null mutations in ataxia-telangiectasia,10.1093/hmg/5.4.433,1996,Human Molecular Genetics,Israel; Turkey
2-s2.0-13544254688,Large enhancement of deuteron polarization with frequency modulated microwaves,10.1016/0168-9002(95)01376-8,1996,Nuclear Instruments and Methods in Physics Research Section A Accelerators Spectrometers Detectors and Associated Equipment,Israel; Spain; Turkey
2-s2.0-0002308514,Polarisation of valence and non-strange sea quarks in the nucleon from semi-inclusive spin asymmetries,10.1016/0370-2693(95)01584-1,1996,Physics Letters Section B Nuclear Elementary Particle and High Energy Physics,Israel; Spain; Turkey
2-s2.0-0010794415,Within-plant distribution of thrips and their predators: Effects of cotton variety and developmental stage,10.1017/s0007485300039158,1996,Bulletin of Entomological Research,Israel; Turkey
2-s2.0-0001087787,Propagation of mutual intensity expressed in terms of the fractional Fourier transform,10.1364/JOSAA.13.001068,1996,Journal of the Optical Society of America A Optics and Image Science and Vision,Israel; Turkey
2-s2.0-0011607402,Degenerate elliptic boundary value problems,10.1080/00036819608840424,1996,International Journal of Phytoremediation,Israel; Turkey
2-s2.0-0029728762,The stable isotope composition of waters of the eastern Mediterranean Sea,10.1029/95JC02829,1996,Journal of Geophysical Research Oceans,Israel; Turkey
2-s2.0-21444433753,Infinite products of finite simple groups,10.1090/s0002-9947-96-01746-1,1996,Transactions of the American Mathematical Society,Israel; Turkey; United Kingdom
2-s2.0-0031341209,The chorus experiment to search for νμ → ντ oscillation,10.1016/S0168-9002(97)00931-5,1997,Nuclear Instruments and Methods in Physics Research Section A Accelerators Spectrometers Detectors and Associated Equipment,Israel; Turkey
2-s2.0-0030706696,Joint source-channel coding and guessing,10.1109/ISIT.1997.613077,1997,IEEE International Symposium on Information Theory Proceedings,Israel; Turkey
2-s2.0-4243720198,The spin-dependent structure function g1(x) of the proton from polarized deep-inelastic muon scattering,10.1016/S0370-2693(97)01106-4,1997,Physics Letters Section B Nuclear Elementary Particle and High Energy Physics,Israel; Spain; Turkey
2-s2.0-0041163081,A line-shape analysis for spin-1 NMR signals,10.1016/S0168-9002(97)00317-3,1997,Nuclear Instruments and Methods in Physics Research Section A Accelerators Spectrometers Detectors and Associated Equipment,Israel; Netherlands; Turkey; United States
2-s2.0-0030922785,The STR252 - IVS10nt546 - VNTR7 phenylalanine hydroxylase minihaplotype in five mediterranean samples,10.1007/s004390050515,1997,Human Genetics,Israel; Italy; Turkey
2-s2.0-0000430133,Insertion of amines and alcohols into proton-bound dimers. A density functional study,10.1021/jp963308e,1997,Journal of Physical Chemistry A,Israel; Turkey
2-s2.0-0001695931,The spin-dependent structure function g1(x) of the deuteron from polarized deep-inelastic muon scattering: Spin Muon Collaboration (SMC),10.1016/S0370-2693(97)00159-7,1997,Physics Letters Section B Nuclear Elementary Particle and High Energy Physics,Israel; Turkey; United States
2-s2.0-0031080503,Similarities and differences of the spheroidal microstructure in Vertisols from Turkey and Israel,10.1016/S0341-8162(96)00044-6,1997,Catena,Israel; Turkey
2-s2.0-0030869465,Primary antiphospholipid syndrome emerging following thymectomy for myasthenia gravis: Additional evidence for the kaleidoscope of autoimmunity,10.1177/096120339700600511,1997,Lupus,Israel; Turkey
2-s2.0-0007453879,"Banded karyotypes of mole rats (Spalax, Spalacidae, Rodentia) from Turkey: A comparative analysis",10.1111/j.1439-0469.1997.tb00421.x,1997,Journal of Zoological Systematics and Evolutionary Research,Israel; Turkey
2-s2.0-0030751382,Induction of long-term glycemic control in newly diagnosed type 2 diabetic patients by transient intensive insulin treatment,10.2337/diacare.20.9.1353,1997,Diabetes Care,Israel; Turkey
2-s2.0-0030820243,Genetic diversity in Pinus brutia TEN.: Altitudinal variation,,1997,Silvae Genetica,Israel; Turkey
2-s2.0-0031179147,"Performance of Naked Neck and Normal Broilers in Hot, Warm, and Temperate Climates",10.1093/ps/76.7.930,1997,Poultry Science,Israel; Turkey
2-s2.0-0030874455,Genetic differentiation among and within natural and planted Cupressus sempervirens L. Eastern Mediterranean populations,,1997,Silvae Genetica,Israel; Turkey
2-s2.0-0031181116,Comparative Evaluation of Three Commercial Broiler Stocks in Hot Versus Temperate Climates,10.1093/ps/76.7.921,1997,Poultry Science,Israel; Turkey
2-s2.0-0001049254,"Structures and energetics of proton-bound formic acid-water clusters, (HCOOH)n(H2O)H+",10.1016/s0168-1176(96)04529-6,1997,International Journal of Mass Spectrometry and Ion Processes,Israel; Turkey
2-s2.0-0030899309,Cost-minimisation analysis of sequential treatment with ofloxacin or ciprofloxacin in hospitalised patients,10.2165/00019053-199711040-00007,1997,Pharmacoeconomics,France; Israel; Turkey
2-s2.0-0030714424,Beam smoothing and temporal effects: Optimized preparation of laser beams for direct-drive inertial confinement fusion,10.1017/s0263034600010594,1997,Laser and Particle Beams,Australia; Israel; Turkey
2-s2.0-0343148570,Spin structure of the proton from polarized inclusive deep-inelastic muon-proton scattering,10.1103/PhysRevD.56.5330,1997,Physical Review D Particles Fields Gravitation and Cosmology,Israel; Turkey; United States
2-s2.0-0030754623,Geographic distribution and regional origin of 272 cystic fibrosis mutations in European populations,10.1002/(SICI)1098-1004(1997)10:2<135::AID-HUMU6>3.0.CO;2-J,1997,Human Mutation,Israel; Spain; Turkey
2-s2.0-0032295386,Measurement of proton and nitrogen polarization in ammonia and a test of equal spin temperature the Spin Muon Collaboration,10.1016/S0168-9002(98)00916-4,1998,Nuclear Instruments and Methods in Physics Research Section A Accelerators Spectrometers Detectors and Associated Equipment,Israel; Spain; Turkey
2-s2.0-84890321610,The Shannon cipher system with a guessing wiretapper,10.1109/ISIT.1998.708668,1998,IEEE International Symposium on Information Theory Proceedings,Israel; Turkey
2-s2.0-0032026457,Puise-by-pulse reoptimization of the synthesis filter in pulse-based coders,10.1109/89.661477,1998,IEEE Transactions on Speech and Audio Processing,Israel; Palestine; Turkey
2-s2.0-0032072149,Guessing subject to distortion,10.1109/18.669158,1998,IEEE Transactions on Information Theory,Israel; Turkey
2-s2.0-0542373834,Next-to-leading order QCD analysis of the spin structure function g1,10.1103/PhysRevD.58.112002,1998,Physical Review D Particles Fields Gravitation and Cosmology,Israel; Spain; Turkey
2-s2.0-0542421341,Spin asymmetries A1 and structure functions g1 of the proton and the deuteron from polarized high energy muon scattering,10.1103/PhysRevD.58.112001,1998,Physical Review D Particles Fields Gravitation and Cosmology,Israel; Spain; Turkey
2-s2.0-0348203695,Observation of neutrino induced diffractive Ds*+ production and subsequent decay Ds*+ → Ds+ → τ+ → μ+,10.1016/S0370-2693(98)00914-9,1998,Physics Letters Section B Nuclear Elementary Particle and High Energy Physics,Belgium; Israel; Turkey
2-s2.0-0346855254,Search for vμ → vτ oscillation using the τ decay modes into a single charged particle,10.1016/s0370-2693(98)00781-3,1998,Physics Letters Section B Nuclear Elementary Particle and High Energy Physics,Israel; Turkey
2-s2.0-0000542897,"Modeling proton-bound methanol, ammonia, and amine complexes of 12-crown-4-ether and dimethoxyethane (""glyme"") using density functional theory",10.1021/jp981724o,1998,Journal of Physical Chemistry A,Israel; Turkey
2-s2.0-0031977279,Assessment of pyrin gene mutations in Turks with familial Mediterranean fever (FMF),10.1002/(SICI)1098-1004(1998)11:6<456::AID-HUMU6>3.0.CO;2-G,1998,Human Mutation,Israel; Turkey; United States
2-s2.0-0345870286,A search for νμ → ντ oscillation,10.1016/S0370-2693(98)00081-1,1998,Physics Letters Section B Nuclear Elementary Particle and High Energy Physics,Israel; Turkey
2-s2.0-0346459575,Polarised quark distributions in the nucleon from semi-inclusive spin asymmetries,10.1016/S0370-2693(97)01546-3,1998,Physics Letters Section B Nuclear Elementary Particle and High Energy Physics,Israel; Spain; Turkey
2-s2.0-0031883808,Species-specific detection of Leishmania in sandflies using an enzyme-linked immunosorbent assay,10.1016/S0035-9203(98)90946-4,1998,Transactions of the Royal Society of Tropical Medicine and Hygiene,Israel; Turkey
2-s2.0-0344404190,At least six different mutations in HEXA gene cause Tay-Sachs disease among the Turkish population,10.1006/mgme.1998.2742,1998,Molecular Genetics and Metabolism,Israel; Turkey
2-s2.0-0032200566,Bacterial adherence to bleached surfaces of composite resin in vitro,10.1016/S1079-2104(98)90350-X,1998,Oral Surgery Oral Medicine Oral Pathology Oral Radiology and Endodontics,Israel; Turkey
2-s2.0-0031611465,"Identification of ATM mutations using extended RT-PCR and restriction endonuclease fingerprinting, and elucidation of the repertoire of A-T mutations in Israel",10.1002/(SICI)1098-1004(1998)11:1<69::AID-HUMU11>3.0.CO;2-X,1998,Human Mutation,Israel; Turkey
2-s2.0-0031857486,Preliminary technique of laparoscopic extraperitoneal infrarenal paraaortic lymphadenectomy in the porcine model,10.1016/S1074-3804(98)80033-9,1998,Journal of the American Association of Gynecologic Laparoscopists,Israel; Turkey; United States
2-s2.0-0032239781,Mobilization of intracellular calcium by intracellular flash photolysis of caged dihydrosphingosine in cultured neonatal rat sensory neurones,10.18388/abp.1998_4227,1998,Acta Biochimica Polonica,Israel; Turkey; United Kingdom
2-s2.0-0031700118,Amyloidosis in familial mediterranean fever is associated with a specific ancestral haplotype in the MEFV locus,10.1006/mgme.1998.2757,1998,Molecular Genetics and Metabolism,Israel; Turkey
2-s2.0-7844242240,Update on oral lichen planus: Etiopathogenesis and management,10.1177/10454411980090010501,1998,Critical Reviews in Oral Biology and Medicine,Israel; Switzerland; Turkey; United Kingdom
2-s2.0-77957719167,Introduction to the Fractional Fourier Transform and Its Applications,10.1016/S1076-5670(08)70272-6,1999,Advances in Imaging and Electron Physics,Israel; Turkey
2-s2.0-0033185015,The shannon cipher system with a guessing wiretapper,10.1109/18.782106,1999,IEEE Transactions on Information Theory,Israel; Turkey
2-s2.0-0032648862,Hierarchical guessing with a fidelity criterion,10.1109/18.746836,1999,IEEE Transactions on Information Theory,Israel; Turkey; United States
2-s2.0-0344199857,Separation of groundwater-flow components in a karstified aquifer using environmental tracers,10.1016/S0883-2927(99)00012-8,1999,Applied Geochemistry,Israel; Turkey
2-s2.0-18044394844,Spin asymmetries A1 of the proton and the deuteron in the low x and low Q2 region from polarized high energy muon scattering,10.1103/PhysRevD.60.072004,1999,Physical Review D Particles Fields Gravitation and Cosmology,Israel; Spain; Turkey
2-s2.0-0032759672,The role of atmospheric deposition in the biogeochemistry of the Mediterranean Sea,10.1016/S0079-6611(99)00024-5,1999,Progress in Oceanography,Israel; Italy; Turkey
2-s2.0-0032882882,CT and MR imaging of contact lenses and intraocular lens implants,10.1016/S0895-6111(99)00018-X,1999,Computerized Medical Imaging and Graphics,Israel; Turkey
2-s2.0-0345493754,Alcohol intake and sexually transmitted diseases,10.1016/S0738-081X(99)00035-8,1999,Clinics in Dermatology,Israel; Turkey
2-s2.0-0344199952,Alcohol ingestion and the cutaneous vasculature,10.1016/S0738-081X(99)00023-1,1999,Clinics in Dermatology,Israel; Turkey
2-s2.0-0033509899,The Eastern Mediterranean in the 80s and in the 90s: The big transition in the intermediate and deep circulations,10.1016/S0377-0265(99)00011-1,1999,Dynamics of Atmospheres and Oceans,Israel; Turkey
2-s2.0-10444242552,Outdoor testing of agricultural cladding materials,10.17660/ActaHortic.1999.491.8,1999,Acta Horticulturae,Israel; Turkey
2-s2.0-0033397335,"Regulation of the parathyroid hormone gene by vitamin D, calcium and phosphate",10.1046/j.1523-1755.1999.07310.x,1999,Kidney International Supplement,Israel; Turkey
2-s2.0-0032949722,Role of endothelin in obstructive jaundice,10.1023/A:1026614803584,1999,Digestive Diseases and Sciences,Israel; Turkey
2-s2.0-0033209469,Season by genotype interaction related to broiler growth rate and heat tolerance,10.1093/ps/78.10.1353,1999,Poultry Science,Israel; Turkey
2-s2.0-0033212532,Genetic analysis of cow survival in the Israeli dairy cattle population,10.3168/jds.S0022-0302(99)75461-5,1999,Journal of Dairy Science,Israel; Turkey
2-s2.0-0013064892,"A methodology for solving single-model, stochastic assembly line balancing problem",10.1016/S0305-0483(99)00016-X,1999,Omega,Israel; Turkey; United States
2-s2.0-0032929738,Phenotype-genotype correlation in familial Mediterranean fever: Evidence for an association between Met694Val and amyloidosis,10.1038/sj.ejhg.5200303,1999,European Journal of Human Genetics,Israel; Turkey
2-s2.0-0033238059,Familial aggregation in Behcet's disease: High frequency in siblings and parents of pediatric probands,10.1016/S0022-3476(99)70333-1,1999,Journal of Pediatrics,France; Israel; Turkey
2-s2.0-2442604236,Beam matter interaction physics for fast ignitors,10.1016/S0920-3796(98)00277-4,1999,Fusion Engineering and Design,Australia; Israel; Turkey
2-s2.0-0000654404,Cruise AVI-II 93: Preliminary data from the Iskenderun Bay (Turkey),10.1007/BF03001623,1994,Rendiconti Lincei,Israel; Turkey; Türkiye
2-s2.0-0029389506,Optical implementation of the two-dimensional fractional Fourier transform with different orders in the two dimensions,10.1016/0030-4018(95)00438-E,1995,Optics Communications,Israel; Turkey; Türkiye
2-s2.0-0029052832,More on hepatitis c virus and behçet's syndrome,10.1056/NEJM199508033330517,1995,New England Journal of Medicine,Israel; Türkiye
2-s2.0-0031104438,Design of dynamically adjustable anamorphic fractional Fourier transformer,10.1016/S0030-4018(96)00613-X,1997,Optics Communications,Israel; Turkey; Türkiye
2-s2.0-0000239375,Optimization of binary circular filters,10.1117/1.601258,1997,Optical Engineering,Israel; Türkiye
2-s2.0-0000320601,Optical implementations of two-dimensional fractional fourier transforms and linear canonical transforms with arbitrary parameters,10.1364/AO.37.002130,1998,Applied Optics,Israel; Turkey; Türkiye; United States
2-s2.0-0030755074,Definitive evidence for an autosomal recessive form of hypohidrotic ectodermal dysplasia clinically indistinguishable from the more common X- linked disorder,10.1086/513905,1997,American Journal of Human Genetics,Israel; United Arab Emirates; United States
2-s2.0-0031331858,Application of dynamic supply current monitoring to testing mixed-signal circuits,10.1155/1997/47423,1997,VLSI Design,Canada; Israel; United Arab Emirates; United Kingdom
2-s2.0-0032835805,Atrichia with papular lesions resulting from a nonsense mutation within the human hairless gene,10.1046/j.1523-1747.1999.00723.x,1999,Journal of Investigative Dermatology,Israel; United Arab Emirates
2-s2.0-0003019661,New uranyl(VI) complexes with hydrazones derived from aliphatic and aromatic acid hydrazides containing dihydroxo bridges,10.1007/BF01032228,1990,Transition Metal Chemistry,Algeria; Egypt
2-s2.0-0041039430,Synthesis of new metal complexes derived from cyanoacetylhydrazone (sch) and its derivatives with some transition metal ions in isopropanol and tert-butanol.(iv),10.1080/00945719008048136,1990,Synthesis and Reactivity in Inorganic and Metal Organic Chemistry,Algeria; Egypt
2-s2.0-0010622039,Dioxouranium(VI) complexes of aliphatic (mono- and di-) hydrazone-oximes,10.1007/BF01127864,1991,Transition Metal Chemistry,Algeria; Egypt
2-s2.0-44949281209,"Synthesis and spectroscopic studies of some Ni(II) complexes derived from 2,2-dihydroxy-1,1-binaphthyl and its derivatives-II",10.1016/0584-8539(91)80263-i,1991,Spectrochimica Acta Part A Molecular Spectroscopy,Algeria; Egypt
2-s2.0-0026955278,Slender reinforced concrete flanged beams: Experimental work,10.1680/istbu.1992.21507,1992,Proceedings of the Institution of Civil Engineers Structures and Buildings,Algeria; Egypt; United Kingdom
2-s2.0-0026793969,"A minority of 46,XX true hermaphrodites are positive for the Y-DNA sequence including SRY",10.1007/BF00210754,1992,Human Genetics,Algeria; Egypt; France
2-s2.0-0027100637,Very-broad-band seismology in Northern Africa under the MedNet project,10.1016/0040-1951(92)90004-P,1992,Tectonophysics,Algeria; Egypt; Italy; Morocco; Tunisia
2-s2.0-0028416430,Solutions of the laminar boundary layer equations for a conducting power law non-Newtonian fluid in a transverse magnetic field,10.1088/0022-3727/27/4/011,1994,Journal of Physics D Applied Physics,Algeria; Egypt
2-s2.0-0028874108,Distribution of ATPase activity at the host-pathogen interfaces of rust infections,10.1006/pmpp.1995.1043,1995,Physiological and Molecular Plant Pathology,Algeria; Egypt; United Kingdom
2-s2.0-0030850321,Behaviour of 14C-malathion in North African soils,10.1039/a702238g,1997,Analyst,Algeria; Egypt
2-s2.0-0032147447,The effect of asphaltene precipitation on carbonate-rock permeability: an experimental and numerical approach,10.2118/50963-PA,1998,SPE Production and Facilities,Algeria; Egypt; United Arab Emirates
2-s2.0-0025462389,Aerodynamics of cooling jets introduced in the secondary flow of a low-speed turbine cascade,10.1115/1.2927692,1990,Journal of Turbomachinery,Algeria; France; Iran
2-s2.0-0030525820,X-ray powder diffraction data for 1-adamantanol,10.1017/S0885715600008848,1996,Powder Diffraction,Algeria; Jordan
2-s2.0-0032615939,Characterization and analysis of antibiotic activity of some aquatic actinomycetes,,1999,Microbios,Algeria; Jordan
2-s2.0-0033359288,Experimental investigation of contraction in single- and two-phase flow through sharp-edged short orifice,10.1007/PL00010845,1999,Forschung Im Ingenieurwesen Engineering Research,Algeria; Germany; Jordan
2-s2.0-0031124517,CAD tools for bridging microsystems and foundries,10.1109/54.587739,1997,IEEE Design and Test of Computers,Algeria; France; Lebanon
2-s2.0-0031684133,Study of a new extraction process: Controlled instantaneous decompression. Application to the extraction of essential oil from rosemary leaves,10.1002/(SICI)1099-1026(1998070)13:4<251::AID-FFJ747>3.0.CO;2-Q,1998,Flavour and Fragrance Journal,Algeria; France; Lebanon
2-s2.0-0031624431,De la nécessité d'une fine couche de nickel pour obtenir des couches minces de MoSe2 photoconductrices,10.1051/epjap:1998215,1998,EPJ Applied Physics,Algeria; France; Lebanon
2-s2.0-0032682618,Use of artificial neural networks in nonlinear microwave devices and circuits modeling: An application to telecommunication system design,10.1002/(SICI)1099-047X(199905)9:3<198::AID-MMCE6>3.0.CO;2-A,1999,International Journal of RF and Microwave Computer Aided Engineering,Algeria; France; Lebanon
2-s2.0-0032637186,Accurate wavelet neural-network-based model for electromagnetic optimization of microwave circuits,10.1002/(SICI)1099-047X(199905)9:3<297::AID-MMCE13>3.0.CO;2-W,1999,International Journal of RF and Microwave Computer Aided Engineering,Algeria; France; Lebanon
2-s2.0-44049124447,Spectroscopic studies of diacetylmonoxime semi- and thiosemicarbazones,10.1016/0584-8539(92)80033-s,1992,Spectrochimica Acta Part A Molecular Spectroscopy,Algeria; Libya
2-s2.0-0026833107,Preparation of perfluorinated ion exchange membranes and their application in acid recovery,10.1016/0376-7388(92)80029-J,1992,Journal of Membrane Science,Algeria; Morocco
2-s2.0-0012080454,Réactions De P‐Phényl C‐Amino Alkylidenephosphines Avec Les Diazocomposes,10.1002/bscb.19931021106,1993,Bulletin Des Societes Chimiques Belges,Algeria; France; Morocco
2-s2.0-0028354947,Linkage analysis of families with severe childhood autosomal recessive muscular dystrophy in Morocco indicates genetic homogeneity of the disease in North Africa,10.1136/jmg.31.4.342,1994,Journal of Medical Genetics,Algeria; Morocco
2-s2.0-0000303910,Identification of a new race in pyrenophora tritici-repentis: Implications for the current pathotype classification system,10.1080/07060669509500668,1995,Canadian Journal of Plant Pathology,Algeria; Canada; Morocco
2-s2.0-0029138595,"Transfer of H2SO4, Na2SO4 and ZnSO4 by dialysis through an anion exchange membrane",10.1016/0011-9164(95)00006-N,1995,Desalination,Algeria; Morocco
2-s2.0-0029584402,Predictive factors of severity of spondyloarthropathy in North Africa,10.1093/rheumatology/34.12.1139,1995,Rheumatology,Algeria; Morocco; Tunisia; United Kingdom
2-s2.0-84984930088,Primary adhalinopathy: A common cause of autosomal recessive muscular dystrophy of variable severity,10.1038/ng0695-243,1995,Nature Genetics,Algeria; France; Morocco
2-s2.0-0029319869,Linkage of the gene for cystinosis to markers on the short arm of chromosome 17,10.1038/ng0695-246,1995,Nature Genetics,Algeria; France; Morocco
2-s2.0-10544253082,Screening for proteins with polyglutamine expansions in autosomal dominant cerebellar ataxias,10.1093/hmg/5.12.1887,1996,Human Molecular Genetics,Algeria; France; Morocco
2-s2.0-0031007014,Allelic heterogeneity of mediterranean myoclonus and the cystatin B gene,10.1002/ana.410410520,1997,Annals of Neurology,Algeria; France; Morocco; Tunisia
2-s2.0-0031528794,Proof of Polyakov conjecture on supercomplex plane,10.1063/1.532103,1997,Journal of Mathematical Physics,Algeria; Morocco
2-s2.0-0031211119,Magnetic relaxation and collective creep in a grain aligned sample of YBa2Cu3O7-δ,10.1016/S0921-4534(97)01202-1,1997,Physica C Superconductivity and Its Applications,Algeria; France; Morocco
2-s2.0-0031207532,Influence of twins in the vortex pinning in YBaCuO single srystals,10.1016/S0921-4534(97)01060-5,1997,Physica C Superconductivity and Its Applications,Algeria; Morocco
2-s2.0-8244220324,Molecular and clinical correlations in spinocerebellar ataxia 2: A study of 32 families,10.1093/hmg/6.5.709,1997,Human Molecular Genetics,Algeria; France; Morocco; Tunisia
2-s2.0-0032320945,Raman and photoreflectance studies of electronic band bending at ZnSe/GaAs interfaces,10.1016/S0040-6090(98)01257-7,1998,Thin Solid Films,Algeria; France; Morocco
2-s2.0-0032296485,Optimization of fluoride removal from brackish water by electrodialysis,10.1016/S0011-9164(98)00223-9,1998,Desalination,Algeria; Morocco
2-s2.0-0032428441,Structural evolution of the Maghreb Atlasic domains during Mesozoic and Cenozoic times. The role of inherited structures during the deformation of the North African margin,,1998,Bulletin De La Societe Geologique De France,Algeria; France; Morocco; Tunisia
2-s2.0-0039390638,Canine Leishmaniasis due to Leishmania infantum: Interest and realisation of the latex test. Ecoepidemiological applications,,1998,Bulletin De La Societe De Pathologie Exotique,Algeria; France; Morocco
2-s2.0-0348232933,Magnetic properties and thermal expansion of DyBa2Cu3O7-δ,10.1016/S0925-8388(98)00398-3,1998,Journal of Alloys and Compounds,Algeria; Morocco
2-s2.0-0032047299,"Application of chemical geothermometers to thermal springs of the Maghreb, North Africa",10.1016/S0375-6505(97)10011-6,1998,Geothermics,Algeria; Morocco; Tunisia
2-s2.0-0000989164,Regeneration of hydrochloric acid and sodium hydroxide with bipolar membrane electrodialysis from pure sodium chloride,10.1039/a708753e,1998,New Journal of Chemistry,Algeria; Morocco
2-s2.0-0032053182,The Maghreb indenter: structural and chemical data,10.1016/S1251-8050(98)80209-7,1998,Comptes Rendus De L Academie De Sciences Serie Iia Sciences De La Terre Et Des Planetes,Algeria; France; Morocco
2-s2.0-6844254538,Molecular and clinical correlations in autosomal dominant cerebellar ataxia with progressive macular dystrophy (SCA7),10.1093/hmg/7.2.165,1998,Human Molecular Genetics,Algeria; France; Morocco; Tunisia
2-s2.0-17344372332,A PCR amplification method reveals instability of the dodecamer repeat in progressive myoclonus epilepsy (EPM1) and no correlation between the size of the repeat and age at onset,10.1086/301798,1998,American Journal of Human Genetics,Algeria; Morocco; Switzerland; Tunisia
2-s2.0-0032943086,Linkage disequilibrium at the SCA2 locus,,1999,Journal of Medical Genetics,Algeria; France; Morocco; Tunisia
2-s2.0-0032771609,An electrochemical study of the action of a poly(vinylpyridine) derivative as inhibitor for corrosion of iron in 1M H2SO4,10.1051/jcp:1999102,1999,Journal De Chimie Physique Et De Physico Chimie Biologique,Algeria; Morocco
2-s2.0-0032923421,Led-NPF-1 stimulates ovarian development in locusts,10.1016/S0196-9781(98)00152-1,1999,Peptides,Algeria; Belgium; Morocco
2-s2.0-0033554333,The autosomal recessive form of CMT disease linked to 5q31-q33,10.1111/j.1749-6632.1999.tb08608.x,1999,Annals of the New York Academy of Sciences,Algeria; France; Morocco
2-s2.0-0033554352,The autosomal recessive form of CMT disease linked to 5q31-q33,10.1111/j.1749-6632.1999.tb08567.x,1999,Annals of the New York Academy of Sciences,Algeria; France; Morocco
2-s2.0-0032923714,"Lamellar ichthyosis: Further narrowing, physical and expression mapping of the chromosome 2 candidate locus",10.1038/sj.ejhg.5200271,1999,European Journal of Human Genetics,Algeria; France; Morocco
2-s2.0-0033401987,"Multiple origins of the spinocerebellar ataxia 7 (SCA7) mutation revealed by linkage disequilibrium studies with closely flanking markers, including an intragenic polymorphism (G3145TG/A3145TG)",10.1038/sj.ejhg.5200392,1999,European Journal of Human Genetics,Algeria; Morocco
2-s2.0-0030125124,Matrix methods for pipe network analysis: Observations on partitioning and cut methods,,1996,Chemical Engineering Research and Design,Algeria; Oman
2-s2.0-0032769708,Flow characteristics inside a diffuser of complex shape,10.1243/0954406991522644,1999,Proceedings of the Institution of Mechanical Engineers Part C Journal of Mechanical Engineering,Algeria; Oman
2-s2.0-0032021470,Crystallization of AsxSe1 - x from the glassy state (0.005 < x < 0.03),10.1016/S0921-4526(97)00669-8,1998,Physica B Condensed Matter,Algeria; France; Palestine
2-s2.0-23544455134,Validity of the small-amplitude limit of the nuclear Born-Oppenheimer method,10.1016/0375-9474(94)90735-8,1994,Nuclear Physics Section A,Algeria; Saudi Arabia
2-s2.0-24244442364,Small-amplitude limit of the nuclear Born-Oppenheimer method,10.1103/PhysRevC.51.1777,1995,Physical Review C,Algeria; Saudi Arabia
2-s2.0-0009313799,Cathodoluminescence dependence upon irradiation time,10.1016/S0921-5107(96)01723-0,1996,Materials Science and Engineering B,Algeria; Saudi Arabia
2-s2.0-0030397219,Monte Carlo simulation of the EBIC grain boundary contrast in semiconductors,10.1016/S0921-5107(96)01703-5,1996,Materials Science and Engineering B,Algeria; Saudi Arabia
2-s2.0-0030580268,Construction of an exactly solvable model of the many-body problem,10.1016/0375-9474(96)00302-8,1996,Nuclear Physics A,Algeria; Saudi Arabia
2-s2.0-0030580266,Application of a solvable model to test the accuracy of the time-dependent Hartree - Fock method,10.1016/0375-9474(96)00301-6,1996,Nuclear Physics A,Algeria; Saudi Arabia
2-s2.0-0009472256,Filtering of light in randomly layered media,10.1016/S0375-9601(97)00603-8,1997,Physics Letters Section A General Atomic and Solid State Physics,Algeria; Italy; Saudi Arabia
2-s2.0-0031371914,Solution of a Two-Dimensional Diffusion Equation Using an Advanced Spreadsheet Program,10.1002/(SICI)1099-0542(1997)5:4<269::AID-CAE6>3.0.CO;2-B,1997,Computer Applications in Engineering Education,Algeria; Saudi Arabia; United States
2-s2.0-0347573980,Coulomb correlations in resonant tunneling,10.1142/S0217984998000962,1998,Modern Physics Letters B,Algeria; Italy; Saudi Arabia
2-s2.0-0346941070,Crossover between localization and delocalization in a random non-integer n-mer chain,10.1142/S0217984998000871,1998,Modern Physics Letters B,Algeria; Italy; Saudi Arabia
2-s2.0-0043054648,Amplification and disorder effects in a Kronig-Penney chain of active potentials,10.1088/0953-8984/10/11/005,1998,Journal of Physics Condensed Matter,Algeria; Italy; Saudi Arabia
2-s2.0-0032331014,Nonlinearity effect on a 1D periodic lattice,10.1002/(SICI)1521-3951(199802)205:2<511::AID-PSSB511>3.0.CO;2-D,1998,Physica Status Solidi B Basic Research,Algeria; Saudi Arabia
2-s2.0-0032306714,Cathodoluminescence dependence on beam generation conditions and surface properties of materials,10.4028/www.scientific.net/ssp.63-64.243,1998,Solid State Phenomena,Algeria; Saudi Arabia
2-s2.0-0033354806,Dynamic control for load balancing on parallel search tree,,1999,International Journal of Computers and Applications,Algeria; France; Saudi Arabia
2-s2.0-0042723877,Nonlinear interaction effect on the phase distribution in one-dimensional disordered lattices,10.1088/0953-8984/11/32/311,1999,Journal of Physics Condensed Matter,Algeria; Saudi Arabia
2-s2.0-0009506687,The effect of non-linearity on one-dimensional periodic and disordered lattices,10.1088/0953-8984/11/7/012,1999,Journal of Physics Condensed Matter,Algeria; Italy; Saudi Arabia
2-s2.0-0033329842,Use of a spreadsheet program in aerospace plane trajectory,10.1080/02286203.1999.11760421,1999,International Journal of Modelling and Simulation,Algeria; Saudi Arabia; United States
2-s2.0-0025249355,"High complete response in advanced nasopharyngeal carcinoma with bleomycin, epirubicin, and cisplatin before radiotherapy",10.1093/jnci/82.7.616,1990,Journal of the National Cancer Institute,Algeria; France; Tunisia
2-s2.0-0025053120,Nasopharyngeal carcinoma: A medical oncology viewpoint. The Gustave Roussy experience,10.1093/oxfordjournals.annonc.a057741,1990,Annals of Oncology,Algeria; France; Tunisia
2-s2.0-84984728985,An empirical study of software maintenance,10.1109/ICSM.1991.160306,1991,Proceedings Conference on Software Maintenance 1991,Algeria; Tunisia
2-s2.0-0025944663,SpαV/41: A common spectrin polymorphism at the αIV-αV domain junction: Relevance to the expression level of hereditary elliptocytosis due to α-spectrin variants located in trans,,1991,Journal of Clinical Investigation,Algeria; France; Tunisia
2-s2.0-0026669374,Alternating chemo-radiotherapy with cisplatin and 5-fluorouracil plus bleomycin by continuous infusion for locally advanced undifferentiated carcinoma nasopharyngeal type,10.1016/0959-8049(92)90005-M,1992,European Journal of Cancer,Algeria; Tunisia
2-s2.0-0026701049,Molecular analysis of the androgen receptor gene in 52 patients with complete or partial androgen insensitivity syndrome: A collaborative study,10.1159/000182282,1992,Hormone Research in Paediatrics,Algeria; France; Tunisia
2-s2.0-0028205588,Epstein‐barr virus genotypes in NPC biopsies from North Africa,10.1002/ijc.2910560403,1994,International Journal of Cancer,Algeria; France; Tunisia
2-s2.0-0029127267,Localization of the schwartz-jampel syndrome (SJS) locus to chromosome 1p34-p36.1 by homozygosity mapping,10.1093/hmg/4.9.1633,1995,Human Molecular Genetics,Algeria; Tunisia
2-s2.0-9344222191,"Recessive Schwartz-Jampel syndrome (SJS): Confirmation of linkage to chromosome 1p, evidence of genetic homogeneity and reduction of the SJS locus to a 3-cM interval",10.1007/s004390050225,1996,Human Genetics,Algeria; France; Tunisia; Turkey
2-s2.0-0031048925,Detoxification and recycling of wastewater by solar-catalytic treatment,10.1016/S0273-1223(97)00020-6,1997,Water Science and Technology,Algeria; Germany; Tunisia
2-s2.0-0031182489,Preliminary results on the properties of pillared clays by mixed Al-Cu solutions,10.1016/S0169-1317(97)00016-1,1997,Applied Clay Science,Algeria; France; Tunisia
2-s2.0-0013579017,HLA-B27 polymorphism and worldwide susceptibility to ankylosing spondylitis,10.1111/j.1399-0039.1997.tb02724.x,1997,Tissue Antigens,Algeria; Spain; Tunisia
2-s2.0-0031841343,Are the Triassic bodies of the « Monts du Mellègue »region (Algero-Tunisian border) diapirs or salt-glaciers?,,1998,Bulletin De La Societe Geologique De France,Algeria; France; Tunisia
2-s2.0-0342657726,"Palynostratigraphy of upper Cambrian-upper Ordovician intracratonic clastic sequences, North Africa",,1999,Bollettino Della Societa Paleontologica Italiana,Algeria; Australia; Germany; Tunisia
2-s2.0-0025898266,Development of Thermal Films for Greenhouse Applications Using Long Infrared Radiation Absorbers,10.1177/875608799100700105,1991,Journal of Plastic Film Sheeting,Algeria; Turkey
2-s2.0-0028767087,Desorption of residual monomer from PVC resins in a fluidized bed drier,10.1002/app.1994.070510618,1994,Journal of Applied Polymer Science,Algeria; Turkey
2-s2.0-0031106255,An automated system for analysis and interpretation of epileptiform activity in the EEG,10.1016/S0010-4825(96)00040-6,1997,Computers in Biology and Medicine,Algeria; United Arab Emirates
2-s2.0-0032070647,Neural Navigation Approach for Intelligent Autonomous Vehicles (IAV) in Partially Structured Environments,10.1023/A:1008216400353,1998,Applied Intelligence,Algeria; United Arab Emirates
2-s2.0-0031276063,Dependence of the glass transition temperature on the heating rate and structure of chalcogenide glasses,10.1016/S0167-577X(97)00078-5,1997,Materials Letters,Algeria; France; Yemen
2-s2.0-0025580395,Statistical modeling of selected aspects of the childbearing process with application to world fertility survey countries,10.1080/08898489009525306,1990,Mathematical Population Studies,Bahrain; Egypt
2-s2.0-0026818686,Turning process model for steady-state optimal control,10.1080/00207549208942901,1992,International Journal of Production Research,Bahrain; Egypt
2-s2.0-0027772031,Ciprofloxacin versus ceftriaxone in the treatment of multiresistant typhoid fever,10.1007/BF01992163,1993,European Journal of Clinical Microbiology Infectious Diseases,Bahrain; Egypt; United States
2-s2.0-34249760225,Transient development of axisymmetric surface waves,10.1007/BF00987220,1995,Meccanica,Bahrain; Egypt
2-s2.0-85072447070,A computer-aided system for evaluation of off-road wheeled vehicle mobility,10.4271/952120,1995,SAE Technical Papers,Bahrain; Egypt
2-s2.0-0346797796,Friction-induced vibrations of reciprocating contacts,10.1016/0301-679X(94)00015-I,1995,Tribology International,Bahrain; Egypt; Jordan; United Arab Emirates
2-s2.0-0030472048,Weighted estimates involving a function and its derivatives,10.1007/BF00050681,1996,Acta Mathematica Hungarica,Bahrain; Egypt
2-s2.0-0030815896,An objective method for the evaluation of off-road wheeled vehicle mobility,,1997,Heavy Vehicle Systems,Bahrain; Egypt
2-s2.0-11244325886,"Karyological comparison of water frog (rana cf. ridibunda) populations from bahrain, Eastern Saudi Arabia and Egypt",10.1080/09397140.1997.10637738,1997,Zoology in the Middle East,Bahrain; Egypt
2-s2.0-0032139102,Prediction of the Harmonic Distortion in Mosfet Gate Capacitors,10.1023/A:1008274528542,1998,Analog Integrated Circuits and Signal Processing,Bahrain; Egypt; Saudi Arabia; Sudan; United Kingdom
2-s2.0-0032050060,A Grounded-Resistor Current Conveyor-Based Active-R Multiphase Sinusoidal Oscillator,10.1023/A:1008265817455,1998,Analog Integrated Circuits and Signal Processing,Bahrain; Egypt; Saudi Arabia; Sudan; United Kingdom
2-s2.0-0032136734,New Universal Filter with One Input and Five Outputs Using Current-Feedback Amplifiers,10.1023/A:1008266223999,1998,Analog Integrated Circuits and Signal Processing,Bahrain; Egypt; Saudi Arabia; Sudan; United Kingdom
2-s2.0-0032049192,Improved Analysis for Distortion in Emitter-Driven Variable Gain Pairs,10.1023/A:1008274019272,1998,Analog Integrated Circuits and Signal Processing,Bahrain; Egypt; Saudi Arabia; Sudan; United Kingdom
2-s2.0-0032051154,Harmonnic and Intermodulation Performance of Op-Amp Power-Supply Current and the Dual Translinear Loop,10.1023/A:1008222002434,1998,Analog Integrated Circuits and Signal Processing,Bahrain; Egypt; Saudi Arabia; Sudan; United Kingdom
2-s2.0-0031101969,A Novel Modelling Technique for Tracing Mobile Users in a Cellular Mobile Communication System,10.1023/A:1008817029469,1997,Wireless Personal Communications,Australia; Bahrain; Iran
2-s2.0-0025463418,Kinetics of Ion Beam Induced Mixing in the Au/Si System,10.1002/pssa.2211200115,1990,Physica Status Solidi A,Bahrain; Jordan
2-s2.0-0013480501,Exposed and smooth points of some classes of operation in L(lp),10.1016/0022-1236(92)90120-8,1992,Journal of Functional Analysis,Bahrain; Jordan
2-s2.0-0026779588,Antimicrobial activity of Polygonum equisetiforme extracts and flavonoids,10.1002/ptr.2650060509,1992,Phytotherapy Research,Bahrain; Jordan
2-s2.0-0028397068,Effect of Composition of El-lajjun Oil Shale on Its Calorific Value,10.1520/jte12691j,1994,Journal of Testing and Evaluation,Bahrain; Jordan
2-s2.0-21844516153,Smooth points of vector valued function spaces,10.1216/rmjm/1181072414,1994,Rocky Mountain Journal of Mathematics,Bahrain; Jordan
2-s2.0-0029929060,Antimicrobial activity of extracts of herbal plants used in the traditional medicine of Bahrain,10.1002/(SICI)1099-1573(199605)10:3<251::AID-PTR808>3.0.CO;2-Q,1996,Phytotherapy Research,Bahrain; Jordan
2-s2.0-0039897957,Cyclic voltammetric studies of tetrakis(alkylisocyanide)bis-(trialkylphosphine)cobalt(III) complexes,10.1080/00958979608022709,1996,Journal of Coordination Chemistry,Bahrain; Jordan
2-s2.0-0027479265,The development of less hazardous eluent mixtures for the liquid chro- matographic separation of total polycyclic aromatic hydrocarbons in heavy hydrocarbon oil mixtures,10.1080/10826079308020966,1993,Journal of Liquid Chromatography,Bahrain; Kuwait
2-s2.0-29044440993,Proximinality and unicity in vector-valued function spaces,10.1080/01630569408816546,1994,Numerical Functional Analysis and Optimization,Bahrain; Kuwait
2-s2.0-0030220606,"Physical properties of soils contaminated by oil lakes, Kuwait",,1996,Journal of Environmental Science and Health Part A Toxic Hazardous Substances and Environmental Engineering,Bahrain; Kuwait
2-s2.0-0029768967,Drag-an excel visual basic program for modeling fault drag using cubic splines and calculation of minimum DIP and strike separation,10.1016/0098-3004(95)00120-4,1996,Computers and Geosciences,Bahrain; Kuwait
2-s2.0-0032433887,Land degradation factors in arid irrigated areas: the case of Wafra in Kuwait,10.1002/(SICI)1099-145X(199807/08)9:4<283::AID-LDR291>3.0.CO;2-W,1998,Land Degradation and Development,Bahrain; Kuwait
2-s2.0-0032287147,"Stratigraphy of the Dammam Formation in Umm-Gudair area, Kuwait",10.3406/geolm.1998.1616,1998,Geologie Mediterraneenne,Bahrain; Kuwait
2-s2.0-0032006617,"Physical properties as indicators of oil penetration in soils contaminated with oil lakes in the Greater Burgan oil fields, Kuwait",10.1023/A:1004937723003,1998,Water Air and Soil Pollution,Bahrain; Kuwait
2-s2.0-0028012510,UV-visile absorption and fluorescence characteristics of the luminescent label coumarin-6-sulphonyl chloride in homogeneous and micellar solutions,10.1016/0003-2670(94)80072-3,1994,Analytica Chimica Acta,Bahrain; Oman; United Arab Emirates
2-s2.0-0031076525,The cross product of interconnection networks,10.1109/71.577251,1997,IEEE Transactions on Parallel and Distributed Systems,Bahrain; Oman; United States
2-s2.0-0033370070,Efficacy of GM-CSF in the management of chronic mucocutaneous candidiasis,10.3109/09546639909056048,1999,Journal of Dermatological Treatment,Bahrain; Oman
2-s2.0-0025507157,Wind and solar energy in Qatar,10.1016/0360-5442(90)90075-D,1990,Energy,Bahrain; Qatar
2-s2.0-0025448387,Digitally Programmable Active-R Square Wave Generator,10.1109/19.106286,1990,IEEE Transactions on Instrumentation and Measurement,Bahrain; Saudi Arabia
2-s2.0-0025310081,Chemical and amino acid composition of four traditional foods consumed in the Arab Gulf states,10.1016/0308-8146(90)90053-7,1990,Food Chemistry,Bahrain; Saudi Arabia
2-s2.0-0026157955,Real-time part sequencing in a flexible assembly cell: system development and evaluation,10.1016/0167-188X(91)90026-X,1991,Engineering Costs and Production Economics,Bahrain; Saudi Arabia
2-s2.0-0026627439,Daily and hourly wind speed distribution in Bahrain,10.1016/0196-8904(92)90140-R,1992,Energy Conversion and Management,Bahrain; Saudi Arabia
2-s2.0-0027592729,Optimum control strategies for transient as well as oscillatory instability of power systems,10.1109/59.260835,1993,IEEE Transactions on Power Systems,Bahrain; Saudi Arabia
2-s2.0-0027470597,Numerical models for the correlation of global solar radiation with meteorological data for Bahrain,10.1016/0196-8904(93)90002-R,1993,Energy Conversion and Management,Bahrain; Saudi Arabia
2-s2.0-0027664029,Dynamic braking resistor-reactor switching strategies through a novel linear transformation technique,10.1080/07313569308909680,1993,Electric Machines and Power Systems,Bahrain; Saudi Arabia
2-s2.0-0027341469,Quality of water from some wells in saudi arabia,10.1007/BF00477065,1993,Water Air Soil Pollution,Bahrain; Saudi Arabia
2-s2.0-85015083726,Sulfate resistance and chloride penetration characteristics of high-strength concrete,,1994,American Concrete Institute ACI Special Publication,Bahrain; Saudi Arabia
2-s2.0-0028407052,An empirical correlation for monthly global solar radiation with bright sunshine hours for Saudi Arabia,10.1080/01430750.1994.9675639,1994,International Journal of Ambient Energy,Bahrain; Saudi Arabia
2-s2.0-2442450723,"Physical profile of Saudi newborns: Birthweight, length and head circumference values",,1996,Saudi Medical Journal,Bahrain; Saudi Arabia
2-s2.0-2442721505,G6PD Aures: A rare mutant of G6PD in Saudi Arabia. Molecular and clinical presentations,,1996,Saudi Medical Journal,Bahrain; Saudi Arabia
2-s2.0-0030109545,Synchronous generator damping enhancement through coordinated control of exciter and SVC,10.1049/ip-gtd:19960194,1996,IEE Proceedings Generation Transmission and Distribution,Bahrain; Saudi Arabia
2-s2.0-0029865655,Neonatal jaundice in Saudi newborns with G6PD Aures,10.1080/02724936.1996.11747801,1996,Annals of Tropical Paediatrics,Bahrain; Saudi Arabia
2-s2.0-0029996721,Multiple mitochondrial DNA deletions associated with autosomal recessive ophthalmoplegia and severe cardiomyopathy,10.1212/wnl.46.5.1329,1996,Neurology,Bahrain; Saudi Arabia
2-s2.0-0031234632,Prediction of reliability of broadcasting transmitter systems,10.1109/11.632895,1997,IEEE Transactions on Broadcasting,Bahrain; Saudi Arabia
2-s2.0-0031126217,Spice application in the study of the behaviour of multi-state systems described by Markov models,10.1016/S0026-2714(96)00077-7,1997,Microelectronics Reliability,Bahrain; Saudi Arabia
2-s2.0-2442435942,Risk factors for coronary artery disease in newly diagnosed non insulin dependent diabetes mellitus: Prevalence in Bahraini compared with Asian Indian patients,,1998,Saudi Medical Journal,Bahrain; Saudi Arabia
2-s2.0-0033037018,"Clinical, fluorine-18 labeled 2-fluoro-2-deoxyglucose positron emission tomography of the brain, MR spectroscopy, and therapeutic attempts in methylenetetrahydrofolate reductase deficiency",10.1016/S0387-7604(99)00031-5,1999,Brain and Development,Bahrain; Saudi Arabia
2-s2.0-0010168840,Reliability and availability analysis of some systems with common-cause failures using spice circuit simulation program,10.1155/1999/12147,1999,Active and Passive Electronic Components,Bahrain; Saudi Arabia
2-s2.0-0442314346,Novel Behavioral Macromodeling Using SPICE and Its Applications to High-Voltage Engineering Education,10.1002/(SICI)1099-0542(1999)7:3<155::AID-CAE3>3.0.CO;2-7,1999,Computer Applications in Engineering Education,Bahrain; Saudi Arabia; United Kingdom; United States
2-s2.0-0032620583,Nutritional status of adolescent girls in the Eastern Province of Saudi Arabia,10.1177/026010609901300305,1999,Nutrition and Health,Bahrain; Saudi Arabia
2-s2.0-0029482478,"The efforts of the Arab League Education, Culture and Scientific Organization (ALECSO) in the field of renewable energy",10.1016/0960-1481(95)00046-M,1995,Renewable Energy,Bahrain; Tunisia
2-s2.0-0025838567,Optimum design of geometrically nonlinear elastic-plastic steel frames,10.1016/0045-7949(91)90110-8,1991,Computers and Structures,Bahrain; Turkey
2-s2.0-0026373449,Optimum design of geometrically nonlinear space trusses,10.1016/0045-7949(91)90276-R,1991,Computers and Structures,Bahrain; Turkey
2-s2.0-0027110747,Optimum design of geometrically nonlinear elastic-plastic steel frames with tapered members,10.1016/0045-7949(92)90479-J,1992,Computers and Structures,Bahrain; Turkey
2-s2.0-0027110223,Optimum design of geometrically nonlinear space trusses,10.1016/0045-7949(92)90025-U,1992,Computers and Structures,Bahrain; Turkey
2-s2.0-0026797171,Gas hold-up in a bi-dimensional three-phase spouted bed,10.1016/0300-9467(92)80021-2,1992,Chemical Engineering Journal,Bahrain; Turkey
2-s2.0-0029390020,Extraction of El-Lajjun Oil Shale,10.1080/01496399508013151,1995,Separation Science and Technology,Bahrain; Turkey
2-s2.0-0029332889,Improved estimation of induction machine parameters,10.1016/0378-7796(95)00958-K,1995,Electric Power Systems Research,Bahrain; Turkey
2-s2.0-0032669973,Optimum design of parabolic and circular arches with varying cross section,10.12989/sem.1999.8.5.465,1999,Structural Engineering and Mechanics,Bahrain; Turkey
2-s2.0-0028159237,Lifestyle and the risk of acute myocardial infarction in a Gulf Arab population,10.1093/ije/23.5.931,1994,International Journal of Epidemiology,Bahrain; United Arab Emirates
2-s2.0-0028695228,Dietary habits of athletes in bahrain,10.1177/026010609401000102,1994,Nutrition and Health,Bahrain; United Arab Emirates
2-s2.0-0030625228,Prevalence of risk factors for cardiovascular diseases among men and women in an Arab Gulf community,10.1177/026010609701100302,1997,Nutrition and Health,Bahrain; United Arab Emirates
2-s2.0-24344468788,Food consumption patterns of adults in the United Arab Emirates,10.1177/146642409811800304,1998,Journal of the Royal Society for the Promotion of Health,Bahrain; United Arab Emirates
2-s2.0-0031925157,Chemical composition of fermented dairy products consumed in Bahrain,10.1016/S0308-8146(97)00129-5,1998,Food Chemistry,Bahrain; United Arab Emirates
2-s2.0-84958062900,Design study of switched reluctance motor performance,10.1109/IAS.1992.244288,1992,Conference Record IAS Annual Meeting IEEE Industry Applications Society,Egypt; Iran; United Kingdom
2-s2.0-0029368660,A novel switched reluctance motor with multiple teeth per stator pole and comparison of such motors,10.1016/0378-7796(95)00978-3,1995,Electric Power Systems Research,Egypt; Iran
2-s2.0-0031469598,Application of capillary electrophoresis for the determination of dissolved gases in water samples I. Determination of dissolved oxygen,10.1016/S0003-2670(97)00267-5,1997,Analytica Chimica Acta,Egypt; Iran
2-s2.0-0031224505,A Time-Slot Assignment Strategy for ATM Broadband Indoor Wireless Networks,10.1023/A:1008817827344,1997,Wireless Personal Communications,Canada; Egypt; Iran
2-s2.0-0033225161,Fracturing horizontal wells in gas reservoirs,,1999,SPE Production and Facilities,Egypt; Iran; United States
2-s2.0-0033086070,Mental health manpower development in Afghanistan: A report on a training course for primary health care physicians,10.26719/1999.5.2.373,1999,Eastern Mediterranean Health Journal,Egypt; Iran
2-s2.0-0025512632,Effect of deformation on the damage to the coatings of sheet steels,10.1016/0924-0136(90)90249-T,1990,Journal of Materials Processing Tech,Egypt; Iraq; Poland
2-s2.0-0025465836,Analysis of the limit strains of coated sheet steel for different strain paths,10.1016/0924-0136(90)90036-T,1990,Journal of Materials Processing Tech,Egypt; Iraq; Poland
2-s2.0-0025498437,The effect of deformation on the corrosion resistance of coated steel sheets,10.1016/0924-0136(90)90119-F,1990,Journal of Materials Processing Tech,Egypt; Iraq; Poland
2-s2.0-0026140947,Non-destructive testing of adhesively bonded joints using vibrational analysis,10.1016/0143-7496(91)90038-J,1991,International Journal of Adhesion and Adhesives,Egypt; Iraq
2-s2.0-33748320134,Study of optical absorption edges in MgO-P2O5 glasses,10.1007/BF00557161,1991,Journal of Materials Science,Egypt; Iraq
2-s2.0-34250081582,The optical properties of AlxOy thin films prepared by reactive evaporation,10.1007/BF01910086,1993,Journal of Materials Science Letters,Egypt; Iraq; United Kingdom
2-s2.0-85001874210,Kuwait oil-based pollution: Effect on building materialsa,10.1061/(ASCE)0899-1561(1997)9:1(50),1997,Journal of Materials in Civil Engineering,Egypt; Iraq
2-s2.0-0347072531,Genetic disorders and congenital abnormalities: Strategies for reducing the burden in the Region,10.26719/1997.3.1.123,1997,Eastern Mediterranean Health Journal,Egypt; Iraq
2-s2.0-0033367180,A microsatellite survey of cattle from a centre of origin: The Near East,10.1046/j.1365-294X.1999.00805.x,1999,Molecular Ecology,Egypt; Iraq; Ireland; Turkey
2-s2.0-0025207433,Factors affecting NOX formation in turbulent premixed confined flames,10.1016/0016-2361(90)90259-S,1990,Fuel,Egypt; Jordan
2-s2.0-84996012825,Synthesis and Potentiometric Selectivity Study of 14-Cyclic Dioxadiamides,10.2116/analsci.6.233,1990,Analytical Sciences,Egypt; Jordan
2-s2.0-84987486731,Synthesis and potentiometric study of acyclic monoxadiamides as ionophores in ion‐selective electrodes,10.1002/elan.1140020207,1990,Electroanalysis,Egypt; Jordan
2-s2.0-0345071131,"Simultaneous Determination of Acetaminophen with Orphenadrine Citrate, Ibuprofen or Chlorzoxazone in Combined Dosage forms by Zero-Crossing Derivative Spectrophotometry",10.1080/00032719108053044,1991,Analytical Letters,Egypt; Jordan
2-s2.0-14944379844,Zero-Crossing Third-Derivative Spectrophotometry for the Simultaneous Determination of Allethrin and Piperonyl Butoxide in Aerosol and Shampou,10.1080/00387019108018168,1991,Spectroscopy Letters,Egypt; Jordan
2-s2.0-84984281367,Influence of Impurities and Suspension Density on the Crystallization Kinetics of Potassium Chloride,10.1002/cite.330630912,1991,Chemie Ingenieur Technik,Egypt; Jordan
2-s2.0-0026108364,A study of a multidimensional transient heat conduction problem with a moving heat source part 1: Analytical solution,10.1080/09603409.1991.11689638,1991,Materials at High Temperatures,Egypt; Jordan; Saudi Arabia
2-s2.0-84987589146,Synthesis and potentiometric selectivity study of acyclic formazanes,10.1002/elan.1140030614,1991,Electroanalysis,Egypt; Jordan
2-s2.0-0026564125,Chemical and microbiological investigations of metal ion interaction with norfloxacin,10.1016/0378-5173(92)90229-U,1992,International Journal of Pharmaceutics,Egypt; Jordan
2-s2.0-0026837427,Turbulence modeling and simulation of atmospheric boundary layers,10.1115/1.2909997,1992,Journal of Fluids Engineering Transactions of the ASME,Egypt; Jordan
2-s2.0-0026522664,"High‐performance liquid chromatographic determination of floctafenine and its major metabolite, floctafenic acid in plasma",10.1111/j.1365-2710.1992.tb01261.x,1992,Journal of Clinical Pharmacy and Therapeutics,Egypt; Jordan
2-s2.0-0026592436,Simultaneous determination of theophylline and guaiphenesin by third-derivative ultraviolet spectrophotometry and high-performance liquid chromatography,10.1039/an9921700157,1992,Analyst,Egypt; Jordan
2-s2.0-17144427425,On the Reaction of α‐Chlorobenzylic Cations with Isocyanates,10.1002/prac.19923340804,1992,Journal Fur Praktische Chemie Chemikerzeitung,Egypt; Jordan
2-s2.0-17144405362,"On the Reaction of α,α‐Dichlorocarbenium Ions with Isocyanates",10.1002/prac.19923340805,1992,Journal Fur Praktische Chemie Chemikerzeitung,Egypt; Germany; Jordan
2-s2.0-0027627020,Studies on water conservation for jordan paper and cardboard factories,10.1080/00908319308909041,1993,Energy Sources,Egypt; Jordan
2-s2.0-0027306653,Transmission planning using admittance approach and quadratic programming,10.1080/07313569308909635,1993,Electric Machines and Power Systems,Egypt; Jordan
2-s2.0-0028043066,On the numerical convergence of discretization methods for the free vibrations of beams with attached inertia elements,10.1006/jsvi.1994.1032,1994,Journal of Sound and Vibration,Egypt; Jordan
2-s2.0-84979347311,Discourse problems in argumentative writing,10.1111/j.1467-971X.1994.tb00318.x,1994,World Englishes,Egypt; Jordan
2-s2.0-0028401291,Carnalite salt gradient solar ponds: an experimental study,10.1016/0960-1481(94)90014-0,1994,Renewable Energy,Egypt; Jordan
2-s2.0-0028534467,A transient model of a laboratory-scale carnalite salt gradient solar pond,10.1016/0960-1481(94)90226-7,1994,Renewable Energy,Egypt; Jordan
2-s2.0-0028464157,Atomization and combustion performance of diesel oil-shale slurry,10.1016/0360-5442(94)90019-1,1994,Energy,Egypt; Jordan
2-s2.0-0028608526,A structural synthesis of the Proterozoic Arabian-Nubian Shield in Egypt,10.1007/BF01083222,1994,Geologische Rundschau,Egypt; Germany; Jordan
2-s2.0-0030105919,Reclosing torques of large induction motors with stator trapped flux,10.1109/60.486580,1996,IEEE Transactions on Energy Conversion,Egypt; Jordan
2-s2.0-0030244637,A novel double-circuit-rotor balanced induction motor for improved slip-energy recovery drive performance. Part I: Modeling and simulation,10.1109/60.537007,1996,IEEE Transactions on Energy Conversion,Egypt; Jordan; United Arab Emirates
2-s2.0-0030244554,A novel double-circuit-rotor balanced induction motor for improved slip-energy recovery drive performance. Part II: Experimental verification & harmonic analysis,10.1109/60.537008,1996,IEEE Transactions on Energy Conversion,Egypt; Jordan; United Arab Emirates
2-s2.0-0029802783,Use of Dowex-X2 ion exchange resin for preparation of sustained release diclofenac delivery system I. Preparation and release studies,,1996,S T P Pharma Sciences,Egypt; Jordan
2-s2.0-0029665934,"Gender, domestic space, and urban upgrading: A case study from Amman",10.1080/741921945,1996,Gender and Development,Egypt; Jordan
2-s2.0-0030509597,Reaction of nitrilium salts with 6-aminouracil,10.1080/00304949609356734,1996,Organic Preparations and Procedures International,Egypt; Jordan
2-s2.0-0029792436,Day 4 is better than day 3 for a single patch test reading,10.1111/j.1600-0536.1996.tb02241.x,1996,Contact Dermatitis,Egypt; Jordan
2-s2.0-0029813265,Synthesis of N-acyliminium salts by reaction of nitrilium salts with ketones,10.1055/s-1996-4340,1996,Synthesis,Egypt; Jordan
2-s2.0-0000265897,"4,5-Dihydro-1,2,4-triazin-6-ones Condensed with Heterocycles. Part 1: Synthesis and Spectral Properties of Chiral 4,5-dihydro-6-oxo-1,2,4-triazino[4,5-b] 1,2,3,4-tetrahydro-β-carbolines",,1997,Asian Journal of Chemistry,Egypt; Jordan
2-s2.0-0031073966,Integral-cycle control with a d.c. chopper controller for single-phase induction motor,10.1016/s0378-7796(96)01133-9,1997,Electric Power Systems Research,Egypt; Jordan
2-s2.0-0031354840,Measurement of natural radioactivity in Jordanian sand,10.1016/S1350-4487(97)00096-6,1997,Radiation Measurements,Egypt; Jordan; Pakistan
2-s2.0-0031122304,Linear ARMA Predictors for the Lossless Compression of Two-Dimensional Signals,10.1006/dspr.1997.0285,1997,Digital Signal Processing A Review Journal,Egypt; Jordan; United States
2-s2.0-0032444354,"Synthesis of 2,5-disubstituted-1,4-benzoquinone derivatives as potential antimicrobial and cytotoxic agents",10.1002/(SICI)1521-4184(199812)331:12<385::AID-ARDP385>3.0.CO;2-B,1998,Archiv Der Pharmazie,Egypt; Jordan
2-s2.0-0032165269,A class of novel uniplanar series resonators and their implementation in original applications,10.1109/22.709469,1998,IEEE Transactions on Microwave Theory and Techniques,Canada; Egypt; Jordan
2-s2.0-0032446287,Effect of food on the comparative bioavailability of two commercially available sustained-release tablet formulations containing nifedipine,,1998,S T P Pharma Sciences,Egypt; Jordan
2-s2.0-7144261071,Sequential titrimetric and spectrophotometric determinations of trace amounts of tin(II) and tin(IV) by amplification reactions,10.1246/bcsj.71.597,1998,Bulletin of the Chemical Society of Japan,Egypt; Jordan
2-s2.0-0032022626,Thermal and frictional analysis of dry oscillatory contacts,,1998,European Journal of Mechanical and Environmental Engineering,Egypt; Jordan; Kuwait
2-s2.0-0032255572,Thermal and frictional analysis of dry oscillatory contacts,,1998,International Journal of Materials and Product Technology,Egypt; Jordan; Kuwait
2-s2.0-0033232139,Haplotypes of the β-globin gene as prognostic factors in Sickle-Cell Disease,,1999,Eastern Mediterranean Health Journal,Egypt; Jordan; Saudi Arabia
2-s2.0-0032980975,An improved HPLC assay for determination of nifedipine in human plasma after oral administration of Adalat,,1999,S T P Pharma Sciences,Egypt; Jordan
2-s2.0-84904621304,Watershed management: A tool for flood mitigation in the Petra area (Jordan),10.1061/40430(1999)76,1999,Wrpmd 1999 Preparing for the 21st Century,Egypt; Jordan
2-s2.0-0344604480,Flood analysis and mitigation for Petra area in Jordan,10.1061/(ASCE)0733-9496(1999)125:3(170),1999,Journal of Water Resources Planning and Management,Egypt; Jordan
2-s2.0-0033151257,Flue gas desulfurization using methanol as a solvent and bromine or iodine as an oxidant,10.1016/S0045-6535(98)00507-4,1999,Chemosphere,Egypt; Jordan
2-s2.0-0025030264,Hepatitis b surface persistent antigenaemia in hepatosplenic schistosomiasis,10.1159/000157345,1990,Medical Principles and Practice,Egypt; Kuwait
2-s2.0-85068182375,Self-tuning controller for DC drives using optimal deadbeat algorithms,10.1109/IMC.1990.687394,1990,Proceedings of the IEEE International Workshop on Intelligent Motion Control IMC 1990,Egypt; Kuwait
2-s2.0-0025145928,Expatriate maids and food patterns in Kuwait,10.1177/146642409011000410,1990,Journal of the Royal Society for the Promotion of Health,Egypt; Kuwait
2-s2.0-0025625298,A dynamic macroeconomic model for Kuwait. Analysis of the medium-term path,10.1016/0140-9883(90)90019-C,1990,Energy Economics,Egypt; Kuwait
2-s2.0-0025631299,A modelling framework for fisheries development planning,10.1016/0951-8312(90)90026-E,1990,Ocean and Shoreline Management,Egypt; Kuwait
2-s2.0-0025225039,Weathering Effects on Some Mechanical Properties of Polyvinyl Chloride Pipes,10.1520/jte12450j,1990,Journal of Testing and Evaluation,Egypt; Kuwait
2-s2.0-0025256917,Asbestos‐cement pneumoconiosis: First surgically confirmed case in kuwait,10.1002/ajim.4700170208,1990,American Journal of Industrial Medicine,Egypt; Kuwait
2-s2.0-0012471397,Properties of Hg1-xZnxTe solid solutions,10.1007/BF00696294,1991,Journal of Materials Science Materials in Electronics,Egypt; Kuwait
2-s2.0-0026276851,A Social-accounting-matrix-based Long-term Model for a Gulf Cooperation Council Country: The Kuwaiti Case,10.1080/09535319100000023,1991,Economic Systems Research,Egypt; Kuwait
2-s2.0-0026140832,"Design rationale of industrial, bonded, double containment joints with dissmilar materials",10.1016/0143-7496(91)90028-G,1991,International Journal of Adhesion and Adhesives,Egypt; Kuwait
2-s2.0-0025750656,Modeling and analysis of a matrix solar air heater,10.1016/0196-8904(91)90064-P,1991,Energy Conversion and Management,Egypt; Kuwait
2-s2.0-44949285251,Exact solution of a model for dynamic behavior of a matrix solar air heater,10.1016/0196-8904(91)90140-E,1991,Energy Conversion and Management,Egypt; Kuwait
2-s2.0-0025902764,Effect of ultrasonically induced cavitation on behaviour of nodular cast iron in sea water,10.1179/000705991798269314,1991,British Corrosion Journal,Egypt; Kuwait
2-s2.0-0026114644,Adaptive model-following control based on variable structure systems,10.1080/00207729108910614,1991,International Journal of Systems Science,Egypt; Kuwait
2-s2.0-0026372122,Design philosophy of a bonded gear box,10.1016/0890-6955(91)90042-2,1991,International Journal of Machine Tools and Manufacture,Egypt; Kuwait
2-s2.0-0026113997,Variable structure control of non-linear adaptive model-following systems,10.1080/00207729108910615,1991,International Journal of Systems Science,Egypt; Kuwait
2-s2.0-0001648850,Catalytic Decomposition Kinetics of Aqueous Hydrogen Peroxide and Solid Magnesium Peroxide By Birnessite,10.2136/sssaj1992.03615995005600060021x,1992,Soil Science Society of America Journal,Egypt; Kuwait
2-s2.0-1642616338,Organizational and Psychological Determinants of Employee Turnover in Kuwait,10.1108/09513559210019389,1992,International Journal of Public Sector Management,Egypt; Kuwait
2-s2.0-5544297520,Development of expert control systems: A pattern classification and recognition approach,10.1007/BF00444292,1992,Journal of Intelligent and Robotic Systems,Egypt; Kuwait
2-s2.0-0026883607,Reduced-order adaptive control scheme,10.1080/00207179208934297,1992,International Journal of Control,Egypt; Kuwait
2-s2.0-84993660337,Renal haemopoietic tissue of the mudskipper Periopthalmus koelreuteri (Pallas),10.1002/jmor.1052140207,1992,Journal of Morphology,Egypt; Kuwait
2-s2.0-0026807343,Defects in aluminum windows and impact on dust and air infiltration,10.1061/(ASCE)0887-3828(1992)6:1(12),1992,Journal of Performance of Constructed Facilities,Egypt; Kuwait
2-s2.0-0026854457,Fault dictionary approach for fault diagnosis of switched capacitor circuits,10.1080/00207219208925599,1992,International Journal of Electronics,Egypt; Kuwait
2-s2.0-0026895778,A unified decomposition approach for fault location in switched capacitor circuits,10.1080/00207219208925648,1992,International Journal of Electronics,Canada; Egypt; Kuwait
2-s2.0-84959609406,A new Pulicaria from southern Yemen,10.1017/S096042860000069X,1993,Edinburgh Journal of Botany,Egypt; Kuwait
2-s2.0-0027641858,Indirect discrete-time adaptive algorithm for manipulator control,10.1016/0307-904X(93)90117-Y,1993,Applied Mathematical Modelling,Egypt; Kuwait
2-s2.0-0027877018,The effect of sulphate-reducing bacteria on the electrochemical behaviour of corrosion-resistant alloys in sea water,10.1016/0010-938X(93)90204-T,1993,Corrosion Science,Egypt; Kuwait
2-s2.0-84976113325,Foldings of star manifolds,10.1017/S0308210500029681,1993,Proceedings of the Royal Society of Edinburgh Section A Mathematics,Egypt; Kuwait; United Kingdom
2-s2.0-0028572605,"Geomorphology and sedimentary/biosedimentary structures of the intertidal environment along the coast of Kuwait, north-western Arabian Gulf",10.1007/BF00210557,1994,Geologische Rundschau,Egypt; Kuwait
2-s2.0-0028459850,A design approach to adaptive model-following control of robotic manipulators,10.1007/BF01258228,1994,Journal of Intelligent Robotic Systems,Egypt; Kuwait
2-s2.0-34249765296,On the divisibility of homogeneous hypergraphs,10.1007/BF01215348,1994,Combinatorica,Egypt; Kuwait
2-s2.0-0028378816,Photoelectric properties of undoped and lithium-doped Zn1-xMgxTe alloys,10.1007/BF00717882,1994,Journal of Materials Science Materials in Electronics,Egypt; Kuwait
2-s2.0-0008003891,"Factors involved in the electronic mobility within the chelate ring of the linkage isomers of Co(II), Ni(II) and Cu(II) complexes with vicinal oxime-imine ligands; An IR study",10.1016/0584-8539(94)80020-0,1994,Spectrochimica Acta Part A Molecular Spectroscopy,Egypt; Kuwait
2-s2.0-0028389116,Total organic carbon reduction of phenol-containing wastewaters by oxidation techniques,10.1016/0011-9164(94)00002-6,1994,Desalination,Egypt; Kuwait
2-s2.0-0038889019,Site occupancy and reactivity of nickel(II) and palladium(II) coordination compounds of vicinal oxime-imine ligands: an interpretation to the phenomenon of chelate isomerism in the same molecule,10.1016/0277-5387(94)80014-6,1994,Polyhedron,Egypt; Kuwait
2-s2.0-0348247128,Adaptive model-following controller for robotic manipulators,10.1080/00207179408923141,1994,International Journal of Control,Egypt; Kuwait
2-s2.0-0028263349,Normative results on the arabic fear survey schedule III,10.1016/0005-7916(94)90064-7,1994,Journal of Behavior Therapy and Experimental Psychiatry,Egypt; Kuwait
2-s2.0-0028425050,"Effect of atmospheric and marine corrosive environments on tensile, impact and hardness properties of some steels",10.1016/0167-6636(94)90007-8,1994,Mechanics of Materials,Egypt; Kuwait
2-s2.0-0028593267,Rejuvenation of the eastern Mediterranean passive continental margin in northern and central Sinai: New data from the Themed Fault,10.1017/S0016756800012085,1994,Geological Magazine,Egypt; Kuwait
2-s2.0-84974752914,Improving classification using a tree structured neural network,10.3233/IFS-1994-2201,1994,Journal of Intelligent and Fuzzy Systems,Egypt; Kuwait; United Arab Emirates
2-s2.0-0001505179,Studies with polyfunctionally substituted heterocycles: synthetic approaches to azinylcarbonitrile,,1995,Bulletin De La Societe Chimique De France,Egypt; Kuwait
2-s2.0-0009777391,Detailed balance and entropy for atoms in squeezed vacuum,10.1016/0378-4371(95)00154-Y,1995,Physica A Statistical Mechanics and Its Applications,Egypt; Kuwait
2-s2.0-0001745060,On fuzzy bitopological spaces,10.1016/0165-0114(94)00333-3,1995,Fuzzy Sets and Systems,Egypt; Kuwait
2-s2.0-85046464147,Sensitivity analysis of machine interference in manufacturing systems,10.1080/00207729508929127,1995,International Journal of Systems Science,Egypt; Kuwait
2-s2.0-84963255842,"Studies With 2-Benzimidazolylacetonitrile, Synthesis Of New Benzimidazo-2-Ylthiophenes And Benzo[G]Imidazo[L, 2-A]Pyridines",10.1080/10426509508042045,1995,Phosphorus Sulfur and Silicon and the Related Elements,Egypt; Kuwait
2-s2.0-0029323293,"Composition, structure and surface acid-base behaviour of manganese oxide dispersed on silica",10.1016/0927-7757(95)03151-3,1995,Colloids and Surfaces A Physicochemical and Engineering Aspects,Egypt; Kuwait
2-s2.0-0029634269,Analysis and design of guyed transmission towers-Case study in Kuwait,10.1016/0045-7949(95)98868-Q,1995,Computers and Structures,Egypt; Kuwait
2-s2.0-84906428524,Studies with polyfunctionally substituted heteroaromatics: The reactivity of alkylazoles towards electrophilic reagents,10.1080/10426509508042542,1995,Phosphorus Sulfur and Silicon and the Related Elements,Egypt; Kuwait
2-s2.0-21844485620,"Characterization of Copper(II), nickel(II), cobalt(II) and palladium(II) complexes of vicinal oxime-imine ligands; induced chelate isomerism in the same molecule of the nickel(II) complex",10.1007/BF00812246,1995,Monatshefte Fur Chemie Chemical Monthly,Egypt; Kuwait
2-s2.0-28244458247,Bayesian classification with multivariate autoregressive sources that might have different orders,10.1080/03610919508813259,1995,Communications in Statistics Simulation and Computation,Egypt; Kuwait
2-s2.0-0029377466,MnOx-influenced bulk and surface behaviours of catalytic Al2O3,10.1007/BF00291802,1995,Journal of Materials Science Letters,Egypt; Kuwait
2-s2.0-0040892132,Phosphorus impurities in MgxZn1-x Te alloys,10.1116/1.579707,1995,Journal of Vacuum Science and Technology A Vacuum Surfaces and Films,Egypt; Kuwait
2-s2.0-0001268117,Dielectric relaxations of some maleimide derivatives and their mixtures with methyl methacrylate,10.1016/0167-7322(94)00793-V,1995,Journal of Molecular Liquids,Egypt; Kuwait
2-s2.0-84987492149,"Studies with polyfunctionally substituted heteroaromatics: 2‐Phenyl‐4‐p‐tolylhydrazono‐2‐oxazoline‐5‐one as a precursor for the synthesis of substituted 1,2,4‐triazoles and pyridines",10.1002/hc.520060616,1995,Heteroatom Chemistry,Egypt; Kuwait
2-s2.0-84987505826,Nitriles in heterocyclic synthesis: The reaction of ethyl 2‐oxoindoliden‐3‐ylidene cyanoacetate and of 3‐dicyanoethylideneindoliden‐2‐one with phenols and amines,10.1002/hc.520060618,1995,Heteroatom Chemistry,Egypt; Kuwait
2-s2.0-0000714859,Temperature-programmed characterization studies of thermochemical events occurring in the course of decomposition of MnII oxysalts,10.1039/jm9950501081,1995,Journal of Materials Chemistry,Egypt; Kuwait
2-s2.0-0029406614,Modeling Of Electrostatic-Based Pesticide Spray Systems,10.1109/2943.470001,1995,IEEE Industry Applications Magazine,Egypt; Kuwait; Saudi Arabia
2-s2.0-2742588043,Greig cephalopolysyndactyly syndrome with dysgenesis of the corpus callosum in a Bedouin family,10.1002/(SICI)1096-8628(19961218)66:3<261::AID-AJMG4>3.0.CO;2-S,1996,American Journal of Medical Genetics,Egypt; Kuwait
2-s2.0-0030180505,Cracked hinged-hinged beam resting on an elastic foundation,,1996,International Journal of Structures,Egypt; Kuwait
2-s2.0-0041389881,Nutritional status survey of preschool children in Kuwait,,1996,Eastern Mediterranean Health Journal,Egypt; Kuwait
2-s2.0-0030538768,"Studies with polyfunctionally substituted heteroaromatics: The reaction of 4-substituted-7-aminothieno[3,4-d]pyridazines and of 2-methyl-6-aminothienopyridine-5-thione with electron poor olefins and acetylenes",,1996,Polish Journal of Chemistry,Egypt; Kuwait
2-s2.0-0030352565,Digital control of a high-performance separately excited DC motor,,1996,International Journal of Power and Energy Systems,Canada; Egypt; Kuwait
2-s2.0-0029966812,"A novel synthesis of pyrazolo[1,2-b]phthalazines and pyrido[2',3':3,4]pyrazolo[1,2-b]phthalazines; a new ring system",,1996,Pharmazie,Egypt; Kuwait
2-s2.0-0000777624,Temperature-programmed reduction of calcined chromia-coated alumina and silica catalysts: Probing chromium (VI)-oxygen species,10.1016/0040-6031(96)02874-2,1996,Thermochimica Acta,Egypt; Kuwait
2-s2.0-79953757231,On the Modelling of Abrasive waterjet cutting,10.1007/BF01239612,1996,International Journal of Advanced Manufacturing Technology,Egypt; Kuwait
2-s2.0-0030146154,Power dissipation analysis and optimization of deep submicron CMOS digital circuits,10.1109/4.509853,1996,IEEE Journal of Solid State Circuits,Canada; China; Egypt; Kuwait; United States
2-s2.0-0029771989,On the dynamic thermal behavior and the accelerated aging of power system components,10.1080/07313569608955665,1996,Electric Machines and Power Systems,Egypt; Kuwait
2-s2.0-0000225715,Thermochemical adsorptive and catalytic events occurring during isopropanol decomposition over MnOx-modified aluminas. In situ infrared spectroscopic studies,10.1016/0040-6031(94)02580-0,1996,Thermochimica Acta,Egypt; Kuwait
2-s2.0-0029757191,Heat transfer from a slender body of revolution at incidence,10.1088/0022-3727/29/1/015,1996,Journal of Physics D Applied Physics,Egypt; Kuwait
2-s2.0-0030431723,Lubrication analysis of externally pressurized circular porous bearings,10.1016/S0307-904X(96)00092-3,1996,Applied Mathematical Modelling,Egypt; Kuwait
2-s2.0-0030171931,Factorial structure of the Arabic children's depression inventory among Kuwaiti subjects,10.2466/pr0.1996.78.3.963,1996,Psychological Reports,Egypt; Kuwait
2-s2.0-0030366378,Corrosion and passivation of Pb in CO2-3 solutions,,1996,Indian Journal of Chemical Technology,Egypt; Kuwait
2-s2.0-0039977539,Comparative studies on the distribution of some Recent and Pleistocene foraminiferal assemblages of Egypt and Greece,10.1127/njgpm/1996/1996/605,1996,Neues Jahrbuch Fur Geologie Und Palaontologie Monatshefte,Egypt; Kuwait
2-s2.0-0029672245,Laser Doppler anemometry measurements in an axisymmetric turbulent jet,10.1063/1.1146966,1996,Review of Scientific Instruments,Egypt; Kuwait
2-s2.0-0030215443,Validity assessment of ductile fracture criteria in cold forming,10.1007/BF02648845,1996,Journal of Materials Engineering and Performance,Egypt; Kuwait
2-s2.0-0043286486,"Studies with polyfuctionally substituted thiazolines and 1,2,4-triazolines: Synthesis and chemical reactivity of 4-arylazo-2 isopropyloxy-2-thiazolin-5-ones and of 4-arylidene-2-isopropyloxy-2-thiazolin-5-ones",10.1080/10426509608040485,1996,Phosphorus Sulfur and Silicon and Related Elements,Egypt; Kuwait
2-s2.0-0030444408,"Phosphoenolpyruvate carboxylase from rumex dentatus, a C3-plant",10.1016/S0176-1617(96)80090-3,1996,Journal of Plant Physiology,Egypt; Kuwait
2-s2.0-0344989119,Polymerization behaviour of a new vinyl thiourea derivative,10.1016/0014-3057(96)00013-4,1996,European Polymer Journal,Egypt; Kuwait
2-s2.0-0000754563,A static permittivity and dielectric relaxation study of complex formation in dilute solutions of maleic anhydride or one of its derivatives plus methyl methacrylate or styrene,10.1524/zpch.1996.194.part_2.255,1996,Zeitschrift Fur Physikalische Chemie,Egypt; Kuwait
2-s2.0-84944029364,Bicyclic 5-6 Systems: Other Four Heteroatoms 2:2,10.1016/B978-008096518-5.00156-8,1996,Comprehensive Heterocyclic Chemistry II A Review of the Literature 1982 1995,Egypt; Kuwait
2-s2.0-85069238031,Cavitation-corrosion Behaviour of Nodular Cast Iron in Aqueous Environments,10.1016/S1018-3639(18)31062-6,1996,Journal of King Saud University Engineering Sciences,Egypt; Kuwait
2-s2.0-0029776647,A nonlinear finite element analysis of horizontal elastomerics of revolution,10.1016/0168-874X(95)00033-P,1996,Finite Elements in Analysis and Design,Egypt; Kuwait
2-s2.0-0030109199,Effect of fire on flexural behaviour of RC beams,10.1016/0950-0618(95)00041-0,1996,Construction and Building Materials,Egypt; Kuwait
2-s2.0-0030269265,Behavior investigation of concrete slabs subjected to high temperatures,10.1016/0045-7949(96)00061-2,1996,Computers and Structures,Egypt; Kuwait
2-s2.0-0000785507,"Synthesis, spectral and structural characterization of a monomeric chloro complex of zinc(II) with picolinic acid, [Zn(C5H4NCO2H)(C5H 4NCO2)Cl]",10.1016/0277-5387(95)00245-N,1996,Polyhedron,Egypt; Kuwait
2-s2.0-0002700178,Acidity of sulfated zirconia as studied by FTIR spectroscopy of adsorbed CO and NH3 as probe molecules,10.1007/BF00807460,1996,Catalysis Letters,Egypt; Germany; Kuwait
2-s2.0-0012222511,The unexpected syntheses of [Co(picam)3]3+ salts and the crystal structure of [Co(picam)3]I3·H2O(I),10.1080/00958979608022845,1996,Journal of Coordination Chemistry,Egypt; Kuwait; United States
2-s2.0-0000647576,"Synthesis and Structural Characterization of [Mn(ethyl isonicotinate)2(N3)2]n, a Two-Dimensional Alternating Ferromagnetic-Antiferromagnetic Compound. Magnetostructural Correlations for the End-to-End Pseudohalide-Manganese System",10.1021/ic9603464,1996,Inorganic Chemistry,Egypt; Kuwait; Spain
2-s2.0-0030244467,Sensitivity analysis of machine interference in manufacturing systems,10.1016/0360-8352(96)00027-7,1996,Computers and Industrial Engineering,Egypt; Kuwait; Saudi Arabia
2-s2.0-0029782719,Lymphocyte responses to human cytomegalovirus in different groups of patients in Britain and in adults from West Africa and the Middle East,10.1002/(sici)1096-9071(199608)49:4<311::aid-jmv9>3.0.co;2-6,1996,Journal of Medical Virology,Egypt; Kuwait; United Kingdom
2-s2.0-0030961027,Variations of the wind speed in the lower atmosphere of Kuwait,,1997,Wind Engineering,Egypt; Kuwait
2-s2.0-0005699573,Kalman filtering based algorithm for low frequency power systems subharmonics identification,,1997,International Journal of Power and Energy Systems,Canada; Egypt; Kuwait
2-s2.0-21944442557,On representations of Lie algebras for quantized Hamiltonians,10.1016/S0024-3795(96)00631-3,1997,Linear Algebra and Its Applications,Egypt; Kuwait
2-s2.0-0031210532,Priority analysis of patrolled machines,10.1016/S0928-4869(96)00025-0,1997,Simulation Practice and Theory,Egypt; Kuwait; Saudi Arabia
2-s2.0-0031214832,Synthesis of high surface area titania powders via basic hydrolysis of titanium(IV) isopropoxide,10.1016/S0032-5910(97)03250-6,1997,Powder Technology,Egypt; Kuwait
2-s2.0-0031558176,The effect of surface expansion on transient heat transfer from a cylinder in cross flow,10.1088/0022-3727/30/13/007,1997,Journal of Physics D Applied Physics,Egypt; Kuwait
2-s2.0-0031549133,"Ceria on silica and alumina catalysts: Dispersion and surface acid- base properties as probed by X-ray diffractometry, UV-Vis diffuse reflectance and in situ IR absorption studies",10.1016/S0927-7757(96)03943-X,1997,Colloids and Surfaces A Physicochemical and Engineering Aspects,Egypt; Kuwait
2-s2.0-0000065591,Structure and acidic properties of phosphate-modified zirconia,10.1021/jp963785x,1997,Journal of Physical Chemistry B,Egypt; Germany; Kuwait
2-s2.0-0038889764,Corrosion and stability of lead brass alloy in acid and neutral solutions-eis investigation,,1997,Bulletin of Electrochemistry,Egypt; Kuwait
2-s2.0-0030643221,Fracture mechanics-based model of abrasive waterjet cutting for brittle materials,10.1007/BF01305869,1997,International Journal of Advanced Manufacturing Technology,Egypt; Kuwait
2-s2.0-0030735912,Experimental investigation on varying the compression ratio of SI engine working under different ethanol-gasoline fuel blends,10.1002/(SICI)1099-114X(199701)21:1<31::AID-ER235>3.0.CO;2-5,1997,International Journal of Energy Research,Egypt; Kuwait
2-s2.0-0031158190,Two scales of death anxiety: Their reliability and correlation among Kuwaiti samples,10.2466/pms.1997.84.3.921,1997,Perceptual and Motor Skills,Egypt; Kuwait
2-s2.0-0010956667,Recent trends in infant feeding patterns and weaning practices in Kuwait,10.26719/1997.3.3.501,1997,Eastern Mediterranean Health Journal,Egypt; Kuwait
2-s2.0-0342718370,"Cobalt(III) complexes of 3,3′,3″-triaminotripropylamine (trpn)",10.1023/A:1018564724893,1997,Transition Metal Chemistry,Egypt; Kuwait
2-s2.0-0031188241,Texture and morphology of titania particles prepared by vapor-phase pyrolysis of titanium tetra-isopropoxide,10.1016/S0165-2370(97)00023-5,1997,Journal of Analytical and Applied Pyrolysis,Egypt; Kuwait
2-s2.0-0001299843,Investigation of Corrosion and Stability of Lead-Brass Alloy in Acid and Neutral Solutions Using Electrochemical Impedance Spectroscopy,10.5006/1.3290269,1997,Corrosion Houston,Egypt; Kuwait
2-s2.0-0031103184,On the heat transfer from an expanding cylinder in cross-flow,10.1016/s1359-4311(96)00034-8,1997,Applied Thermal Engineering,Egypt; Kuwait
2-s2.0-0031238603,"On the causes and control of the waterlogging phenomenon, Siwa Oasis, northern Western Desert, Egypt",10.1006/jare.1997.0252,1997,Journal of Arid Environments,Egypt; Kuwait
2-s2.0-0030689941,Low-temperature IR spectroscopy of CO adsorption on calcined supported CeO2: probing adsorbed species and adsorbing sites,10.1177/026361749701500506,1997,Adsorption Science and Technology,Egypt; Kuwait
2-s2.0-0030620429,Sand drift control of selected coastal and desert dunes in Egypt: Case studies,10.1006/jare.1995.0134,1997,Journal of Arid Environments,Egypt; Kuwait
2-s2.0-0012697405,A Novel Route to Polyfunctionally Substituted Methylpyrimidinylcarbonitriles and A Pyridopyrimidine,10.1515/HC.1997.3.2.151,1997,Heterocyclic Communications,Egypt; Kuwait
2-s2.0-0031326994,An estimation algorithm for an independent frequency load modeling in the presence of harmonics,,1997,Arabian Journal for Science and Engineering,Egypt; Kuwait
2-s2.0-0031070558,The justification of the truncation applied to homogeneous integral equations with Cauchy's Kernel,10.1016/S0898-1221(96)00237-4,1997,Computers and Mathematics with Applications,Egypt; Kuwait
2-s2.0-0012838907,"The reactions of 4-substituted-7-aminothieno-[3,4-d]pyridazines and 2-methyl6-aminothienopyridine-5-thione with electron-poor olefins and acetylenes",10.1002/(SICI)1098-1071(1997)8:1<29::AID-HC4>3.0.CO;2-Y,1997,Heteroatom Chemistry,Egypt; Kuwait
2-s2.0-0039498884,"Polyfunctionally substituted heterocycles: Synthesis of new polyfunctionally substituted phthalazines, pyrido[3,4-C]pyridazines and pyrazolo[3,4-C]pyridazines",10.1080/10426509708043501,1997,Phosphorus Sulfur and Silicon and Related Elements,Egypt; Kuwait
2-s2.0-0031258283,Effect of fire on shear behaviour of R.C. beams,10.1016/S0045-7949(95)00356-8,1997,Computers and Structures,Egypt; Kuwait
2-s2.0-0031220890,Comparison between thermal analysis and mass spectroscopic studies of uranyl oxinates,10.1007/bf01980508,1997,Journal of Thermal Analysis,Egypt; Kuwait
2-s2.0-0001014228,"Polymeric complexes of cadmium(II) bridged simultaneously by tetradentate picolinato and μ(1,1)-azido or μ(N,S)-thiocyanato anions. Synthesis and structural characterization of [Cd(picolinato)(N3)]n and [Cd(picolinato)(NCS)]n",10.1016/0277-5387(96)00274-4,1997,Polyhedron,Austria; Egypt; Kuwait
2-s2.0-0031327839,"Studies with polyfunctionally substituted heteroaromatics, a new route to synthesis of thiopyrano[3,2-c]pyridine, thiopyrano[4,3-b]pyridine, and bipyridyl derivatives",10.1080/10426509708033707,1997,Phosphorus Sulfur and Silicon and Related Elements,Egypt; Kuwait; United Kingdom
2-s2.0-0001404086,Structure and Magnetic Behavior of a New 1-D Compound with Simultaneous End-On Azido and Carboxylato Bridges. Unexpected Strong Ferromagnetic Coupling for a Cu-N-Cu Bond Angle of 111.9° as a Consequence of Ligand HOMOs Countercomplementarity,10.1021/ic961107j,1997,Inorganic Chemistry,Egypt; Kuwait; Spain
2-s2.0-33750849561,Methylpyridines and other methylazines as precursors to bicycles and polycycles,10.1016/s0065-2725(08)60362-1,1997,Advances in Heterocyclic Chemistry,Egypt; Kuwait; United Kingdom
2-s2.0-2742550859,Chemistry of crotononitrile,,1998,Advanced Synthesis and Catalysis,Egypt; Kuwait
2-s2.0-3142600995,"Deformation characteristics of Kuwaiti windblown, calcareous deposits using in-situ flat dilatometer",,1998,Kuwait Journal of Science and Engineering,Egypt; Kuwait
2-s2.0-2542483929,"Synthesis of New Substituted 1,3-Diphenyl-5-chloropyrazoles",,1998,Journal of Chemical Research Part S,Egypt; Kuwait
2-s2.0-11644273903,An efficient method for alleviating line overloads and voltage violations by corrective active and reactive rescheduling,,1998,International Journal of Power and Energy Systems,Egypt; Germany; Kuwait
2-s2.0-1942425127,Artificial neural network application to economic operation of all-thermal power plants,,1998,International Journal of Power and Energy Systems,Egypt; Kuwait; United States
2-s2.0-11644328134,Neural network aided design for the metering system of power system state estimation,,1998,International Journal of Power and Energy Systems,Egypt; Kuwait; United States
2-s2.0-0032458034,Suicidality and personality in American and Kuwatti students,10.1177/002076409804400404,1998,International Journal of Social Psychiatry,Egypt; Kuwait; United States
2-s2.0-0000485089,Limitations of ray tracing techniques in optical modeling of silicon solar cells and photodiodes,10.1063/1.368844,1998,Journal of Applied Physics,Egypt; Kuwait
2-s2.0-0031774291,Single- versus multi-item scales in measuring death anxiety,10.1080/074811898201254,1998,Death Studies,Egypt; Kuwait
2-s2.0-0011082209,Environmental effect and strategy of power generation in Asia to the year 2030,,1998,IEEE Power Engineering Review,Egypt; Kuwait
2-s2.0-0000089503,"1D polymeric copper(II) complexes containing bridging tridentate pyrazinato and terminal chloro or azido anions. Synthesis, spectral, structural and thermal study of [CuCl(pyrazinato)(H2O)]n and [Cu(N3)(pyrazinato)(H2O)]n complexes",10.1016/S0277-5387(98)00109-0,1998,Polyhedron,Egypt; Kuwait
2-s2.0-0000231947,Stability of surface chromate - A physicochemical investigation in relevance to environmental reservations about calcined chromia catalysts,10.1016/S0926-860X(98)00088-X,1998,Applied Catalysis A General,Egypt; Kuwait
2-s2.0-0032125207,Maximum depth of cut for ceramics using abrasive waterjet technique,10.1016/S0043-1648(98)00204-X,1998,Wear,Egypt; Kuwait
2-s2.0-0001079248,Refined modeling of optical confinement in thin silicon layers with a Lambertian back reflector for solar cell applications,10.1063/1.368052,1998,Journal of Applied Physics,Egypt; Kuwait
2-s2.0-0032518267,Synthesis and characterization of catalytic titanias via hydrolysis of titanium(IV) isopropoxide,10.1016/S0927-7757(97)00156-8,1998,Colloids and Surfaces A Physicochemical and Engineering Aspects,Egypt; Kuwait; United Kingdom
2-s2.0-22444456043,"Death, anxiety, and depression in Lebanese undergraduates",10.2190/CN5K-XF4C-2NPG-17E0,1998,Omega,Egypt; Kuwait
2-s2.0-0032386182,The development and validation of the arabic obsessive compulsive scale,10.1027/1015-5759.14.2.146,1998,European Journal of Psychological Assessment,Egypt; Kuwait
2-s2.0-0007228885,Chemistry of crotononitrile,10.1002/prac.19983400602,1998,Journal Fur Praktische Chemie Chemiker Zeitung,Egypt; Kuwait
2-s2.0-0031621725,An examination of organization and suborganization readiness for total quality management,10.1504/ijtm.1998.002672,1998,International Journal of Technology Management,Egypt; Kuwait
2-s2.0-0031976185,Synthesis of new polyfunctionally substituted pyrans and their transformation into pyridine derivatives,,1998,Pharmazie,Egypt; Kuwait
2-s2.0-0031635709,Stretch-bending analysis of U-section beams,10.1016/S0890-6955(97)00008-4,1998,International Journal of Machine Tools and Manufacture,Egypt; Kuwait
2-s2.0-0032074434,On the emissions from internal-combustion engines: A review,10.1002/(SICI)1099-114X(199805)22:6<483::AID-ER377>3.0.CO;2-Z,1998,International Journal of Energy Research,Egypt; Kuwait
2-s2.0-0031909270,White rot fungi and their role in remediating oil-contaminated soil,10.1016/S0160-4120(97)00134-7,1998,Environment International,Egypt; Kuwait
2-s2.0-0031933458,Bioremediation of damaged desert environment using the windrow soil pile system in Kuwait,10.1016/S0160-4120(97)00133-5,1998,Environment International,Egypt; Kuwait
2-s2.0-0032327556,"Hydrogeochemical and geomorphological studies of some wadis on the eastern side of the Gulf of Suez, Sinai, Egypt",,1998,Arabian Journal for Science and Engineering,Egypt; Kuwait
2-s2.0-0348202936,"The chemical evolution and hydrogeology of al-shagaya field-b, kuwait",10.1080/02508069808686745,1998,Water International,Egypt; Kuwait
2-s2.0-0031623793,Low Reynolds number axisymmetric turbulent boundary layer on a cylinder,10.1016/s0093-6413(98)00005-6,1998,Mechanics Research Communications,Egypt; Kuwait
2-s2.0-2542423154,"Methylheteroaromatic Carbonitriles as Building Blocks for Synthesis of Condensed Heteroaromatics: Novel Syntheses of [1]Benzo[2,3]pyrano[3,4-c]-pyridines, Naphtho[2′,1′:5,6]pyrano[3,4-c]pyridines, Pyrido[3,4-c]quinolines and Other New Condensed Pyridines",10.1039/a703549g,1998,Journal of Chemical Research Part S,Egypt; Kuwait
2-s2.0-0031701508,Recovery of red iron oxide pigmentary powders from chemically-modified steel-pickling chemical waste,10.1023/A:1006533405891,1998,Journal of Materials Science Letters,Egypt; Kuwait
2-s2.0-0031770007,Studies with polyfunctionally substituted heteroaromatics: Synthesis of new heterocyclic aromatic amines as potential intermediates for preparation of dyes for thermal diffusion printing,10.1139/v98-095,1998,Canadian Journal of Chemistry,Egypt; Kuwait
2-s2.0-0032430468,General regression neural networks for driven piles in cohesionless soils,10.1061/(ASCE)1090-0241(1998)124:12(1177),1998,Journal of Geotechnical and Geoenvironmental Engineering,Egypt; Kuwait
2-s2.0-2542533795,"Studies on Polyfunctionalised Heteroaromatics: A Novel Synthesis of Polyfunctionalised Pyridine, Pyridazine and Pyrido[2,3-c] pyridazine Derivatives",10.1039/a703978f,1998,Journal of Chemical Research Part S,Egypt; Kuwait
2-s2.0-0008158657,Dielectric relaxation of dialkyl fumarates monomers homopolymers and copolymers in dilute solutions,10.1016/s0167-7322(97)89920-5,1998,Journal of Molecular Liquids,Egypt; Kuwait
2-s2.0-0042285369,"Hydrazones in heterocyclic synthesis; synthesis of 1,3,4-thiadiazole derivatives",10.1080/10426509808032460,1998,Phosphorus Sulfur and Silicon and Related Elements,Egypt; Kuwait
2-s2.0-11744352677,New correlations for critical and subcritical two-phase flow through wellhead chokes,10.2118/98-06-04,1998,Journal of Canadian Petroleum Technology,Egypt; Kuwait
2-s2.0-0039157203,The theory of global fuzzy neighborhood structures. (III). Fuzzy uniform structures,10.1016/S0165-0114(97)00347-3,1998,Fuzzy Sets and Systems,Egypt; Germany; Kuwait
2-s2.0-0012301446,The theory of global fuzzy neighborhood structures Part I - The general case,10.1016/S0165-0114(97)00111-5,1998,Fuzzy Sets and Systems,Egypt; Germany; Kuwait
2-s2.0-0039749564,The theory of global fuzzy neighborhood structures. (II). Fuzzy topogenous orders,10.1016/S0165-0114(97)00346-1,1998,Fuzzy Sets and Systems,Egypt; Germany; Kuwait
2-s2.0-0001759841,Chromia on silica and alumina catalysts: CO oxidation activity,10.1524/zpch.1998.203.part_1_2.131,1998,Zeitschrift Fur Physikalische Chemie,Egypt; Kuwait
2-s2.0-0032145251,A novel synthesis of high-area alumina via H2O2-precipitated boehmite from sodium aluminate solutions,10.1002/(sici)1097-4660(199808)72:4<320::aid-jctb911>3.0.co;2-%23,1998,Journal of Chemical Technology and Biotechnology,Egypt; Kuwait; Saudi Arabia
2-s2.0-0346312882,Year 2000 problems and solutions: A Kuwait University experience,,1999,Kuwait Journal of Science and Engineering,Egypt; Kuwait
2-s2.0-0033310645,Analytical study of carrier photogeneration and photocurrent in thin silicon solar cells with specular and diffuse back reflection,10.1109/16.791999,1999,IEEE Transactions on Electron Devices,Egypt; Kuwait
2-s2.0-0033357842,Adaptive control of constrained robots: A case study,,1999,Control and Intelligent Systems,Egypt; Kuwait; Singapore; United States
2-s2.0-0033284873,Managing multi-task systems using workflow,,1999,International Journal of Computers and Applications,Egypt; Kuwait
2-s2.0-0002123257,Understand thermal desalination,,1999,Chemical Engineering Progress,Egypt; Kuwait; United States
2-s2.0-0000901754,"Azido-amine-cobalt(III) complexes: Crystal structures of cis-[Co(tren)(N3)2]ClO4 and trans-[Co(3,2,3-tet)(N3)2]ClO4",10.1016/S0277-5387(99)00106-0,1999,Polyhedron,Egypt; Kuwait
2-s2.0-0032885296,Evaluation of efficacy and toxicity of treatment using rhenium-186 HEDP in metastatic bone disease,10.1159/000026092,1999,Medical Principles and Practice,Egypt; Kuwait
2-s2.0-0032629682,Glass-transition temperature of polydialkyl fumarate copolymers,10.1002/(SICI)1099-0518(19990615)37:12<1839::AID-POLA13>3.0.CO;2-E,1999,Journal of Polymer Science Part A Polymer Chemistry,Egypt; Kuwait
2-s2.0-0000840518,"Synthesis and characterization of binuclear and polymeric five-coordinate copper(II) complexes derived from 3,3′,3″-triaminotripropylamine (trpn): Crystal structure of [Cu(trpn)(N3)]ClO4 (I) and [Cu2(trpn)(tren)(NO2)(H2O)](ClO 4)3 (II)",10.1016/S0277-5387(99)00080-7,1999,Polyhedron,Egypt; Kuwait
2-s2.0-0033046655,Pineal gland of the Kuwaiti Desert gerbil (Gerbillus cheesmani): Alterations of its structure by bromocriptine treatment,,1999,Endocrine Regulations,Egypt; Kuwait
2-s2.0-0032635039,Fuzzy linear regression for measurement of harmonic components in a power system,10.1016/S0378-7796(98)00101-1,1999,Electric Power Systems Research,Egypt; Kuwait
2-s2.0-0003070965,Thermal and spectroscopic studies of chromium chromate hexahydrate - a likely composition for redox surfaces of calcined chromia catalysts,10.1016/S0040-6031(98)00658-3,1999,Thermochimica Acta,Egypt; Kuwait; Saudi Arabia
2-s2.0-0032750005,"Synthesis of new azoloazine derivatives: New routes to 1,2,4- triazolo[4,3-a]pyrimidines, pyrazolo[1,5a]pyridines and pyrazolo[3,4- b]pyridinones",10.1039/a905642d,1999,Journal of Chemical Research Part S,Egypt; Kuwait
2-s2.0-0032706742,"Benzotriazol-1-yl-acetone as a building block in heterocyclic chemistry: A route to benzotriazolylpyridazines, benzotriazolylphthalazines and benzotriazolylpyrazolo[5,1-c]-1,2,4-triazines",10.1039/a905641f,1999,Journal of Chemical Research Part S,Egypt; Kuwait
2-s2.0-0032727764,Integrated wastewater treatment plant performance evaluation using artificial neural networks,10.1016/S0273-1223(99)00584-3,1999,Water Science and Technology,Egypt; Kuwait
2-s2.0-0000040010,Equilibrium studies of organotin(IV) complexes of peptides,10.1515/MGMC.1999.22.4.253,1999,Main Group Metal Chemistry,Egypt; Kuwait
2-s2.0-84949778188,Two-dimensional calculation of the photogenerated current in V-grooved front surface thin silicon solar cells,10.1109/ICM.2000.884840,1999,Proceedings of the International Conference on Microelectronics Icm,Egypt; Kuwait
2-s2.0-0347181275,High frequency oscillating viscous flow over elliptic cylinder at incidence,10.1007/BF01179016,1999,Acta Mechanica,Egypt; Kuwait
2-s2.0-0032600696,Long-term administration of vitamin A and the process of spermatogenesis,10.26719/1999.5.1.123,1999,Eastern Mediterranean Health Journal,Egypt; Kuwait
2-s2.0-0032966948,Flow properties of weathered crude oils and their emulsions,10.1080/01932699908943824,1999,Journal of Dispersion Science and Technology,Egypt; Kuwait
2-s2.0-0033038524,"Utility of [(p-sulfonamidophenyl)azo]malononitrile in the synthesis of polyfunctionally substituted pyrimidine, pyrazole, isoxazole and pyridazine derivatives",,1999,Journal of Chemical Research Part S,Egypt; Kuwait
2-s2.0-0032650510,Electrochemical behaviour of naturally passivated hafnium in aqueous solutions of different pH,10.1023/A:1004539421982,1999,Journal of Materials Science,Egypt; Kuwait
2-s2.0-0032687045,Study of the polymerization of solid vinyl monomers using differential scanning calorimetry,10.1016/S0142-9418(98)00034-8,1999,Polymer Testing,Egypt; Kuwait
2-s2.0-0033081511,Impact of shelling on RC frames with and without infill walls,10.1061/(ASCE)0887-3828(1999)13:1(22),1999,Journal of Performance of Constructed Facilities,Egypt; Kuwait
2-s2.0-0032763237,Optimal hydrate inhibition policies with the aid of neural networks,10.1021/ef980129i,1999,Energy and Fuels,Egypt; Kuwait
2-s2.0-84949808570,A detailed analysis of photogenerated current enhancement in thin silicon solar cells with a diffuse back reflector,10.1109/ICM.2000.884839,1999,Proceedings of the International Conference on Microelectronics Icm,Egypt; Kuwait
2-s2.0-0039726748,Sensitivity analysis of the largest dependent eigenvalue functions of eigensystems,10.1016/S0096-3003(98)00031-9,1999,Applied Mathematics and Computation,Egypt; Kuwait
2-s2.0-0033327067,Cellular automata and self-organizing neural networks for invariant target recognition,10.1080/02286203.1999.11760231,1999,International Journal of Modelling and Simulation,Egypt; Germany; Kuwait
2-s2.0-0002210058,"Synthesis, crystal structure, spectroscopic and thermal investigation of trans-diazido-tetrakis(pyrazole)manganese(II) and trans-diaquadiazidobis(3,4-dimethylpyridine)manganese(II)",10.1023/A:1006971809550,1999,Transition Metal Chemistry,Egypt; Kuwait
2-s2.0-0000831565,"Synthesis, structural characterization, magnetic behavior, and single crystal EPR spectra of three new one-dimensional manganese azido systems with FM, alternating FM-AF, and AF coupling",10.1021/ic990656x,1999,Inorganic Chemistry,Egypt; Kuwait
2-s2.0-0032640089,Auxiliary energy analysis in dual power plants,,1999,International Journal of Power and Energy Systems,Egypt; India; Kuwait; United States
2-s2.0-0027057709,Facial layers of the scalp. A study of 48 cadaveric dissections,10.1007/BF01794760,1992,Surgical and Radiologic Anatomy,Egypt; Lebanon
2-s2.0-21344482726,Static spherically symmetric stiff matter in general relativity,10.1088/0264-9381/11/4/003,1994,Classical and Quantum Gravity,Egypt; Lebanon
2-s2.0-0028949812,Anterior tibial artery: variation in origin and branching,10.1007/BF01629507,1995,Surgical and Radiologic Anatomy,Egypt; Lebanon
2-s2.0-0345876202,Oral health in Lebanon: A pilot pathfinder survey,,1996,Eastern Mediterranean Health Journal,Egypt; Lebanon; Switzerland
2-s2.0-0031117958,Multicode: A truly multilingual approach to text encoding,10.1109/2.585152,1997,Computer,Egypt; Lebanon; United States
2-s2.0-0031746583,Blood supply of the tensor fasciae latae muscle,10.1002/(SICI)1098-2353(1998)11:4<236::AID-CA2>3.0.CO;2-P,1998,Clinical Anatomy,Egypt; Lebanon
2-s2.0-0031768430,Mental health services and research in the Arab world,10.1111/j.1600-0447.1998.tb10106.x,1998,Acta Psychiatrica Scandinavica,Egypt; Lebanon
2-s2.0-1542470340,Effect of Pre-heating Iron Ore on Sinter Quality,,1996,Journal of the Institution of Engineers India Part mm Metallurgy and Material Science Division,Egypt; Libya
2-s2.0-0030806774,Chiari malformation type I: A new MRI classification,10.1016/S0730-725X(96)00383-9,1997,Magnetic Resonance Imaging,Egypt; Libya
2-s2.0-0345811144,Current status of breast-feeding in Alexandria governorate: A community-based study,10.26719/1997.3.3.511,1997,Eastern Mediterranean Health Journal,Egypt; Libya
2-s2.0-0031006932,"A novel synthesis of imidazo[2,1-d][1,2,4]triazine and imidazo[2,1- dl]1,2,5]triazepine derivatives via ketene-N,N-acetal",10.1080/00397919708004107,1997,Synthetic Communications,Egypt; Libya
2-s2.0-0031275196,Voltage control by tap-changing transformers for a radial distribution network,10.1049/ip-gtd:19971430,1997,IEE Proceedings Generation Transmission and Distribution,Egypt; Libya
2-s2.0-0032429210,Prediction of the effect of injection parameters on NOx emission and burning quality in the direct injection diesel engine using a modified multizone model,10.1243/0954407981526082,1998,Proceedings of the Institution of Mechanical Engineers Part D Journal of Automobile Engineering,Egypt; Libya
2-s2.0-0032478017,Dissolution of silica and formation of a dispersed phase induced at low pH by the association of soluble aluminum ionic species with solid silica gel,10.1021/la970750v,1998,Langmuir,Belgium; Egypt; Morocco
2-s2.0-0032032609,The study of human behavior and schistosomiasis transmission in an irrigated area in Morocco,10.1016/S0277-9536(97)00171-8,1998,Social Science and Medicine,Egypt; Morocco
2-s2.0-0033186004,"Helminthic infections associated with the use of raw wastewater for agricultural purposes in Beni Mellal, Morocco",10.26719/1999.5.5.912,1999,Eastern Mediterranean Health Journal,Egypt; Morocco
2-s2.0-34249956263,Magnetic ordering in Mg-Zn ferrites,10.1007/BF02396123,1990,Hyperfine Interactions,Egypt; Oman
2-s2.0-0025571572,Heat transfer studies in soil below cold stores,10.1002/er.4440140602,1990,International Journal of Energy Research,Egypt; Oman
2-s2.0-0025403953,Thermal conductivity and diffusivity of soil,10.1016/0735-1933(90)90053-M,1990,International Communications in Heat and Mass Transfer,Egypt; Oman
2-s2.0-0026358271,Tar loads on Omani beaches,10.1007/BF01701142,1991,Bulletin of Environmental Contamination and Toxicology,Egypt; Oman
2-s2.0-84954743563,"The performance of a collector-storage wall in Alexandria, Egypt",10.1080/01425919108941465,1991,International Journal of Solar Energy,Egypt; Oman
2-s2.0-84880578034,Design Of Stationary Finite Length V-Trough Solar Collector,10.1080/01425919108941452,1991,International Journal of Solar Energy,Egypt; Oman
2-s2.0-0026407137,"Closed-Form Solutions for Voltage Pulse Response of Open, Shorted, and Loaded Distributed RC Thin Film Structure",10.1109/31.108513,1991,IEEE Transactions on Circuits and Systems,Egypt; Oman
2-s2.0-0026615230,Sources of pollution at Mina al Fahal Coastal area,10.1007/BF00203152,1992,Bulletin of Environmental Contamination and Toxicology,Egypt; Oman
2-s2.0-0346978517,Mössbauer studies on Al-Co ferrites,10.1007/BF02396501,1992,Hyperfine Interactions,Egypt; Oman
2-s2.0-85072456101,Spray visualization in a partially insulated combustion chamber and performance of a low heat rejection diesel engine,10.4271/920839,1992,SAE Technical Papers,Egypt; Oman; United States
2-s2.0-84954851273,"Simultaneous analysis of a ternary mixture of pharmaceuticals containing trimethoprim, sulphamethoxazole, and phenazopyridine hydrochloride using third-derivative and zero-order photodiode array spectrophotometry",10.1080/00387019308010773,1993,Spectroscopy Letters,Egypt; Oman
2-s2.0-0027338354,"Petroleum-derived hydrocarbons in water, sediment and biota from the Mina al Fahal coastal waters",10.1016/0025-326X(93)90534-Q,1993,Marine Pollution Bulletin,Egypt; Oman
2-s2.0-0028556103,Irrigation water cost in Egypt,10.1080/02508069408686218,1994,Water International,Egypt; Oman
2-s2.0-0029597879,Nocturnal growth hormone (GH) secretion and GH response to clonidine provocation in children before and after long-term prednisone therapy,10.1093/tropej/41.6.344,1995,Journal of Tropical Pediatrics,Egypt; Oman
2-s2.0-0029316335,The effect of Ge4+ substitution in lithium ferrites,10.1002/pssa.2211490219,1995,Physica Status Solidi A,Egypt; Oman
2-s2.0-0029143604,Testosterone treatment in adolescent boys with constitutional delay of growth and development,10.1016/0026-0495(95)90098-5,1995,Metabolism,Egypt; Oman
2-s2.0-6244295207,An artificial neural network-based medium-term electrical load and energy forecast for a rapidly growing utility,,1996,Intelligent Engineering Systems Through Artificial Neural Networks,Australia; Egypt; Oman
2-s2.0-0030204368,Tuning a static var compensator controller over a wide range of load models using an artificial neural network,10.1016/S0378-7796(96)01067-X,1996,Electric Power Systems Research,Egypt; Oman
2-s2.0-0030061506,High prevalence of islet cell antibody and defective insulin release in children with schistosomiasis,10.1093/tropej/42.1.46,1996,Journal of Tropical Pediatrics,Egypt; Oman
2-s2.0-0030042664,"Radiological, biochemical, and hormonal changes in malnourished children with rachitic manifestations",10.1093/tropej/42.1.34,1996,Journal of Tropical Pediatrics,Egypt; Oman
2-s2.0-0029908886,Insulin and glucagon responses to provocation with glucose and arginine in prepubertal children with thalassemia major before and after long-term blood transfusion,10.1093/tropej/42.5.291,1996,Journal of Tropical Pediatrics,Egypt; Oman
2-s2.0-0029883302,Effect of passive smoking on frequency of respiratory illnesses and serum immunoglobulin-E (IgE) and interleukin-4 (IL-4) concentrations in exposed children,10.1093/tropej/42.3.166,1996,Journal of Tropical Pediatrics,Egypt; Oman
2-s2.0-0029884078,Maternal and neonatal prevalence of toxoplasma and cytomegalovirus (CMV) antibodies and hepatitis-B antigens in an Egyptian rural area,10.1093/tropej/42.3.154,1996,Journal of Tropical Pediatrics,Egypt; Oman
2-s2.0-0029730102,Vegetation along a transect in the Hijaz mountains (Saudi Arabia),10.1006/jare.1996.0024,1996,Journal of Arid Environments,Egypt; Oman
2-s2.0-10244234101,Growth parameters and predictors of growth in short children with and without growth hormone (GH) deficiency treated with human GH: A randomized controlled study,10.1093/tropej/42.5.281,1996,Journal of Tropical Pediatrics,Egypt; Oman
2-s2.0-0030481409,"Interleukin-1-beta, tumour necrosis factor-alpha, islet-cell antibody, and insulin secretion in children with thalassemia major on long-term blood transfusion",10.1093/tropej/42.6.362,1996,Journal of Tropical Pediatrics,Egypt; Oman
2-s2.0-0031272267,International research and development trends and problems of HVDC cables with polymeric insulation,10.1109/57.637152,1997,IEEE Electrical Insulation Magazine,Denmark; Egypt; Oman; United States
2-s2.0-0030858653,Intraventricular haemorrhage in premature infants: A study from Oman,10.1093/tropej/43.3.174,1997,Journal of Tropical Pediatrics,Egypt; Oman
2-s2.0-0347702350,Rheumatic heart disease among Omani schoolchildren,10.26719/1997.3.1.17,1997,Eastern Mediterranean Health Journal,Egypt; Oman
2-s2.0-0031042824,Comparison of the changes in the a/A oxygen ratio after administration of two surfactants for the treatment of neonatal respiratory distress syndrome,10.1093/tropej/43.1.38,1997,Journal of Tropical Pediatrics,Egypt; Oman
2-s2.0-0030924324,Congenital adrenal hyperplasia complicated by central precocious puberty: Linear growth during infancy and treatment with gonadotropin- releasing hormone analog,10.1016/S0026-0495(97)90186-4,1997,Metabolism Clinical and Experimental,Egypt; Oman
2-s2.0-2442639320,"Rhenium-Picric acid complex and some CNDO -calculations on TNB, TNT and Picric acid",10.1080/00387019708006673,1997,Spectroscopy Letters,Egypt; Oman
2-s2.0-84933480500,The effect of the teacher's reading aloud on the reading comprehension of EFL students,10.1093/elt/51.1.43,1997,Elt Journal,Egypt; Oman
2-s2.0-0031185508,The relationship between goal programming and fuzzy programming,10.1016/S0165-0114(96)00100-5,1997,Fuzzy Sets and Systems,Egypt; Oman
2-s2.0-0031044078,Growth parameters and endocrine function in relation to echocardiographic parameters in children and adolescents with compensated rheumatic heart disease,10.1093/tropej/43.1.4,1997,Journal of Tropical Pediatrics,Egypt; Oman
2-s2.0-0031719423,Defective growth hormone (GH) secretion and short-term treatment in Noonan syndrome,10.1007/BF02731057,1998,Indian Journal of Pediatrics,Egypt; Oman
2-s2.0-0032214979,Unsteady MHD flow near a rotating porous disk with uniform suction or injection,10.1016/S0169-5983(98)80011-7,1998,Fluid Dynamics Research,Egypt; Oman
2-s2.0-0032056621,"Interleukin-1-β, Tumor Necrosis Factor-α, Insulin Secretion and Oral Glucose Tolerance in Non-Diabetic Siblings of Children with IDDM",10.1007/BF02761143,1998,Indian Journal of Pediatrics,Egypt; Oman
2-s2.0-0031826766,"Decreased bone mineral density in prepubertal children with sickle cell disease: Correlation with growth parameters, degree of siderosis and secretion of growth factors",10.1093/tropej/44.4.194,1998,Journal of Tropical Pediatrics,Egypt; Oman
2-s2.0-0033476132,"Mycoflora and changes of safflower, wheat and faba bean seed quality during the storage",,1999,Rostlinna Vyroba,Egypt; Oman
2-s2.0-0347503175,Temperature dependence of the optical band gap of nearly perfect K2ZnCl4 single crystals in the ferroelectric phase,10.1016/S0921-4526(99)00222-7,1999,Physica B Condensed Matter,Egypt; Oman
2-s2.0-0033123136,"Permanent neonatal diabetes mellitus : Epidemiology, mode of presentation, pathogenesis and growth",10.1007/BF02845526,1999,Indian Journal of Pediatrics,Egypt; Oman
2-s2.0-0032600695,Blood pressure patterns among the Omani population,10.26719/1999.5.1.46,1999,Eastern Mediterranean Health Journal,Egypt; Oman
2-s2.0-84888643934,Utilization of cottonseed protein in preparing new edible food products,10.1016/B978-0-444-88834-1.50009-0,1992,Developments in Food Science,Egypt; Palestine
2-s2.0-85076742686,Two methods (numerical and analytical) of the analysis of complex moving waveguides,10.1117/12.324576,1998,Proceedings of SPIE the International Society for Optical Engineering,Egypt; Palestine
2-s2.0-0033164726,Metal-clad multilayer waveguide: circle-chain convergent method and two perturbation methods,10.1023/A:1021739314903,1999,International Journal of Infrared and Millimeter Waves,Egypt; Germany; Palestine
2-s2.0-0033116887,Exact and analytical methods for finding complex roots of moving waveguides with absorbing layers,10.1023/A:1022613210948,1999,International Journal of Infrared and Millimeter Waves,Egypt; Germany; Palestine
2-s2.0-0033164567,Perturbation method for complex root finding of nonlinear electromagnetic waves,10.1023/A:1021783029924,1999,International Journal of Infrared and Millimeter Waves,Egypt; Germany; Palestine
2-s2.0-0025481994,Analysis of frames containing cracks and resting on elastic foundations,10.1007/BF00037168,1990,International Journal of Fracture,Egypt; Qatar
2-s2.0-0025059127,Constituents of plants growing in Qatar - Part XIX. Flavonoids of Glossonema edule N. E. Br.,10.1007/BF02193774,1990,Plant Foods for Human Nutrition,Egypt; Qatar
2-s2.0-84985143855,Inhibitive Effect of Butyltin Trichloride on Dissolution and Localized Corrosion of Aluminium in Sodium Hydroxide and Hydrochloric Acid,10.1002/jccs.199000007,1990,Journal of the Chinese Chemical Society,Egypt; Qatar
2-s2.0-0025497878,Photoelastic and theoretical analyses of cracked frames,10.1007/BF00036274,1990,International Journal of Fracture,Egypt; Qatar
2-s2.0-84958299570,Note on Certain Subclass of Close-To-Convex Functions of Order α,10.1155/S0161171290000278,1990,International Journal of Mathematics and Mathematical Sciences,Egypt; Japan; Qatar
2-s2.0-2442541254,Daphnane diterpenes of Thymelaea hirsuta,10.1016/0031-9422(90)83044-2,1990,Phytochemistry,Egypt; Qatar; United Kingdom
2-s2.0-0026398770,A study of azo-hydrazone tautomerism in 3-phenyl-4-arylazo-5-isozaolones by1H-NMR spectra of15N-labeled compounds and HMO method,10.1007/BF02876862,1991,Archives of Pharmacal Research,Egypt; Qatar
2-s2.0-44949271986,Nitron tetrachloroaurate(III) electrodes with poly(vinyl chloride) and liquid membranes for the selective determination of gold,10.1016/0039-9140(91)80181-X,1991,Talanta,Egypt; Qatar
2-s2.0-0026366383,Use of treated effluent in concrete mixing in an arid climate,10.1016/0958-9465(91)90009-7,1991,Cement and Concrete Composites,Egypt; Qatar
2-s2.0-84916581261,Thermodynamic Studies on Cuprous Sulfide,10.1524/zpch.1991.171.Part_2.231,1991,Zeitschrift Fur Physikalische Chemie,Egypt; Qatar
2-s2.0-84994930494,Thermal dimensional stability of isotropic polyoxymethylene,10.1002/pat.1991.220020503,1991,Polymers for Advanced Technologies,Egypt; Qatar
2-s2.0-84988987184,Protein requirements for optimum growth of Liza ramada fry (Mugilidae) at different water salinities,10.1051/alr:1991011,1991,Aquatic Living Resources,Egypt; Qatar
2-s2.0-37049080622,"Novel synthesis of indans, tetralones, condensed benzocarbocyclic nitrites and condensed pyridine-2(1H)-thiones from the reactions of cycloalkylidene-malononitriles with arylmethylene(cyano)-acetamide and -thioacetamide",,1992,Journal of the Chemical Society Perkin Transactions 1,Egypt; Qatar
2-s2.0-0010149746,Level structure of154Gd,10.1007/BF03054274,1992,Acta Physica Hungarica,Egypt; Qatar
2-s2.0-0026962077,Critical behaviour in the commensurate-incommensurate phase transition of pure and ϒ-irradiated lirbs04 crystals,10.1080/01411599208213203,1992,Phase Transitions,Egypt; Qatar
2-s2.0-84963166610,Field induced phase in ic-c phase of LiRbSO44crystals,10.1080/01411599208203460,1992,Phase Transitions,Egypt; Qatar
2-s2.0-0026848022,Pressure Dependence of the Electrical Potential and Electron Temperature in a Microwave-Generated Plasma,10.1109/27.134024,1992,IEEE Transactions on Plasma Science,Egypt; Qatar
2-s2.0-37049085734,Poly(vinyl chloride) matrix membrane electrodes for manual and flow injection determination of metal azides,10.1039/AN9921701683,1992,Analyst,Egypt; Qatar
2-s2.0-0001067883,Liquid and poly (vinyl chloride) matrix membrane electrodes for the selective determination of cocaine in illicit powders,10.1016/0039-9140(92)80246-A,1992,Talanta,Egypt; Qatar
2-s2.0-0026682035,A fast quadratic programming approach for large-scale reactive power optimization,10.1080/07313569208909565,1992,Electric Machines and Power Systems,Egypt; Qatar
2-s2.0-34250079038,"Determination of amitriptyline, imipramine and orphenadrine in antidepressant drugs by potentiometry, spectrophotometry and atomic absorption spectrometry",10.1007/BF01243988,1993,Mikrochimica Acta,Egypt; Qatar
2-s2.0-0027611265,Natural Convection Mass Transfer at a Fixed Bed of Cylinders,10.1021/ie00018a032,1993,Industrial and Engineering Chemistry Research,Egypt; Qatar
2-s2.0-84907105190,Constituents of plants growing in Qatar XX. Phytochemical investigation of anastatica hierochuntica: NOTE,10.3109/13880209309082963,1993,Pharmaceutical Biology,Egypt; Qatar
2-s2.0-33646643434,"Ruthenium(II) Complexes of O,N-donor Schiff base ligands and their use as catalytic organic oxidants",10.1016/S0277-5387(00)83051-X,1993,Polyhedron,Egypt; Qatar
2-s2.0-0027887705,Thermal neutrons induced defect in nonstoichiometric lithium potassium sulphate crystals,10.1080/10420159308220316,1993,Radiation Effects and Defects in Solids,Egypt; Qatar; Saudi Arabia
2-s2.0-0028768772,Thermal and catalytic behaviour of grafted polytetrafluoroethylene (PTFE) pretreated with some transition metal nitrates,10.1016/0926-860X(94)80332-3,1994,Applied Catalysis A General,Egypt; Qatar
2-s2.0-0028197861,Structure‐thermal expansivity relation for isotropic polyoxymethylene sheets,10.1002/pen.760340212,1994,Polymer Engineering Science,Egypt; Qatar
2-s2.0-0028179859,Trade-off between sexual and vegetative reproduction of the weedy heliotropium curassavicum,10.1006/jare.1994.1059,1994,Journal of Arid Environments,Egypt; Qatar
2-s2.0-0028539322,"Kinetics and mechanism of H2O2 decomposition by Cu(II)‐, Co(II)‐, and Fe(III)‐Amine complexes on the surface of Silica‐Alumina (25% Al2O3)",10.1002/kin.550261102,1994,International Journal of Chemical Kinetics,Egypt; Qatar
2-s2.0-21344495727,Synthesis of several n-substituted amino-2-pyridones,10.1080/00304949409458037,1994,Organic Preparations and Procedures International,Egypt; Qatar
2-s2.0-0028569697,Effects of gamma-irradiation and Li2O-doping on surface and catalytic properties of unloaded Co3O4 solid,10.1007/BF02041296,1994,Journal of Radioanalytical and Nuclear Chemistry Articles,Egypt; Qatar
2-s2.0-27544434470,Glycosides of Heterocycles: A Direct Route to 1‐(β‐D‐Glycopyranosyl)pyridinethione Nucleosides,10.1002/jlac.199419940919,1994,Liebigs Annalen Der Chemie,Egypt; Qatar
2-s2.0-37049088567,Nucleotides and nucleosides: Direct route to condensed pyridinethione carbocyclic nucleosides related to 3-deazauridine,10.1039/p19940001285,1994,Journal of the Chemical Society Perkin Transactions 1,Egypt; Qatar
2-s2.0-0028253136,Preconcentration and separation of phenols from water by polyurethane foams,10.1080/01496399408002484,1994,Separation Science and Technology,Egypt; Qatar; United Arab Emirates
2-s2.0-0029545067,"Environment and diagenesis of an Upper Cretaceous bioclastic oyster limestone bed, Red Sea Coast, Egypt",10.1007/BF02537447,1995,Facies,Egypt; Qatar
2-s2.0-0010794334,Variational treatment of positronium molecules,10.1088/0953-4075/28/22/021,1995,Journal of Physics B Atomic Molecular and Optical Physics,Egypt; Qatar
2-s2.0-0029028864,Synthesis of n-glycosylated pyridines as new antiviral agents,10.1080/15257779508010701,1995,Nucleosides and Nucleotides,Egypt; Qatar
2-s2.0-0028852244,Mineralogical and geochemical compositions of modern bivalve shells from the Mediterranean coast of Egypt,10.1007/BF00824360,1995,Geojournal,Egypt; Qatar
2-s2.0-21844514720,Inhibition of the corrosion of iron by oxygen and nitrogen containing compounds,10.1007/BF00813198,1995,Monatshefte Fur Chemie Chemical Monthly,Egypt; Qatar
2-s2.0-0039158529,Kinetics and mechanism of oxidation of 4-(phenylazo)diphenylamine with peroxydisulphate,10.1524/zpch.1995.192.Part_1.087,1995,Zeitschrift Fur Physikalische Chemie,Egypt; Qatar
2-s2.0-84988168832,Corrosion Inhibition of iron in 2M hydrochloric acid solution,10.1002/mawe.19950260707,1995,Materialwissenschaft Und Werkstofftechnik,Egypt; Qatar
2-s2.0-84988072932,Flow injection potentiometric determination of harmine and harmaline hallucinogens,10.1002/elan.1140070711,1995,Electroanalysis,Egypt; Qatar
2-s2.0-0028975847,Inhibition of seed germination and seedling growth byCleome droserifolia and allelopathic effect on rhizosphere fungi in Egypt,10.1016/S0140-1963(95)80059-X,1995,Journal of Arid Environments,Egypt; Qatar
2-s2.0-0028992368,Forced convection solid - liquid mass transfer at a fixed bed of Raschig rings,10.1016/0735-1933(94)00057-R,1995,International Communications in Heat and Mass Transfer,Egypt; Qatar
2-s2.0-0029230633,Effect of lithium oxide doping on surface and catalytic properties of NiO Fe2O3 solids,10.1016/0167-577X(94)00223-1,1995,Materials Letters,Egypt; Qatar
2-s2.0-0029752848,Coral reef grounds and its associated biota in the western side of 1 the Arabian Gulf (ROPME Sea Area) with respect to 1991 Gulf war oil spill,,1996,Indian Journal of Marine Sciences,Egypt; Qatar
2-s2.0-7944238951,"Haemogregarina damiettae sp. n., a blood parasite of the lacertid Acanthodactylus boskianus in Egypt",,1996,Acta Parasitologica,Egypt; Qatar
2-s2.0-0030595521,Activity of silica-alumina surface modified with some transition metal ions,10.1016/0927-7757(96)03711-9,1996,Colloids and Surfaces A Physicochemical and Engineering Aspects,Egypt; Qatar
2-s2.0-0030513259,Changes in levels of phosphoenolpyruvate carboxylase with induction of Crassulacean acid metabolism (CAM)-like behavior in the C4 plant Portulaca oleracea,10.1034/j.1399-3054.1996.980113.x,1996,Physiologia Plantarum,Egypt; Qatar
2-s2.0-0029911916,Eutrophication in the coastal waters of Alexandria following the increase in phosphorus load,,1996,Fresenius Environmental Bulletin,Egypt; Qatar
2-s2.0-0029722760,Dielectric dispersion in pure and doped lithium rubidium sulphate,10.1080/10420159608211531,1996,Radiation Effects and Defects in Solids,Egypt; Qatar
2-s2.0-0030246994,The corrosion of graphite/copper composites in different aqueous environments,10.1016/0167-577X(94)00095-6,1996,Materials Letters,Egypt; Qatar
2-s2.0-0030511007,Oxidation Kinetics and Fluorescence Quenching of Coumarin-1 Laser Dye with Peroxodisulfate,10.1007/BF00807025,1996,Monatshefte Fur Chemie,Egypt; Qatar
2-s2.0-0030127292,Liquid-solid mass transfer in packed beds of Raschig rings with upward two-phase (gas-liquid) flow,10.1016/0923-0467(95)03050-6,1996,Chemical Engineering Journal and the Biochemical Engineering Journal,Egypt; Qatar
2-s2.0-0030149378,Analysis of the thermal expansion behavior of oriented polyoxymethylene sheets,10.1002/pen.10532,1996,Polymer Engineering and Science,Egypt; Qatar
2-s2.0-0029668737,"Alkyllead species in the coastal waters of Alexandria, Egypt",10.1016/0269-7491(95)00016-K,1996,Environmental Pollution,Egypt; Qatar
2-s2.0-0345082159,"Kinetic Determination of Morphine in Illicit Powders, Using a Fluoride Selective Electrode, Based on Reaction with 1-Fluoro-2,4-dinitrobenzene",10.1007/BF01244957,1996,Mikrochimica Acta,Egypt; Qatar
2-s2.0-0030274274,"Aptian-Turonian palynology of the Ghazalat-1 well (GTX-1), Qattara Depression, Egypt",10.1016/0034-6667(95)00135-2,1996,Review of Palaeobotany and Palynology,Egypt; Qatar
2-s2.0-5244365498,Effect of different activators on thermoluminescence properties of gamma irradiated cement clinker and its ferrite phase,10.1080/10420159608211550,1996,Radiation Effects and Defects in Solids,Egypt; Qatar
2-s2.0-0029734654,Surface and catalytic properties of gamma-irradiated CuO and NiO catalysts,10.1016/0167-577X(95)00192-1,1996,Materials Letters,Egypt; Qatar
2-s2.0-0030236119,Effect of 25-Azacholestane on Argas (Argas) hermanni (Ixodoidea: Argasidae),10.1093/jmedent/33.5.783,1996,Journal of Medical Entomology,Egypt; Qatar
2-s2.0-24944509293,"Sedimentological and palynological characteristics of mangrove sediments, North Qatar",10.1127/njgpa/200/1996/309,1996,Neues Jahrbuch Fur Geologie Und Palaontologie Abhandlungen,Egypt; Qatar
2-s2.0-0029712892,On the studies of thermodynamics properties of fast neutron irradiated (LixK1-x)2SO4 crystals,10.1080/10420159608211534,1996,Radiation Effects and Defects in Solids,Egypt; Qatar; Saudi Arabia
2-s2.0-0345622255,"On some Eocene larger foraminifera from Qatar, Arabian Gulf",10.1127/njgpm/1996/1996/345,1996,Neues Jahrbuch Fur Geologie Und Palaontologie Monatshefte,Egypt; Qatar; United Arab Emirates
2-s2.0-0030785203,Synthesis of some novel condensed pyridine-2(1H)-thiones and related glycosides,10.1016/S0040-4020(97)10192-2,1997,Tetrahedron,Egypt; Qatar
2-s2.0-3342991660,"Dissolved copper, cadmium and lead in the coastal waters of Qatar, Arabian Gulf",,1997,Indian Journal of Marine Sciences,Egypt; Qatar
2-s2.0-0031414208,Fatty acid composition of twelve algae from the coastal zones of Qatar,10.1023/A:1007980227542,1997,Plant Foods for Human Nutrition,Egypt; Qatar
2-s2.0-0030816901,Determination of glafenine in dosage forms and serum by thin layer densitometry and high performance liquid chromatography,10.1016/S0731-7085(97)00019-8,1997,Journal of Pharmaceutical and Biomedical Analysis,Egypt; Qatar
2-s2.0-0031194427,Man-made impact on the geochemistry of the Nile delta lakes. A study of metals concentrations in sediments,10.1023/A:1026478509772,1997,Water Air and Soil Pollution,Egypt; Qatar
2-s2.0-0030936302,Chromium distribution in waters and sediments of the eastern side of The Qatari Peninsula,10.1016/S0048-9697(96)05339-9,1997,Science of the Total Environment,Egypt; Qatar
2-s2.0-0001955835,Inhibition of the acid corrosion of iron with haloacetic acids,,1997,Bulletin of Electrochemistry,Egypt; Qatar
2-s2.0-5244238808,Defect induced changes in the ferroelastic phase of LiKSO4 crystals,10.1080/10420159708216861,1997,Radiation Effects and Defects in Solids,Egypt; Qatar
2-s2.0-0031239489,Solid - Liquid mass transfer at gas sparged fixed bed of Rasching rings,10.1016/S0735-1933(97)00058-4,1997,International Communications in Heat and Mass Transfer,Egypt; Qatar
2-s2.0-0030690132,Mercurimetric potentiometric determination of barbiturates using a solid-state iodide ion-selective electrode,10.1080/00032719708004040,1997,Analytical Letters,Egypt; Qatar
2-s2.0-0030615707,"Industrial dumping impact on oxygen and nitrogen fluxes in Abu Qir Bay, Southeastern Mediterranean Sea",10.1016/S0160-4120(97)00037-8,1997,Environment International,Egypt; Qatar
2-s2.0-0031354845,Radon concentration determination in some dwellings of Doha city of Qatar,10.1016/S1350-4487(97)00147-9,1997,Radiation Measurements,Egypt; Qatar
2-s2.0-0030701459,Changes in the electrical properties of pure and doped polymers under the influence of small doses of X-rays,10.1080/10420159708216846,1997,Radiation Effects and Defects in Solids,Egypt; Qatar
2-s2.0-0042722727,"Callovian-Oxfordian (Middle-Upper Jurassic) microplankton and miospores from the Masajid Formation, WX1 borehole, El Maghara area, North Sinai, Egypt: Biostratigraphy and palaeoenvironmental interpretations",10.1127/njgpa/204/1997/379,1997,Neues Jahrbuch Fur Geologie Und Palaontologie Abhandlungen,Egypt; Qatar
2-s2.0-0031544493,"Accumulation of cadmium, lead and strontium, and a role of calcium oxalate in water hyacinth tolerance",10.1023/A:1001174132428,1997,Biologia Plantarum,Egypt; Qatar
2-s2.0-0032474988,Production of positronium in ground- And excited-states from positron-lithium scattering,10.1016/S0168-583X(98)00272-9,1998,Nuclear Instruments and Methods in Physics Research Section B Beam Interactions with Materials and Atoms,Egypt; Qatar
2-s2.0-0342600031,Existence of four-body molecules,10.1088/0953-4075/31/9/009,1998,Journal of Physics B Atomic Molecular and Optical Physics,Egypt; Qatar
2-s2.0-0031950347,A synthetic strategy to a new class of cycloalkane ring-fused pyridine nucleosides as potential anti HIV agents,10.1080/07328319808003458,1998,Nucleosides and Nucleotides,Egypt; Qatar
2-s2.0-0031606022,Quadrature methods with regularization technique for singularly perturbed Volterra integral equations,10.1080/00207169808804696,1998,International Journal of Computer Mathematics,Egypt; Qatar
2-s2.0-0032216339,A problem in generalized magneto-thermoelasticity for an infinitely long annular cylinder,10.1023/a:1004376014083,1998,Journal of Engineering Mathematics,Egypt; Qatar
2-s2.0-0031874522,Synthesis of 1-(β-D-glycopyranosyl)-3-deazapyrimidines from 2-hydroxy and 2-mercaptopyridines,10.1080/07328319808003474,1998,Nucleosides and Nucleotides,Egypt; Qatar
2-s2.0-0032208014,A short time solution for a problem in thermoelasticity of an infinite medium with a spherical cavity,10.1080/01495739808956178,1998,Journal of Thermal Stresses,Egypt; Qatar
2-s2.0-0032097471,Evolution of production practice and reservoir management of the winter field,10.2118/98-06-02,1998,Journal of Canadian Petroleum Technology,Canada; Egypt; Qatar; Saudi Arabia
2-s2.0-0033309371,Series-connected self-excited synchronous generator: Steady state and transient behaviors,10.1109/60.815035,1999,IEEE Transactions on Energy Conversion,Egypt; Qatar
2-s2.0-0342905112,"Petrology, mineralogy and sedimentation of the coastal Quaternary carbonates in Qatar, Arabian Gulf",,1999,Carbonates and Evaporites,Egypt; Qatar; United Arab Emirates
2-s2.0-0344609835,Alpha particle absorption and inclined incidence track parameters evaluation in plastic detectors,10.1016/S0969-806X(98)00292-8,1999,Radiation Physics and Chemistry,Egypt; Qatar
2-s2.0-0033136409,Beach tar contamination on the Qatari coastline of the gulf,10.1016/S0160-4120(99)00011-2,1999,Environment International,Egypt; Qatar
2-s2.0-0032712834,Study on ferroelastic characteristics of gamma irradiated lithium potassium sulfate crystal,10.1016/S0167-577X(98)00151-7,1999,Materials Letters,Egypt; Qatar
2-s2.0-0033332505,A two-dimensional generalized thermoelasticity problem for a half-space,10.1080/014957399280616,1999,Journal of Thermal Stresses,Egypt; Qatar
2-s2.0-0033012838,Solid-state planar microsensors for selective potentiometric determination of ethylmorphine,10.1080/00032719908542820,1999,Analytical Letters,Egypt; Qatar
2-s2.0-0032720699,Synthesis of N-glycosylated pyridines as new antimetabolite agents,10.1080/07328319908044886,1999,Nucleosides and Nucleotides,Egypt; Qatar
2-s2.0-0033317811,Registration efficiency of some SSNTDs with source area included,10.1016/S0168-583X(99)00485-1,1999,Nuclear Instruments and Methods in Physics Research Section B Beam Interactions with Materials and Atoms,Egypt; Qatar
2-s2.0-0032745826,Synthesis and biological activity of modified thiopyrimidine nucleosides,10.1080/07328319908044883,1999,Nucleosides and Nucleotides,Egypt; Qatar; United Arab Emirates
2-s2.0-0032716482,Synthesis of some pyridine ribosides and their biological activity,10.1080/07328319908044882,1999,Nucleosides and Nucleotides,Egypt; Qatar; United Arab Emirates
2-s2.0-0009040004,Electron donor-electron acceptor complexes of carbonyldi-imidazoles and thiocarbonyldi-imidazoles with iodine. Effect of solvent polarity,10.1039/FT9908600293,1990,Journal of the Chemical Society Faraday Transactions,Egypt; Saudi Arabia
2-s2.0-0025651465,"A one step synthesis of 1,3-disubstituted indeno[1,2-c] pyrazol-4(1H)-ones",10.1007/BF02858180,1990,Archives of Pharmacal Research,Egypt; Saudi Arabia
2-s2.0-0001877594,High-temperature oxidation of Al-Mg alloys,10.1007/BF00665021,1990,Oxidation of Metals,Egypt; Saudi Arabia
2-s2.0-34249958682,Nucleus-nucleus collisions at high energies,10.1007/BF01292867,1990,Zeitschrift Fur Physik A Atomic Nuclei,Egypt; Saudi Arabia; Yemen
2-s2.0-84963439966,Synthesis and reactions of triphenylphosphoniminoglyoxalic acid anilide arylhydrazones,10.1080/10426509008038034,1990,Phosphorus Sulfur and Silicon and the Related Elements,Egypt; Saudi Arabia
2-s2.0-0025096233,Synthesis and cycloaddition reactions of N-aryl-2-furohydrazonyl chlorides,10.1007/BF02857788,1990,Archives of Pharmacal Research,Egypt; Saudi Arabia
2-s2.0-0346366523,Squeezing in a photodetection model,10.1016/0378-4371(90)90253-O,1990,Physica A Statistical Mechanics and Its Applications,Egypt; Saudi Arabia
2-s2.0-80053390709,Synthesis and antibacterial activity of some new pyridyl diarylsulfide and diarylsulfones,10.1080/10426509008045887,1990,Phosphorus Sulfur and Silicon and the Related Elements,Egypt; Saudi Arabia
2-s2.0-0025414241,Huffman Code-Fed Omnidirectional Acoustical Arrays,10.1109/29.52699,1990,IEEE Transactions on Acoustics Speech and Signal Processing,Egypt; Saudi Arabia
2-s2.0-45149135768,Dynamics of a non-linear Jaynes-Cummings model,10.1016/0378-4371(90)90440-4,1990,Physica A Statistical Mechanics and Its Applications,Egypt; Saudi Arabia
2-s2.0-0025093677,Digital simulation of industrial fluid catalytic cracking units: bifurcation and its implications,10.1016/0009-2509(90)87042-Q,1990,Chemical Engineering Science,Egypt; Saudi Arabia
2-s2.0-0025474961,Investigation of the precipitation process in Al-Si alloys,10.1088/0022-3727/23/8/020,1990,Journal of Physics D Applied Physics,Egypt; Saudi Arabia
2-s2.0-0025550761,Influence of Superconducting Generators on Steady-State Stability of Multi-Machine Power Systems,10.1016/S1018-3639(18)30876-6,1990,Journal of King Saud University Engineering Sciences,Egypt; Saudi Arabia
2-s2.0-0025594383,The use of mathematical modelling to investigate the effect of chemisorption on the dynamic behavior of catalytic reactors. Partial oxidation of o-xylene in fluidized beds,10.1016/0895-7177(90)90039-P,1990,Mathematical and Computer Modelling,Egypt; Saudi Arabia
2-s2.0-0025554425,A combined UBET/FEM investigation of metal flow and stress analysis of dies in extrusion processes,10.1016/0924-0136(90)90204-8,1990,Journal of Materials Processing Tech,Egypt; Saudi Arabia
2-s2.0-0025554486,New Results on the Application of Alkaline Waterflooding to High Acidity Crude oil,10.1016/S1018-3639(18)30530-0,1990,Journal of King Saud University Engineering Sciences,Egypt; Saudi Arabia
2-s2.0-0025157198,Three-rooted permanent mandibular first molars of Asian and black groups in the Middle East,10.1016/0030-4220(90)90276-X,1990,Oral Surgery Oral Medicine Oral Pathology,Egypt; Saudi Arabia
2-s2.0-0025468330,Assessment of steady state stability of a multimachine power system with and without a superconducting alternator,10.1109/59.65899,1990,IEEE Transactions on Power Systems,Egypt; Saudi Arabia
2-s2.0-0025156462,Diffusion controlle d corrosion of pipelines under turbulent flow conditions,10.1179/000705990798269522,1990,British Corrosion Journal,Egypt; Saudi Arabia
2-s2.0-0025550687,Other options of mass and energy input for steam jet refrigeration systems,10.1016/0300-9467(90)80032-8,1990,Chemical Engineering Journal,Egypt; Saudi Arabia
2-s2.0-0025266924,Synthesis and biological activity of some new 2‐chlorophenothiazine derivatives,10.1002/jctb.280470303,1990,Journal of Chemical Technology Biotechnology,Egypt; Saudi Arabia
2-s2.0-0025489563,Comparison between the steady-state performance of self-excited reluctance and induction generators,10.1109/60.105276,1990,IEEE Transactions on Energy Conversion,Egypt; Saudi Arabia
2-s2.0-0025597623,Digital simulation of industrial fluid catalytic cracking units-II. Effect of charge stock composition on bifurcation and gasoline yield,10.1016/0009-2509(90)80187-J,1990,Chemical Engineering Science,Egypt; Saudi Arabia
2-s2.0-0026267561,"Motion of artificial satellites in the set of Eulerian redundant parameters, II",10.1007/BF00054617,1991,Earth Moon and Planets,Egypt; Saudi Arabia
2-s2.0-0026308052,The motion of artificial satellites in the set of Eulerian redundant parameters,10.1007/BF00058994,1991,Earth Moon and Planets,Egypt; Saudi Arabia
2-s2.0-0242715709,A distributed parameter diffusion-reaction model for the alcoholic fermentation process,10.1007/BF02922037,1991,Applied Biochemistry and Biotechnology,Egypt; Saudi Arabia
2-s2.0-44949281105,Recent measurements of flame acceleration in semiconfined geometries,10.1016/0950-4230(91)80037-U,1991,Journal of Loss Prevention in the Process Industries,Egypt; Saudi Arabia
2-s2.0-34249918257,Growth and optical properties of ZnIn2Se4 films,10.1007/BF00544664,1991,Journal of Materials Science,Egypt; Saudi Arabia
2-s2.0-84929985423,Strength and durability of sulfur mortar,10.1061/(ASCE)0899-1561(1991)3:2(154),1991,Journal of Materials in Civil Engineering,Egypt; Saudi Arabia
2-s2.0-0026140520,Hybrid delta modulators for digital encoding at low bit rates,10.1080/00207219108921320,1991,International Journal of Electronics,Egypt; Saudi Arabia
2-s2.0-0342697810,Effect of two corexit dispersants in the removal of arabian light and heavy crude oils from seawater surface,10.1080/02772249109357671,1991,Toxicological Environmental Chemistry,Egypt; Saudi Arabia
2-s2.0-0342778742,The Interval Eigenvalue Problem,10.1002/zamm.19910710117,1991,ZAMM Journal of Applied Mathematics and Mechanics Zeitschrift Fur Angewandte Mathematik Und Mechanik,Egypt; Saudi Arabia
2-s2.0-0026084602,Hydroconversion of n‐heptane on platinum/H‐Mordenite catalysts prepared via different routes,10.1002/jctb.280500208,1991,Journal of Chemical Technology Biotechnology,Egypt; Saudi Arabia
2-s2.0-0026239807,Crystalline Character of Native and Chemically Treated Saudi Arabian Cotton Fibers,10.1177/004051759106101007,1991,Textile Research Journal,Egypt; Saudi Arabia
2-s2.0-84950059386,"Patterns of serum calcium fractions, magnesium, phosphates and albumin in non-insulin dependent diabetics (NIDD)",10.1080/02772249109357634,1991,Toxicological Environmental Chemistry,Egypt; Saudi Arabia
2-s2.0-0026374048,Polymeric materials for photoelectrochemical cells for hydrogen production,10.1016/0360-3199(91)90072-Q,1991,International Journal of Hydrogen Energy,Egypt; Saudi Arabia
2-s2.0-0026238833,Propagation-Medium Matched Direct-Sequence (PM-MDS) Spread-Spectrum Signals,10.1109/8.97375,1991,IEEE Transactions on Antennas and Propagation,Egypt; Saudi Arabia
2-s2.0-0026203632,Effect of Carbon Content and Heat Treatment on Barkhausen Jumps in Steel,10.1002/pssa.2211260216,1991,Physica Status Solidi A,Egypt; Saudi Arabia
2-s2.0-0026026856,Synthesis and Biological Activities of Some Pyrrolopyrazoles and 2‐Pyrazolines,10.1002/ardp.19913240110,1991,Archiv Der Pharmazie,Egypt; Saudi Arabia
2-s2.0-0000614755,Multimode and multiphoton processes in a non-linear Jaynes-Cummings model,10.1016/0378-4371(91)90051-D,1991,Physica A Statistical Mechanics and Its Applications,Egypt; Saudi Arabia
2-s2.0-0026125791,Experimental investigation of an annular jet,10.1016/0167-6105(91)90070-D,1991,Journal of Wind Engineering and Industrial Aerodynamics,Egypt; Saudi Arabia
2-s2.0-84950002915,Effect of some clinically used anions in assays of total and ionized calcium in serum,10.1080/02772249109357632,1991,Toxicological Environmental Chemistry,Egypt; Saudi Arabia
2-s2.0-0025882660,"Investigation of diuretic drug plants. 1. Phytochemical screening and pharmacological evaluation of Anethum graveolens L., Apium graveolens L., Daucus carota L. and Eruca sativa mill",10.1002/ptr.2650050406,1991,Phytotherapy Research,Egypt; Saudi Arabia
2-s2.0-0026221838,Volumetric rock quality designation,10.1061/(ASCE)0733-9410(1991)117:9(1331),1991,Journal of Geotechnical Engineering,Egypt; Saudi Arabia; Turkey
2-s2.0-0038478652,Chelate formation by hydrazones,10.1007/BF02910747,1992,Transition Metal Chemistry,Egypt; Saudi Arabia
2-s2.0-0013052413,"Synthesis of several new isoxazole, imidazo[1,2-a]pyridine, imidazo[1,2-a]pyrimidine, benzoxadiazine and benzothiazine derivatives from hydroximoyl halides",10.1007/BF02974105,1992,Archives of Pharmacal Research,Egypt; Saudi Arabia
2-s2.0-2542431340,"Reactions with hydrazidoyl halides vii1: Synthesis of several new annelated pyrazole, quinazoline and thiazole derivatives",10.1080/10426509208031547,1992,Phosphorus Sulfur and Silicon and the Related Elements,Egypt; Saudi Arabia
2-s2.0-0040100519,Synthesis and characterization of new metal complexes of 4-(benzoyl or phenyl)-1-(2-pyridyl)-3-thiosemicarbazide and 4-phenyl-h2-pyridyl)-3-semicarbazide,10.1080/15533179208020259,1992,Synthesis and Reactivity in Inorganic and Metal Organic Chemistry,Egypt; Saudi Arabia
2-s2.0-34249839351,Sensitivity of approximate formulas for determining optical constants of thin films,10.1007/BF01598730,1992,Czechoslovak Journal of Physics,Egypt; Saudi Arabia
2-s2.0-0026772602,Inhibition of superoxide anion release from human polymorphonuclear leukocytes by N-acetyl-galactosamine and N-acetyl-glucosamine,10.1007/BF02207968,1992,Clinical Rheumatology,Egypt; Saudi Arabia
2-s2.0-38249012943,Invariant probabilistic metrizability of fuzzy neighbourhood groups,10.1016/0165-0114(92)90182-4,1992,Fuzzy Sets and Systems,Egypt; Saudi Arabia
2-s2.0-77957176016,Letters to the editor,10.1093/tropej/38.2.93,1992,Journal of Tropical Pediatrics,Egypt; Saudi Arabia
2-s2.0-0027078135,"Reactions with halogenated compound: Synthesis of several new pyrazolo[3,2-c] triazine and 2-benzenesulfonylglyoxal arylhydrazone derivatives",10.1007/BF02973978,1992,Archives of Pharmacal Research,Egypt; Saudi Arabia
2-s2.0-34249837099,"Electrical conduction in some gamma irradiated and unirradiated two-dimensional compounds, (CH2)8(NH3)2Co1-xZnxCl4",10.1007/BF00701085,1992,Journal of Materials Science Materials in Electronics,Egypt; Saudi Arabia
2-s2.0-33845982256,Motion of artificial satellites in the set of Eulerian redundant parameters (III),10.1007/BF00056354,1992,Earth Moon and Planets,Egypt; Saudi Arabia
2-s2.0-0027102610,Fibre-optic sigmoidoscopy compared with the Kato technique in diagnosis and evaluation of the intensity of Schistosoma mansoni infection,10.1016/0035-9203(92)90169-D,1992,Transactions of the Royal Society of Tropical Medicine and Hygiene,Egypt; Saudi Arabia
2-s2.0-85067520235,Design and validation of robust controller for maneuvering target,10.1109/SICICI.1992.637662,1992,Singapore International Conference on Intelligent Control and Instrumentation Proceedings,Egypt; Saudi Arabia
2-s2.0-0026947473,An experimental investigation of heat-transfer and flow in channels with streamwise-periodic flow,10.1016/0360-5442(92)90021-Q,1992,Energy,Egypt; Saudi Arabia
2-s2.0-0343783063,Effect of some growth parameters on vacuum-deposited CulnSe2 films,10.1007/BF00542908,1992,Journal of Materials Science,Egypt; Saudi Arabia
2-s2.0-0027006958,Study of double concentric jets with different geometric configurations,10.1016/0167-6105(92)90002-R,1992,Journal of Wind Engineering and Industrial Aerodynamics,Egypt; Saudi Arabia
2-s2.0-4243311322,"Nuclear magnetic resonance spectroscopy and the structures of the regioisomeric products of the cycloaddition of C-ethoxycarbonyl-N-arylnitrilimines to α,β-unsaturated ketones",10.1016/0584-8539(92)80127-I,1992,Spectrochimica Acta Part A Molecular Spectroscopy,Egypt; Saudi Arabia
2-s2.0-0026615433,Investigation on a modified louvred inertia air filter,10.1080/02786829208959535,1992,Aerosol Science and Technology,Egypt; Saudi Arabia
2-s2.0-0026483625,Increased solar collector's efficiency with reversed-pass air flow system,10.1080/01425919208909730,1992,International Journal of Solar Energy,Egypt; Saudi Arabia
2-s2.0-0026918604,An improved implicit finite‐difference scheme for boundary‐layer flows,10.1002/fld.1650150606,1992,International Journal for Numerical Methods in Fluids,Egypt; Saudi Arabia
2-s2.0-27744512818,Synthesis and analgesic-anti-inflammatory activity of certain fluorinated cinchophen analogues,10.1016/S0022-1139(00)82415-X,1992,Journal of Fluorine Chemistry,Egypt; Saudi Arabia
2-s2.0-0026831244,Stability limits and temperature measurements in a tangentially-fired model furnace,10.1016/0360-5442(92)90056-6,1992,Energy,Egypt; Saudi Arabia
2-s2.0-0026660598,Treatment of neonatal gram-negative infections with aztreonam,10.1016/S0011-393X(05)80460-6,1992,Current Therapeutic Research,Egypt; Saudi Arabia
2-s2.0-85067459932,Adaptive Decentralized auotpilot controller of tactical missile,10.1109/SICICI.1992.637611,1992,Singapore International Conference on Intelligent Control and Instrumentation Proceedings,Egypt; Saudi Arabia
2-s2.0-84907106128,GUMS analysis of volatile oil from eruca sativa seeds,10.3109/13880209209053976,1992,Pharmaceutical Biology,Egypt; Saudi Arabia
2-s2.0-84907108512,GC/MS analysis of volatile oil of fruits of anethum graveolens,10.3109/13880209209053978,1992,Pharmaceutical Biology,Egypt; Saudi Arabia
2-s2.0-0026789619,Optimal irrigation delivery system design under uncertainty,10.1061/(ASCE)0733-9437(1992)118:3(433),1992,Journal of Irrigation and Drainage Engineering,Egypt; Saudi Arabia; United States
2-s2.0-84907125634,Mycetoma,10.1080/02681219280000751,1992,Medical Mycology,Egypt; Saudi Arabia; United Kingdom
2-s2.0-1542747521,On semionic variables,10.1016/0375-9601(93)90455-9,1993,Physics Letters A,Egypt; Saudi Arabia
2-s2.0-0027867904,Classification and distribution of the red sea coastal sabkhas near Jeddah-Saudi Arabia,10.1007/BF03175160,1993,Carbonates and Evaporites,Egypt; Saudi Arabia
2-s2.0-34250078442,On fuzzy δ-continuity and fuzzy δ-closed graph,10.1007/BF01875880,1993,Periodica Mathematica Hungarica,Egypt; Saudi Arabia
2-s2.0-0027607386,Computation of three-phase corona power loss in fair weather,10.1108/eb010119,1993,COMPEL the International Journal for Computation and Mathematics in Electrical and Electronic Engineering,Egypt; Saudi Arabia
2-s2.0-0027330470,"Lead exposure among school children in Riyadh, Saudi Arabia: A case-control study",10.1007/BF00194669,1993,Bulletin of Environmental Contamination and Toxicology,Egypt; Saudi Arabia
2-s2.0-85047694445,Current situation of the raudha's woody plant populations in the Central Saudi Arabia With 3 Figures and 3 Tables,10.1002/fedr.4921040714,1993,Feddes Repertorium,Egypt; Saudi Arabia
2-s2.0-0008832846,Effect of pH on Zinc Adsorption and Solubility in Suspensions of Different Clays and Soils,10.1002/jpln.19931560206,1993,Zeitschrift Fur Pflanzenernahrung Und Bodenkunde,Egypt; Saudi Arabia
2-s2.0-0027606783,Enhanced heat transfer in channels with staggered fins of different spacings,10.1016/0142-727X(93)90027-K,1993,International Journal of Heat and Fluid Flow,Egypt; Saudi Arabia
2-s2.0-33847641613,The vital role of mathematical modelling in chemical engineering education,10.1016/0895-7177(93)90034-V,1993,Mathematical and Computer Modelling,Egypt; Saudi Arabia
2-s2.0-0001108636,Variation from number- to chaotic-state fields: A generalized geometric state,10.1103/PhysRevA.48.3174,1993,Physical Review A,Egypt; Saudi Arabia
2-s2.0-0009751255,Periodic squeezing in the Tavis–Cummings model,10.1080/09500349314551401,1993,Journal of Modern Optics,Egypt; Saudi Arabia
2-s2.0-84984016758,On the Connection between Fluid and Elastostatical Turbulence in Hamiltonian and Flutter Sets,10.1002/zamm.19930730316,1993,ZAMM Journal of Applied Mathematics and Mechanics Zeitschrift Fur Angewandte Mathematik Und Mechanik,Egypt; Saudi Arabia; United States
2-s2.0-0000003721,On characterizations and variance bounds of discrete α-unimodality,10.1007/BF02926408,1994,Statistical Papers,Egypt; Saudi Arabia
2-s2.0-31544466313,Conductometric study of association phenomena of some metal(II) complexes in water at different temperatures,10.1039/FT9949003401,1994,Journal of the Chemical Society Faraday Transactions,Egypt; Saudi Arabia
2-s2.0-0028566304,Practical study for the development of gamma rays shielding materials,10.1080/00207239408710925,1994,International Journal of Environmental Studies,Egypt; Saudi Arabia
2-s2.0-0028180946,"Distribution of the plant communities in Tihamah coastal plains of Jazan region, Saudi Arabia",10.1007/BF00044688,1994,Vegetatio,Egypt; Saudi Arabia
2-s2.0-0028424339,EPR and Spectroscopic Studies of Bis(S-methyl-3-isopropylidenehydrazinecarbodithioato)- oxovanadium(IV) as Model Compound for Vanadium Bound to Nitrogen and Sulfur Heteroatoms,10.1021/ef00045a038,1994,Energy and Fuels,Egypt; Saudi Arabia
2-s2.0-43949161582,Fuzzy product topologies for X × Y,10.1016/0165-0114(94)90060-4,1994,Fuzzy Sets and Systems,Egypt; Saudi Arabia
2-s2.0-21844495109,"Reactions with hydrazidoyl halides. ixi: A novel synthesis of some hydrazidoyl sulfides, thiadiazolines, thiazoles and coumarines",10.1080/10426509408036924,1994,Phosphorus Sulfur and Silicon and the Related Elements,Egypt; Saudi Arabia
2-s2.0-0028193252,Shear wave velocity structures of the Arabian Peninsula,10.1016/0040-1951(94)90149-X,1994,Tectonophysics,Egypt; Saudi Arabia
2-s2.0-34249766481,Variations of perturbations in perigee height with eccentricity for artificial Earth's satellites due to air drag,10.1007/BF00604484,1994,Earth Moon and Planets,Egypt; Saudi Arabia
2-s2.0-0028382844,Multi-element measurements of various industrial samples by neutron capture prompt gamma-ray activation analysis,,1994,Nuclear Geophysics,Egypt; Saudi Arabia
2-s2.0-43949160975,"Erratum to ""The vital role of mathematical modelling in chemical engineering education""",10.1016/0895-7177(94)90094-9,1994,Mathematical and Computer Modelling,Egypt; Saudi Arabia
2-s2.0-0028430346,Experimental investigation of heat transfer and flow over baffles of different heights,10.1115/1.2911408,1994,Journal of Heat Transfer,Egypt; Saudi Arabia
2-s2.0-0028447988,Effect of phase transformation and predeformation on creep characteristics of Al–40 wt% Zn alloy,10.1002/pssa.2211430213,1994,Physica Status Solidi A,Egypt; Saudi Arabia
2-s2.0-0028494743,Optimum reaction conditions for polypyrrole film deposition with some iron(III) compounds,10.1002/pi.1994.210350103,1994,Polymer International,Egypt; Saudi Arabia
2-s2.0-0028766864,Quartz crystal microbalance study for chemical synthesis of polypyrrole,10.1002/app.1994.070531007,1994,Journal of Applied Polymer Science,Egypt; Saudi Arabia
2-s2.0-0028753083,Optimum design of a photovoltaic powered pumping system,10.1016/0196-8904(94)90016-7,1994,Energy Conversion and Management,Egypt; Saudi Arabia
2-s2.0-85082734563,Casing Design Considerations for Horizontal Wells,10.1016/S1018-3639(18)30611-1,1994,Journal of King Saud University Engineering Sciences,Egypt; Saudi Arabia
2-s2.0-84871406241,Effect of heat treatment on the Inhibition of the acidic corrosion of aluminum alloy,10.1002/mawe.19940251208,1994,Materialwissenschaft Und Werkstofftechnik,Egypt; Saudi Arabia
2-s2.0-0028485059,Dielectric investigation of isotropic and anisotropic solutions of hydroxypropyl cellulose in dioxan,10.1002/pi.1994.210340402,1994,Polymer International,Egypt; Saudi Arabia
2-s2.0-0028484163,On the low frequency dielectric behavior of carboxymethyl cellulose and its sodium salt,10.1002/pi.1994.210340404,1994,Polymer International,Egypt; Saudi Arabia
2-s2.0-0028427151,Experimental studies of the InSe chalcogenide glasses,10.1002/pssa.2211430102,1994,Physica Status Solidi A,Egypt; Saudi Arabia
2-s2.0-33749287478,Charge Transfer Complexes of Pyrene with Dinitro- and Trinitrobenzene Acceptors,10.1524/zpch.1994.187.Part_1.123,1994,Zeitschrift Fur Physikalische Chemie,Egypt; Saudi Arabia
2-s2.0-0028372021,Structural and textural properties of SnO2-Cr2O3 catalysts,10.1016/0167-577X(94)90007-8,1994,Materials Letters,Egypt; Saudi Arabia
2-s2.0-0028735744,Length and depth of hydraulic jump in sloping channels,10.1080/00221689409498697,1994,Journal of Hydraulic Research,Egypt; Saudi Arabia
2-s2.0-0347223723,Statistical properties of the even binomial state,10.1080/09500349414551801,1994,Journal of Modern Optics,Egypt; Saudi Arabia
2-s2.0-0028639154,Gamma irradiation effects on the kinetics of the non-isothermal decomposition of potassium nickel oxalate,10.1016/0969-806X(94)90216-X,1994,Radiation Physics and Chemistry,Egypt; Saudi Arabia
2-s2.0-84950956440,Optimization of econometric dynamic systems,10.1080/00207729408949354,1994,International Journal of Systems Science,Egypt; Saudi Arabia
2-s2.0-0028208140,Influence of HCL on polypyrrole films prepared chemically from ferric chloride,10.1002/pola.1994.080320102,1994,Journal of Polymer Science Part A Polymer Chemistry,Egypt; Saudi Arabia
2-s2.0-0028542661,Some of the dielectric properties of starch,10.1002/pi.1994.210350305,1994,Polymer International,Egypt; Saudi Arabia
2-s2.0-0028255026,"Modelling, simulation and sensitivity analysis of a straight pneumatic pipeline",10.1016/0196-8904(94)90082-5,1994,Energy Conversion and Management,Egypt; Saudi Arabia
2-s2.0-84986450013,Uncharged Co(lll) Complexes: Transfer Chemical Potentials and Base Hydrolysis in Water‐Methanol Mixtures,10.1002/jccs.199400054,1994,Journal of the Chinese Chemical Society,Egypt; Saudi Arabia
2-s2.0-0028499454,Switching mode photovoltaic pumping system,10.1016/0196-8904(94)90105-8,1994,Energy Conversion and Management,Egypt; Saudi Arabia
2-s2.0-0027968425,NAFTIEINE VERSUS MICONAZOLE/HYDROCORTISONE IN INFLAMMATORY DERMATOPHYTE INFECTIONS,10.1111/j.1365-4362.1994.tb02899.x,1994,International Journal of Dermatology,Austria; Egypt; Saudi Arabia
2-s2.0-0028462428,On-line steady-state security assessment of power systems,10.1016/0378-7796(94)90007-8,1994,Electric Power Systems Research,Egypt; Saudi Arabia
2-s2.0-0028461935,A compact algorithm for the steady-state security assessment of power systems,10.1016/0378-7796(94)90008-6,1994,Electric Power Systems Research,Egypt; Saudi Arabia
2-s2.0-0042608839,Periodic and chaotic behavior of substrate-inhibited enzymatic reactions with hydrogen ions production,10.1007/BF02786859,1995,Applied Biochemistry and Biotechnology,Egypt; Saudi Arabia
2-s2.0-0029089090,Novel Route to β-Chloro Vinyl Sulfones via the Action of Phosphorus Pentachloride on Phenacyl aryl Sulfones in Chloroform,10.1080/00397919508013871,1995,Synthetic Communications,Egypt; Saudi Arabia
2-s2.0-0028858343,Solasodine glycosides of Solanum unguiculatum (A.) Rich,10.1007/BF01870610,1995,Pharmacy World Science,Egypt; Saudi Arabia
2-s2.0-0029359506,Low-cycle fatigue behaviour of notched AISI 304 stainless steel specimens,10.1007/BF01153961,1995,Journal of Materials Science,Egypt; Saudi Arabia
2-s2.0-0000138858,Thermal decomposition of iron(III) oxalate-magnesium oxalate mixtures,10.1016/0040-6031(94)02158-K,1995,Thermochimica Acta,Egypt; Saudi Arabia
2-s2.0-84963165378,Spectrophotometric Determination Of Metoclopramide And Oxybuprocaine Through Ion Pair Formation With Thiocyanate And Molybdenum(V) Or Cobalt(ll),10.1080/00032719508006405,1995,Analytical Letters,Egypt; Saudi Arabia
2-s2.0-0011770453,Room temperature fluorescence of 5-chlorouracil tautomers,10.1016/0009-2614(95)00294-E,1995,Chemical Physics Letters,Egypt; Saudi Arabia
2-s2.0-0029289339,Liquefaction of cellulosic wastes iv-influence of inorganic catalysts and carrier oils,10.1080/08843759508947686,1995,Fuel Science and Technology International,Egypt; Saudi Arabia
2-s2.0-0028914383,"Continuing medical education needs regarding AIDS among Egyptian physicians in Alexandria, Egypt and in the Asir Region, Saudi Arabia",10.1080/09540129550126957,1995,AIDS Care,Egypt; Saudi Arabia
2-s2.0-0028903414,Surgeon-controlled mivacurium administration during elective Caesarean section,10.1007/BF03028259,1995,Canadian Journal of Anaesthesia,Egypt; Saudi Arabia
2-s2.0-0029298230,A comparative study of palatal height in a Saudi and Egyptian population,10.1111/j.1365-2842.1995.tb00790.x,1995,Journal of Oral Rehabilitation,Egypt; Saudi Arabia
2-s2.0-0029342595,Maturation and depositional environments of crude oils from gulf of suez,10.1080/08843759508947714,1995,Fuel Science and Technology International,Egypt; Saudi Arabia
2-s2.0-0028965564,Serum granulocyte macrophage colony stimulating factor (GM-CSF) in gestational trophoblastic diseases,10.1006/cyto.1995.1023,1995,Cytokine,Egypt; Saudi Arabia
2-s2.0-34249756962,The use of Bacillus thuringiensis to control two lepidopterous insect pests (Agrotis ypsilon and Spodoptera littoralis),10.1007/BF01980350,1995,Anzeiger Fur Schadlingskunde Pflanzenschutz Umweltschutz,Egypt; Saudi Arabia
2-s2.0-0028840253,"Stability Constants of Zn(II), Pb(II), Cd(II) and Cu(II) Complexes with Hematoxylin",10.1248/cpb.43.1791,1995,Chemical and Pharmaceutical Bulletin,Egypt; Saudi Arabia
2-s2.0-0029107962,NaCl Alteration of Plasma Membrane of Allium cepa Epidermal Cells. Alleviation by Calcium,10.1016/S0176-1617(11)81287-3,1995,Journal of Plant Physiology,Egypt; Saudi Arabia
2-s2.0-0343109566,Larvae of Phthorimaea operculella (Zell.) as affected by various strains of Bacillus thuringiensis,10.1111/j.1439-0418.1995.tb01277.x,1995,Journal of Applied Entomology,Egypt; Saudi Arabia
2-s2.0-84907107759,Caffeoyl derivatives from the seeds of ipomoea fistulosa,10.3109/13880209509055217,1995,Pharmaceutical Biology,Egypt; Saudi Arabia
2-s2.0-0029360192,Characterization of cyclic plastic bending of austenitic AISI 304 stainless steel,10.1016/0013-7944(94)00224-6,1995,Engineering Fracture Mechanics,Egypt; Saudi Arabia
2-s2.0-0029108498,"Substitution of soybean meal and oil for fish meal in practical diets fed to channel catfish, Ictalurus punctatus (Rafinesque): effects on body composition",10.1111/j.1365-2109.1995.tb00894.x,1995,Aquaculture Research,Egypt; Saudi Arabia
2-s2.0-0029356171,The variation of work‐hardening characteristics of Cd–2 wt% Sn alloy during transformation,10.1002/pssa.2211500214,1995,Physica Status Solidi A,Egypt; Saudi Arabia
2-s2.0-0028975334,"Vegetation-soil relationships in Tihamah coastal plains of Jazan region, Saudi Arabia",10.1016/S0140-1963(05)80067-9,1995,Journal of Arid Environments,Egypt; Saudi Arabia
2-s2.0-16244366083,A new method for estimating complex exponentials to fit signals using samples of the signal and its derivative (or integral),10.1080/00207729508929131,1995,International Journal of Systems Science,Egypt; Saudi Arabia
2-s2.0-0029411860,Energy losses in photovoltaic systems,10.1016/0196-8904(94)00085-E,1995,Energy Conversion and Management,Egypt; Saudi Arabia
2-s2.0-84975538978,Examination of the effect of the fibrous structure of a lens on the optical characteristics of the human eye: A computer-simulated model,10.1364/AO.34.005738,1995,Applied Optics,Egypt; Saudi Arabia
2-s2.0-0029344387,Effect of surface finish on fatigue strength,10.1016/0013-7944(94)00297-U,1995,Engineering Fracture Mechanics,Egypt; Saudi Arabia
2-s2.0-0029394906,Transmission-Line Electric Field Induction in Humans Using Charge Simulation Method,10.1109/10.469377,1995,IEEE Transactions on Biomedical Engineering,Egypt; Saudi Arabia
2-s2.0-0029541854,On the legendre coefficients of the moments of the general order derivative of an infinitely differentiable function,10.1080/00207169508804391,1995,International Journal of Computer Mathematics,Egypt; Saudi Arabia
2-s2.0-0029342390,Liquefaction of cellulosic waste V. Water formation and evaluation of pyrolytic char as a by-product of pyrolysis reaction,10.1080/08843759508947713,1995,Fuel Science and Technology International,Egypt; Saudi Arabia
2-s2.0-56049121662,"Persistance and potency of Bacillus thuringiensis against Phthorimaea operculella (Zell.)(Lep., Gelechiida) in potato stores",10.1111/j.1439-0418.1995.tb01323.x,1995,Journal of Applied Entomology,Egypt; Saudi Arabia
2-s2.0-84950944514,Effect of colcemid on CHO cells progression: Computer simulation,10.1080/00207729508929132,1995,International Journal of Systems Science,Egypt; Saudi Arabia
2-s2.0-85025019002,Damping‐off of Some Cucurbitaceous Crops in Saudi Arabia with Reference to Control Methods,10.1111/j.1439-0434.1995.tb00201.x,1995,Journal of Phytopathology,Egypt; Saudi Arabia
2-s2.0-0028837758,Evaluation of some methods for establishing uniformity of profile parent materials,10.1080/15324989509385874,1995,Arid Soil Research and Rehabilitation,Egypt; Saudi Arabia
2-s2.0-0344727323,Fluorescence quenching and charge transfer complexes of pyrene with π-acceptors,10.1524/zpch.1995.190.Part_2.211,1995,Zeitschrift Fur Physikalische Chemie,Egypt; Saudi Arabia
2-s2.0-0029230461,Effect of microorganisms on rock wettability,10.1163/156856195X00365,1995,Journal of Adhesion Science and Technology,Egypt; Saudi Arabia
2-s2.0-33750114190,Formation of Copper-Chromium Sulfide Spinel and Thermal Decomposition Reactions in CuS-Cr2S3 Crystalline Mixtures,10.1006/jssc.1995.1254,1995,Journal of Solid State Chemistry,Egypt; Saudi Arabia
2-s2.0-84986431087,"Reactions with Naphthoylhydroxlmoyl Chlorides: Synthesis of Derivatives of Isoxazole, Pyrrolidino[3,4‐d]isoxazoiin‐4,6‐dione, lmidazo[1,2‐a]pyridine, lmidazo[1,2‐a]pyrimidine, Benzotriazine and Benzothiadiazine",10.1002/jccs.199500014,1995,Journal of the Chinese Chemical Society,Egypt; Saudi Arabia
2-s2.0-0029471917,Shale Deposits of El-Farafra Depression (Egypt) as Soil Conditioner for Sandy Soils,10.1080/15324989509385887,1995,Arid Soil Research and Rehabilitation,Egypt; Saudi Arabia
2-s2.0-0001344137,Atomic absorption spectrometry of flufenamic acid,10.1080/00032719508000361,1995,Analytical Letters,Egypt; Saudi Arabia
2-s2.0-0000151723,Field distribution in a generalized geometric radiation state,10.1103/PhysRevA.51.2644,1995,Physical Review A,Egypt; Saudi Arabia; United Kingdom
2-s2.0-0028970422,Trace elements in the human scalp hair and finger nails as affected by infection with Schistosoma mansoni,10.1016/0969-806X(94)E0008-7,1995,Radiation Physics and Chemistry,Egypt; Saudi Arabia
2-s2.0-84988122279,An improved version of an old fluorocarbinol chiral stationary phase,10.1002/jhrc.1240180606,1995,Journal of High Resolution Chromatography,Egypt; Saudi Arabia; United States
2-s2.0-0029538525,Time dependent chemical study of contracting interstellar clouds. I. Abundances of nitrogen- and carbon-bearing molecules,10.1007/BF00613093,1995,Earth Moon and Planets,Egypt; Saudi Arabia; United Arab Emirates
2-s2.0-0029502543,Time dependent chemical study of contracting interstellar clouds. III. the charge distribution in interstellar clouds,10.1007/BF00613095,1995,Earth Moon and Planets,Egypt; Saudi Arabia; United Arab Emirates
2-s2.0-0029478916,Time dependent chemical study of contracting interstellar clouds. II. abundances of oxygen- and sulphur-bearing molecules,10.1007/BF00613094,1995,Earth Moon and Planets,Egypt; Saudi Arabia; United Arab Emirates
2-s2.0-0029058007,Mucocutaneous criteria for the diagnosis of Behçet's disease: An analysis of clinicopathologic data from multiple international centers,10.1016/0190-9622(95)91333-5,1995,Journal of the American Academy of Dermatology,Egypt; Saudi Arabia; Turkey; United States
2-s2.0-0030608491,Camel tick (Acari: Ixodidae) control with pour-on application of flumethrin,10.1016/S0304-4017(96)00938-7,1996,Veterinary Parasitology,Egypt; Saudi Arabia
2-s2.0-0030597474,"On a generalization of certain results of Goriatchev, Chaplygin and Sretensky in the dynamics of rigid bodies",10.1088/0305-4470/29/24/036,1996,Journal of Physics A Mathematical and General,Egypt; Saudi Arabia
2-s2.0-0030579544,Unsupported MoO3-Fe2O3 catalysts: Characterization and activity during 2-propanol decomposition,10.1016/S1381-1169(96)00155-0,1996,Journal of Molecular Catalysis A Chemical,Egypt; Saudi Arabia
2-s2.0-3142592153,Epstein-barr virus (EBV) antibody patterns among the healthy population and the EBV-associated patients in Eastern Saudi Arabia (1990-1994),,1996,Saudi Medical Journal,Egypt; Saudi Arabia
2-s2.0-1442294327,Simulations model for predicting survival in women receiving adjuvant therapy for early breast cancer,,1996,Cancer Journal from Scientific American,Egypt; Saudi Arabia
2-s2.0-0000377050,Electroviscoelastic stability of a Kelvin fluid layer,10.1016/S0020-7225(96)00048-1,1996,International Journal of Engineering Science,Egypt; Saudi Arabia
2-s2.0-1542533271,Heterocyclic compounds from 3-(4-phenyl) benzoyl propionic acid,,1996,Chinese Journal of Chemistry,Egypt; Saudi Arabia
2-s2.0-0029777141,The percolation concept and the electrical conductivity of carbon black-polymer composites. 2: Amorphous chloroprene rubber mixed with HAF carbon black,,1996,Polymers and Polymer Composites,Egypt; Saudi Arabia
2-s2.0-0030353269,Synthesis and biological activity of new pyrazolines and pyrazoles,,1996,Indian Journal of Heterocyclic Chemistry,Egypt; Saudi Arabia
2-s2.0-0030102778,Contact toxicity of permethrin-impregnated military uniforms to Culex pipiens (diptera: culicidae) and Phlebotomus papatasi (Diptera: Psychodidae): Effects of laundering and time of exposure,,1996,Journal of the American Mosquito Control Association,Egypt; Saudi Arabia; United States
2-s2.0-0030426219,"Biostratigraphy and palaeoecology of Maastrichtian-early eocene ostracods of west-central Sinai, Egypt",,1996,Revue De Paleobiologie,Egypt; Saudi Arabia
2-s2.0-0029755753,The percolation concept and the electrical conductivity of carbon black-polymer composites. 3. Crystalline chloroprene rubber mixed with FEF carbon black,,1996,Polymers and Polymer Composites,Egypt; Saudi Arabia
2-s2.0-0000416711,"Synthesis, Antitumor and Anti-HIV-1 Testing of Certain Thieno[2,3-d]pyrimidine, Thieno[2,3-d]imidazo[1,2-c] pyrimidine and Thieno[2,3-d][1,3]thiazine Derivatives",,1996,Medicinal Chemistry Research,Egypt; Saudi Arabia
2-s2.0-1542742881,"Synthesis and reactions of 2-[α-(3,4-disubstituted phenacyl)-p-substituted styryl]-4H-3,1-benzoxazin-4-ones",,1996,Chinese Journal of Chemistry,Egypt; Saudi Arabia
2-s2.0-0030588858,The use of Riso B3 film gamma dosimeter for monitoring ultraviolet radiation,10.1016/S1010-6030(96)04358-4,1996,Journal of Photochemistry and Photobiology A Chemistry,Egypt; Saudi Arabia
2-s2.0-0029739855,"Scorpion sting, is it a health problem in Saudi Arabia? Evaluation of management of 820 cases",,1996,Saudi Medical Journal,Egypt; Saudi Arabia
2-s2.0-0030246404,Wideband electrical characterization of materials used in MCM applications,,1996,International Journal of Microcircuits and Electronic Packaging,Egypt; Saudi Arabia; United States
2-s2.0-0030211755,Absence of the Coulomb gap at the Fermi level in the variable-range hopping regime of zinc stannate polycrystalline systems,10.1088/0022-3727/29/8/016,1996,Journal of Physics D Applied Physics,Egypt; Saudi Arabia
2-s2.0-0029781094,Intraoperative mitomycin-C versus postoperative topical mitomycin-C drops for the treatment of pterygium,,1996,Ophthalmic Surgery and Lasers,Egypt; Saudi Arabia
2-s2.0-0029948715,Verapamil enhancement of the antitumour effect of cis-diammionedichloroplatinum (II) in mice bearing Ehrlich ascites carcinoma cells,,1996,Medical Science Research,Egypt; Saudi Arabia
2-s2.0-0029899510,"Synthesis and biological testing of certain 1,3,4-oxadiazole and 1,2,4-triazole derivatives as potential antimicrobial agents",,1996,Scientia Pharmaceutica,Egypt; Saudi Arabia
2-s2.0-0029852403,Study optimizes gas lift in Gulf of Suez field,,1996,Oil and Gas Journal,Egypt; Saudi Arabia
2-s2.0-0029882368,Effect of hyperthermia on the action of methotrexate against the growth of Ehrlich ascites carcinoma cells,,1996,Medical Science Research,Egypt; Saudi Arabia
2-s2.0-3042976258,Clinical and haematobiochemical changes in camels (camelus dromedarius) experimentally inoculated with sarcocystis cameli,,1996,Journal of Camel Practice and Research,Egypt; Saudi Arabia
2-s2.0-0030303982,Heat and mass transfer along a vertical plate in the presence of a magnetic field,,1996,Indian Journal of Pure and Applied Mathematics,Egypt; Saudi Arabia
2-s2.0-0029867454,Fully automated determination of selective retinoic acid receptor ligands in mouse plasma and tissue by reversed-phase liquid chromatography coupled on-line with solid-phase extraction,10.1016/0021-9673(95)00980-9,1996,Journal of Chromatography A,Egypt; Germany; Saudi Arabia
2-s2.0-0004419102,Gamma irradiation effects on the kinetics of the non-isothermal decomposition of manganese acetate tetrahydrate,10.1016/0040-6031(95)02695-9,1996,Thermochimica Acta,Egypt; Saudi Arabia
2-s2.0-0030008196,Pharmacological study of Cuscuta campestris Yuncker,10.1002/(SICI)1099-1573(199603)10:2<117::AID-PTR782>3.0.CO;2-X,1996,Phytotherapy Research,Egypt; Saudi Arabia
2-s2.0-0030012086,"Evaluation of liposomal formulations containing the antimalarial agent, arteether",10.1016/0378-5173(95)04273-3,1996,International Journal of Pharmaceutics,Egypt; Saudi Arabia
2-s2.0-0030020779,Distant metastasis from bilharzial bladder cancer,10.1002/(sici)1097-0142(19960215)77:4<743::aid-cncr21>3.0.co;2-#,1996,Cancer,Egypt; Saudi Arabia
2-s2.0-4444363138,5-Substituted-2-thiohydantoin analogs as a novel class of antitumor agents,10.1097/00001813-199611000-00009,1996,Anti Cancer Drugs,Egypt; Saudi Arabia
2-s2.0-0030222144,Rocuronium priming of atracurium-induced neuromuscular blockade: The use of short priming intervals,10.1016/0952-8180(96)00078-5,1996,Journal of Clinical Anesthesia,Egypt; Saudi Arabia
2-s2.0-0029731948,Finite element analysis of stresses due to pitting of steel specimens under different cyclic bending stresses,10.1016/0013-7944(95)00073-5,1996,Engineering Fracture Mechanics,Egypt; Saudi Arabia
2-s2.0-0030326238,Optimal pipeline sizing technique,10.1061/(ASCE)0733-947X(1996)122:3(254),1996,Journal of Transportation Engineering,Egypt; Saudi Arabia
2-s2.0-0029924659,The superficial ulnar artery: Development and surgical significance,10.1002/(sici)1098-2353(1996)9:2<128::aid-ca5>3.0.co;2-d,1996,Clinical Anatomy,Egypt; Saudi Arabia
2-s2.0-0030049102,Edrophonium antagonism of intense mivacurium-induced neuromuscular block in children,10.1093/bja/76.2.239,1996,British Journal of Anaesthesia,Egypt; Saudi Arabia
2-s2.0-0029758416,Chemotherapy with MECOP-B for intermediate-grade and high-grade non-hodgkin’s lymphoma in Saudi Arabia: Clinical results and analysis of prognostic factors,10.1159/000203743,1996,Acta Haematologica,Egypt; Saudi Arabia
2-s2.0-0030248213,A three-compartment open pharmacokinetic model can explain variable toxicities of cobra venoms and their alpha toxins,10.1016/0041-0101(96)00055-4,1996,Toxicon,Egypt; Saudi Arabia
2-s2.0-0030010851,Values of certain clinical and biochemical tests for prediction of pre-eclampsia,10.5144/0256-4947.1996.280,1996,Annals of Saudi Medicine,Egypt; Saudi Arabia
2-s2.0-0005654351,Period-adding and chaos in fluidized bed catalytic reactors,10.1016/0960-0779(95)00039-9,1996,Chaos Solitons and Fractals,Egypt; Saudi Arabia
2-s2.0-33748372100,Calculation of the natural radiative lifetime of the 6snf 3F2 Rydberg series of barium spectrum,10.1007/BF02532282,1996,Nuovo Cimento Della Societa Italiana Di Fisica D Condensed Matter Atomic Molecular and Chemical Physics Biophysics,Egypt; Saudi Arabia
2-s2.0-0344810350,Regiochemistry of the cycloaddition of nitrilium N-phenylimides to dibenzalacetone: A reinvestigation,10.1002/(SICI)1098-1071(199608)7:4<225::AID-HC2>3.0.CO;2-4,1996,Heteroatom Chemistry,Egypt; Saudi Arabia
2-s2.0-0030464194,Air drag effect on the motion of an artificial Earth satellite,10.1007/bf00114142,1996,Earth Moon and Planets,Egypt; Saudi Arabia
2-s2.0-0030200505,Level of some chemical pollutants in Muna's atmosphere during Hajj season of 1413 H (1993 G),10.1080/10934529609376427,1996,Journal of Environmental Science and Health Part A Toxic Hazardous Substances and Environmental Engineering,Egypt; Saudi Arabia
2-s2.0-0030556190,Electrical and thermal studies of NaNO2,10.1002/pssb.2221940209,1996,Physica Status Solidi B Basic Research,Egypt; Saudi Arabia
2-s2.0-21544476186,Pyrrolizidine alkaloids of Heliotropium bacciferum Forssk from Egypt,10.1076/phbi.34.5.374.13244,1996,Pharmaceutical Biology,Egypt; Saudi Arabia
2-s2.0-21744443200,Reactions with cyanothioacetamide and its derivatives: Synthesis and reactions of several new thieno- and azolopyridine derivatives,10.1080/10426509608043460,1996,Phosphorus Sulfur and Silicon and Related Elements,Egypt; Saudi Arabia
2-s2.0-30244552787,Digital computer computation and analysis of gas insulated substation overvoltages,10.1016/0196-8904(96)00002-7,1996,Energy Conversion and Management,Egypt; Saudi Arabia
2-s2.0-0040063307,On the evaluation of control systems,10.1016/0196-8904(95)00170-I,1996,Energy Conversion and Management,Egypt; Saudi Arabia
2-s2.0-0029657262,Thermodynamics of steel corrosion in acid media containing organophosphorus derivatives,10.1177/026361749601300306,1996,Adsorption Science and Technology,Egypt; Saudi Arabia
2-s2.0-0030195964,"Network model for an integrated production system applied to the Zeit Bay field, Egypt",10.1016/0920-4105(95)00038-0,1996,Journal of Petroleum Science and Engineering,Egypt; Saudi Arabia
2-s2.0-0029809521,Polarographic behavior of 5-phenylazopyrimidinetrione and its substituted derivatives,10.1248/cpb.44.1779,1996,Chemical and Pharmaceutical Bulletin,Egypt; Saudi Arabia
2-s2.0-0030283351,A theoretical simulation of fire extinction by water spray in a computer cabinet,10.1016/S0307-904X(96)00086-8,1996,Applied Mathematical Modelling,Egypt; Saudi Arabia
2-s2.0-0030120849,Nonlinear stability of Kelvin-Helmholtz waves in magnetic fluids stressed by a time-dependent acceleration and a tangential magnetic field,10.1017/s0022377800018808,1996,Journal of Plasma Physics,Egypt; Saudi Arabia
2-s2.0-0030351512,Synthesis and Studies on the Biological Activity of Some New Spiro Heterocyclic Compounds,,1996,Asian Journal of Chemistry,Egypt; Saudi Arabia
2-s2.0-0039019545,Elastic scattering of positrons by helium and neon atoms,10.1007/BF02734424,1996,Nuovo Cimento Della Societa Italiana Di Fisica A,Egypt; Saudi Arabia
2-s2.0-4243188327,Effects of thermal and thermo-haline shocks on survival and osmotic concentration of the tilapias Oreochromis mossambicus and Oreochromis aureus X Oreochromis niloticus hybrids,10.1111/j.1749-7345.1996.tb00630.x,1996,Journal of the World Aquaculture Society,Egypt; Saudi Arabia
2-s2.0-0030451003,Dose-response relationships for neostigmine antagonism of rocuronium-induced neuromuscular block in children and adults,10.1093/bja/77.6.710,1996,British Journal of Anaesthesia,Egypt; Saudi Arabia
2-s2.0-0030069002,New technique for subcuticular suture in lengthy wounds,10.1002/bjs.1800830121,1996,British Journal of Surgery,Egypt; Saudi Arabia
2-s2.0-16344366260,Fuzzy partial groups,10.1016/0165-0114(95)00233-2,1996,Fuzzy Sets and Systems,Egypt; Saudi Arabia
2-s2.0-0030105084,Load sway control of overhead cranes with load hoisting via stability analysis,10.1299/jsmec1993.39.34,1996,JSME International Journal Series C Dynamics Control Robotics Design and Manufacturing,Egypt; Saudi Arabia
2-s2.0-0000093036,"Electrical, IR spectroscopy, and DTA studies of some sodium tetraborate glasses containing vanadium oxide",10.1002/pssa.2211560220,1996,Physica Status Solidi A Applied Research,Egypt; Saudi Arabia
2-s2.0-0030153072,Capillary instability of an oscillating liquid column subjected to a periodic rigid-body rotation,10.1016/0169-5983(96)00004-4,1996,Fluid Dynamics Research,Egypt; Saudi Arabia
2-s2.0-0030385946,Depth ratio of hydraulic jump in rectangular stilling basins,10.1080/00221689609498460,1996,Journal of Hydraulic Research,Egypt; Saudi Arabia
2-s2.0-0029660734,"Effects of pond depth and water temperature on the growth, mortality and body composition of Nile tilapia, Oreochromis niloticus (L.)",10.1111/j.1365-2109.1996.tb01303.x,1996,Aquaculture Research,Egypt; Saudi Arabia
2-s2.0-0039049247,A contribution to the theory of fuzzy subgroups,10.1016/0165-0114(95)00046-1,1996,Fuzzy Sets and Systems,Egypt; Saudi Arabia
2-s2.0-0030501590,Effect of surfactants on the rate of diffusion-controlled cementation of copper from dilute solutions on a stationary zinc disc in stirred vessels,10.1002/mawe.19960271107,1996,Materialwissenschaft Und Werkstofftechnik,Egypt; Saudi Arabia
2-s2.0-0030192729,Structural and optical properties of ZnSexTe1-x solid solutions in thin-film form,10.1007/BF01579749,1996,Applied Physics A Materials Science and Processing,Egypt; Saudi Arabia
2-s2.0-1542471443,"Synthesis and Biological Studies on Some Different Heterocyclic Nitrogen Nuclei Fused with 1-Phenyl-Naphthcyclopentan-4,9-Dione",,1996,Asian Journal of Chemistry,Egypt; Saudi Arabia
2-s2.0-0030517589,Dynamics of the even-binomial state in some quantum system,10.1007/BF02084949,1996,International Journal of Theoretical Physics,Egypt; Saudi Arabia
2-s2.0-0030416803,Role of the fourth-period metal oxides on the pyrolysis of sodium chlorite,10.1016/S0165-2370(96)00951-5,1996,Journal of Analytical and Applied Pyrolysis,Egypt; Saudi Arabia
2-s2.0-0038186536,An expert system for voltage control of a large-scale power system,10.1016/0196-8904(95)00014-5,1996,Energy Conversion and Management,Egypt; Saudi Arabia
2-s2.0-21944457798,"Reactions with hydrazonoyl halides XIII: Synthesis of some new thiadiazoline, arylazothiazole and pyrazole derivatives",10.1080/10426509608043476,1996,Phosphorus Sulfur and Silicon and Related Elements,Egypt; Saudi Arabia
2-s2.0-0030318277,Influence of two sewage sludge source on plant growth and nutrients uptake,,1996,Pakistan Journal of Scientific and Industrial Research,Egypt; Saudi Arabia
2-s2.0-0030302105,Discharge equation for simultaneous flow over rectangular weirs and below inverted triangular weirs,,1996,Arab Gulf Journal of Scientific Research,Egypt; Saudi Arabia
2-s2.0-30244574546,Investigations of switching operations on composite feeders,10.1016/0196-8904(96)00001-5,1996,Energy Conversion and Management,Egypt; Saudi Arabia
2-s2.0-0001281043,New integrable problems in the dynamics of rigid bodies with the Kovalevskaya configuration. II - The case of asymmetric forces,10.1016/0093-6413(96)00042-0,1996,Mechanics Research Communications,Egypt; Saudi Arabia
2-s2.0-0030076339,Performance analysis of PV pumping systems using switched reluctance motor drives,10.1016/0038-092X(95)00097-B,1996,Solar Energy,Egypt; Saudi Arabia
2-s2.0-21544468030,"Free flavonoids from Rhus retinorrhoea steud, ex olive",10.1076/phbi.34.3.198.13206,1996,Pharmaceutical Biology,Egypt; Saudi Arabia
2-s2.0-0030408528,Analytical solution for shock waves in dusty gases,10.1007/BF01274238,1996,Acta Mechanica,Egypt; Saudi Arabia
2-s2.0-0007184752,New integrable problems in the dynamics of rigid bodies with the Kovalevskaya configuration. I - The case of axisymmetric forces,10.1016/0093-6413(96)00041-9,1996,Mechanics Research Communications,Egypt; Saudi Arabia
2-s2.0-0029667132,Consequences of protection from grazing on diversity and abundance of the coastal lowland vegetation in Eastern Saudi Arabia,10.1007/BF00056290,1996,Biodiversity and Conservation,Egypt; Saudi Arabia
2-s2.0-1542715898,Synthesis and Reactions of 3-Formyl-1-Phenyl-5-[(2-Thiazolo) Monoazamethine] Pyrazole,,1996,Asian Journal of Chemistry,Egypt; Saudi Arabia
2-s2.0-0030169747,Effect of surface-active substances on the rate of production of copper powder from copper sulphate solutions by cementation on zinc rods in gas sparged reactors,10.1016/0304-386x(95)00058-o,1996,Hydrometallurgy,Egypt; Saudi Arabia
2-s2.0-2742611496,Synthesis and Studies on some Biheterocyclic Compounds,,1996,Journal of the Indian Chemical Society,Egypt; Saudi Arabia
2-s2.0-0030283287,The effect of horizontal well orientation on secondary biopolymer flooding of Safaniya crude oil,10.2118/96-09-03,1996,Journal of Canadian Petroleum Technology,Egypt; Germany; Saudi Arabia; United States
2-s2.0-5844354538,Modifications improve waterflood performance model,,1996,Oil and Gas Journal,Egypt; Saudi Arabia; United States
2-s2.0-0343280595,Beta globin gene haplotypes in Egyptian sickle cell disease and ß-thalassemia,,1997,Saudi Medical Journal,Egypt; Saudi Arabia
2-s2.0-0030716616,The EDA complexes of some sulfa drugs with dinitrobenzene derivatives,,1997,Modelling Measurement and Control C,Egypt; Saudi Arabia
2-s2.0-0344936712,Breeding biology of rabbitfish Siganus canaliculatus (Siganidae) in mid Arabian Gulf,10.1016/S0165-7836(97)00075-1,1997,Fisheries Research,Egypt; Saudi Arabia
2-s2.0-0347173866,Synthesis and reactions of some ethyl 3(5)aroyl-4-aryl-2-pyrazoline-5(3)carboxylates,,1997,Revue Roumaine De Chimie,Egypt; Saudi Arabia
2-s2.0-0031144005,Simulation of Energized Franklin Rods for Lightning Protection,10.1109/28.585854,1997,IEEE Transactions on Industry Applications,Egypt; Saudi Arabia
2-s2.0-0000764941,Characterization of oils by differential scanning calorimetry,10.1016/s0040-6031(97)00312-2,1997,Thermochimica Acta,Egypt; Saudi Arabia
2-s2.0-0031268672,Squeezing-induced resonant finite refractive index - Zero absorption,10.1088/0953-4075/30/21/009,1997,Journal of Physics B Atomic Molecular and Optical Physics,Egypt; Saudi Arabia
2-s2.0-0030707956,Immunization of Saudi children against hemophilus influenza type b at the age of 6 weeks,,1997,Saudi Medical Journal,Egypt; Saudi Arabia
2-s2.0-0031582791,New generalizations of the integrable problems in rigid body dynamics,10.1088/0305-4470/30/20/025,1997,Journal of Physics A Mathematical and General,Egypt; Saudi Arabia
2-s2.0-0031442331,Evaluation of hepatotoxicity in rats of four synthetic valproic acid derivatives with potential anticonvulsant activity and low teratogenicity,,1997,Saudi Pharmaceutical Journal,Egypt; Saudi Arabia
2-s2.0-0030749070,Spectrophotometric determination of some sympathomimetic drugs by coupling with diazotised o-nitroaniline or p-aminobenzoic acid.,,1997,Scientia Pharmaceutica,Egypt; Saudi Arabia
2-s2.0-0031219028,Synthesis of certain 5-substituted 2-thiohydantoin derivatives as potential cytotoxic and antiviral agents,,1997,Bollettino Chimico Farmaceutico,Egypt; Saudi Arabia
2-s2.0-2542526240,"Infrared spectroscopy, x-ray analysis and DTA of some sodium tetraborate glasses containing CuO irradiated with a fast low level neutron beam",,1997,Physics and Chemistry of Glasses,Egypt; Saudi Arabia
2-s2.0-0031169605,Percolation concept and the electrical conductivity of carbon black-polymer composites 2: Non-crystallisable chloroprene rubber mixed with HAF carbon black,10.1016/S0924-0136(96)00022-2,1997,Journal of Materials Processing Technology,Egypt; Saudi Arabia
2-s2.0-0031163182,Percolation concept and the electrical conductivity of carbon black-polymer composites 3: Crystallisable chloroprene rubber mixed with FEF carbon black,10.1016/S0924-0136(96)00023-4,1997,Journal of Materials Processing Technology,Egypt; Saudi Arabia
2-s2.0-0031166662,New correlation estimates viscosity of paraffinic stocks,,1997,Oil and Gas Journal,Egypt; Saudi Arabia; United States
2-s2.0-85055800202,"Pattern of HBsAg positivity in selected groups at King Khalid general hospital-hail region, kingdom of Saudi Arabia",,1997,Journal of Family and Community Medicine,Egypt; Saudi Arabia
2-s2.0-0041195207,Anilinosilanes as thermo-oxidation stabilizers of commercial lubricating base oils,10.1016/s0040-6031(96)03092-4,1997,Thermochimica Acta,Egypt; Saudi Arabia
2-s2.0-0031582352,The stability of a rigidly rotating magnetic fluid column effect of a periodic azimuthal magnetic field,10.1088/0305-4470/30/10/031,1997,Journal of Physics A Mathematical and General,Egypt; Saudi Arabia
2-s2.0-0030738295,"Prescribing patterns at primary health care level in the Asir region, Saudi Arabia: An epidemiologic study",10.1002/(SICI)1099-1557(199705)6:3<197::AID-PDS267>3.0.CO;2-V,1997,Pharmacoepidemiology and Drug Safety,Egypt; Saudi Arabia
2-s2.0-0031132618,Tissue concentrations and pharmacokinetics of florfenicol in broiler chickens,,1997,Deutsche Tierarztliche Wochenschrift,Egypt; Saudi Arabia
2-s2.0-4143089079,Some mixed metal complexes of propylene diamine bis(isatin),,1997,Russian Journal of Coordination Chemistry Koordinatsionnaya Khimiya,Egypt; Saudi Arabia
2-s2.0-0031103989,Surface-modified silica gels as solid stationary phases in gas chromatography,10.1016/S0257-8972(96)03084-8,1997,Surface and Coatings Technology,Egypt; Saudi Arabia
2-s2.0-0030618026,Wheat production in Saudi Arabia between feasibility and efficiency,10.1016/S0169-5150(96)01213-3,1997,Agricultural Economics,Egypt; Saudi Arabia
2-s2.0-0031094579,A survey and comparison of wormhole routing techniques in mesh networks,10.1109/65.580917,1997,IEEE Network,Egypt; Saudi Arabia; United Kingdom; United States
2-s2.0-0031040117,Synthesis and reactions of some ethyl 3-aroyl-4-aryl-2-pyrazoline-5-carboxylates,,1997,Pharmazie,Egypt; Saudi Arabia
2-s2.0-0031075138,The gravitational stability of the interface between two electrorheological fluids,10.1006/jcis.1996.4632,1997,Journal of Colloid and Interface Science,Egypt; Saudi Arabia
2-s2.0-0042046653,"Goat warble fly, Przhevalskiana silenus (Brauer), (Diptera: Oestridae) in Saudi Arabia",10.1016/s0921-4488(96)00918-2,1997,Small Ruminant Research,Egypt; Saudi Arabia
2-s2.0-0001490095,Thermal decomposition of ammonium trioxalatoferrate(III) trihydrate in air,10.1016/S0040-6031(96)03015-8,1997,Thermochimica Acta,Egypt; Saudi Arabia
2-s2.0-0030993980,Peripheral BETA-endorphin in Rheumatoid Arthritis. A correlation with the disease activity,10.3109/03009749709115824,1997,Scandinavian Journal of Rheumatology,Egypt; Saudi Arabia
2-s2.0-84906261009,Symbolic computing algorithm for the method of successive approximations for near-parabolic orbits,10.1007/bf03014486,1997,Journal of Applied Mathematics and Computing,Egypt; Saudi Arabia
2-s2.0-0030809040,Ultrasonographic assessment of local steroid injection in Tietze's syndrome,10.1093/rheumatology/36.5.547,1997,British Journal of Rheumatology,Egypt; Saudi Arabia
2-s2.0-0031268507,"Bulk composition of some Saudi Arabian crude oils in relation to maturation, origin and depositional environments",10.1080/10916469708949692,1997,Petroleum Science and Technology,Egypt; Saudi Arabia
2-s2.0-0031071947,Open-boundary finite-element analysis of ionized field around monopolar transmission lines,10.1016/S0304-3886(96)00046-0,1997,Journal of Electrostatics,Egypt; Saudi Arabia
2-s2.0-0030926644,Crimean-Congo haemorrhagic fever virus infection in the Western Province of Saudi Arabia,10.1016/S0035-9203(97)90072-9,1997,Transactions of the Royal Society of Tropical Medicine and Hygiene,Egypt; Saudi Arabia
2-s2.0-0003056988,The relation between surface charges and viscosity in interfacial stability influenced by a periodic electric force,10.1007/pl00001470,1997,Zeitschrift Fur Angewandte Mathematik Und Physik,Egypt; Saudi Arabia
2-s2.0-0030925579,Factorial design and computer optimization of a reconstitutable suspension of erythromycin ethylsuccinate,,1997,Pharmazeutische Industrie,Egypt; Saudi Arabia
2-s2.0-0031018122,Selective spectrophotometric determination of p-aminophenol and acetaminophen,10.1016/S0039-9140(96)02013-9,1997,Talanta,Egypt; Saudi Arabia
2-s2.0-2742595854,On the practical relevance of bifurcation and chaos in chemical and biochemical reaction engineering,10.1142/S0218348X97000437,1997,Fractals,Egypt; Saudi Arabia
2-s2.0-0031481578,Impedance behavior of anodic dissolution of vanadium in sulphuric acid,10.1002/mawe.19970281112,1997,Materialwissenschaft Und Werkstofftechnik,Egypt; Saudi Arabia
2-s2.0-0031250508,Gamma and electron response of coloured cellulose acetate,10.1016/s0141-3910(97)00037-2,1997,Polymer Degradation and Stability,Egypt; Saudi Arabia
2-s2.0-0043265327,Microprocessor based load voltage regulator for photovoltaic systems,10.1016/0196-8904(95)00358-4,1997,Energy Conversion and Management,Egypt; Saudi Arabia
2-s2.0-0008025332,"Scorpion sting syndrome: Epidemiology, clinical presentation and management of 2240 cases",10.26719/1997.3.1.82,1997,Eastern Mediterranean Health Journal,Egypt; Saudi Arabia
2-s2.0-0010557429,Gas-phase decomposition of formic acid over α-Fe2O3 catalysts,10.1023/a:1019083222147,1997,Catalysis Letters,Egypt; Saudi Arabia
2-s2.0-0642308506,Some Mixed Metal Complexes of Propylenediamine-bis(isatin),,1997,Journal of the Indian Chemical Society,Egypt; Saudi Arabia
2-s2.0-0011487134,Discharge Equation for Proposed Self-cleaning Device,10.1016/S1018-3639(18)30664-0,1997,Journal of King Saud University Engineering Sciences,Egypt; Saudi Arabia
2-s2.0-0031412807,Adsorbents for industrial pollution control,10.1177/026361749701501004,1997,Adsorption Science and Technology,Egypt; Saudi Arabia
2-s2.0-0031103822,Multi-item production lot-size inventory model with varying order cost under a restriction: A geometric programming approach,10.1080/095372897235442,1997,Production Planning and Control,Egypt; Saudi Arabia
2-s2.0-0030718569,Detection of Crimean-Congo haemorrhagic fever virus antibodies in humans and imported livestock in Saudi Arabia,10.1016/S0035-9203(97)90014-6,1997,Transactions of the Royal Society of Tropical Medicine and Hygiene,Egypt; Saudi Arabia
2-s2.0-0031076887,A study of the thermal analysis of the solid solution (AgxK1-x)NO3,10.1007/BF01979272,1997,Journal of Thermal Analysis,Egypt; Saudi Arabia
2-s2.0-0030809353,Coastal lowland vegetation of eastern Saudi Arabia,10.1023/A:1018319714993,1997,Biodiversity and Conservation,Egypt; Saudi Arabia
2-s2.0-0041762557,Performance analysis of PV pumping systems using switched reluctance motor drives,10.1016/0196-8904(95)00355-X,1997,Energy Conversion and Management,Egypt; Saudi Arabia
2-s2.0-0030732504,Prevalence of hepatitis C infection and schistosomiasis in Egyptian patients with hepatocellular carcinoma,,1997,Disease Markers,Egypt; Saudi Arabia
2-s2.0-0344601419,Stability - Indicating Method for the Determination of Bromazepam and Deloraxepam Via Proton Magnetic Resonance Spectroscopy,10.1080/00387019708001638,1997,Spectroscopy Letters,Egypt; Saudi Arabia
2-s2.0-0031269848,Synchronisation problem of high performance reluctance motors,10.1049/ip-epa:19971252,1997,IEE Proceedings Electric Power Applications,Egypt; Saudi Arabia
2-s2.0-0031104297,A corrected formula for calculating the resonance practical width as a function of temperature,10.1016/0306-4549(95)00127-1,1997,Annals of Nuclear Energy,Egypt; Saudi Arabia
2-s2.0-0031130999,New integrable problems of motion of a rigid body with a particle oscillating or bouncing in it,10.1016/s0093-6413(97)00020-7,1997,Mechanics Research Communications,Egypt; Saudi Arabia
2-s2.0-0031020346,Seasonal variation and weather effects on road traffic accidents in Riyadh City,10.1038/sj.ph.1900297,1997,Public Health,Egypt; Saudi Arabia
2-s2.0-0031163508,Stochastic generation of annual and monthly evaporation in Saudi Arabia,10.4296/cwrj2202141,1997,Canadian Water Resources Journal,Egypt; Saudi Arabia
2-s2.0-0042262957,Microprocessor based control of photovoltiac cathodic protection system,10.1016/0196-8904(95)00357-6,1997,Energy Conversion and Management,Egypt; Saudi Arabia
2-s2.0-0001197886,Electroviscoelastic Rayleigh-Taylor instability of Kelvin fluids. Effect of a constant tangential electric field,10.1016/S0169-5983(96)00052-4,1997,Fluid Dynamics Research,Egypt; Saudi Arabia
2-s2.0-2542574918,"A Convenient Synthesis of Thiophene, 1, 3-Thiazole, 2,3-Dihydro-1,3,4-thiadiazole and Pyrazole Derivatives",10.1039/a700067g,1997,Journal of Chemical Research Part S,Egypt; Saudi Arabia
2-s2.0-0031233752,Developing laminar flow in eccentric annuli,10.1115/1.2819307,1997,Journal of Fluids Engineering Transactions of the ASME,Egypt; Saudi Arabia
2-s2.0-0030654710,Surface and catalytic properties of SnO2-Cr2O3 catalysts,10.1177/026361749701500307,1997,Adsorption Science and Technology,Egypt; Saudi Arabia
2-s2.0-0030799789,Chromosomal criteria and taxonomic relationships in the solanaceae,10.1508/cytologia.62.103,1997,Cytologia,Egypt; Saudi Arabia
2-s2.0-0037634064,Microprocessor-based overcurrent protection for PV powered air-conditioning system,10.1016/0196-8904(95)00356-8,1997,Energy Conversion and Management,Egypt; Saudi Arabia
2-s2.0-5544300150,Numerical model of gas flow in solid-propellant rocket motors,10.1080/02286203.1997.11760335,1997,International Journal of Modelling and Simulation,Egypt; Saudi Arabia; United Kingdom; United States
2-s2.0-10844281172,Statistical circuit design with the use of a modified ellipsoidal technique,10.1002/(sici)1522-6301(199701)7:1<117::aid-mmce8>3.3.co;2-5,1997,International Journal of RF and Microwave Computer Aided Engineering,Canada; Egypt; Saudi Arabia
2-s2.0-0030898389,Heterogeneity of the mechanisms underlying activation of adenylate cyclase by endothelin-1 in rabbit and bovine iris sphincter and tracheal smooth muscles,,1997,Saudi Pharmaceutical Journal,Egypt; Saudi Arabia
2-s2.0-0031078820,Nonlinear Model Predictive Control of Industrial Type IV Fluid Catalytic Cracking (FCC) Units for Maximum Gasoline Yield,10.1021/ie9603575,1997,Industrial and Engineering Chemistry Research,Egypt; Saudi Arabia; United Arab Emirates
2-s2.0-1642562092,"Biostratigraphical analysis of the Lower Paleogene succession in the North-Central Sinai, Egypt",10.1127/njgpa/204/1997/321,1997,Neues Jahrbuch Fur Geologie Und Palaontologie Abhandlungen,Egypt; Saudi Arabia; United Arab Emirates
2-s2.0-84857763765,Maximization of styrene yield from the catalytic dehydrogenation of ethylbenzene in fixed and fluidized bed configurations with and without selective membranes,,1997,World Petroleum Congress Proceedings,Egypt; Malaysia; Saudi Arabia; United Arab Emirates
2-s2.0-0030666436,"Antigenic variation of core, NS3, and NS5 proteins among genotypes of hepatitis C virus",10.1128/jcm.35.12.3062-3070.1997,1997,Journal of Clinical Microbiology,Egypt; Saudi Arabia; United Kingdom
2-s2.0-0032534372,"A case study of RO plant failure due to membrane fouling, analysis and diagnosis",10.1016/S0011-9164(98)00207-0,1998,Desalination,Egypt; Saudi Arabia
2-s2.0-0002411512,Kinetic and thermodynamic studies of the non-isothermal decompositions of nickel malonate dihydrate and nickel hydrogen malonate dihydrate,10.1016/s0040-6031(98)00492-4,1998,Thermochimica Acta,Egypt; Saudi Arabia
2-s2.0-0032023651,Improved calculation of finite-element analysis of bipolar corona including ion diffusion,10.1109/28.663472,1998,IEEE Transactions on Industry Applications,Egypt; Saudi Arabia
2-s2.0-2442557454,Clinical prediction rule for pulmonary infiltrates,,1998,Saudi Medical Journal,Egypt; Saudi Arabia
2-s2.0-0032091916,The electron affinity difference in CdS/CdTe solar cells,,1998,Proceedings of the Indian Academy of Sciences Chemical Sciences,Egypt; Saudi Arabia
2-s2.0-0032441776,The effect of endoscopic sinus surgery on mucociliary clearance in patients with chronic sinusitis,10.1007/s004050050109,1998,European Archives of Oto Rhino Laryngology,Egypt; Saudi Arabia
2-s2.0-0032037460,Synthesis and biological evaluation of certain new thiazolopyrimidines,,1998,Bollettino Chimico Farmaceutico,Egypt; Saudi Arabia
2-s2.0-0032263568,Catalytic decomposition of sec-butanol over Fe2(MoO4)3 catalysts,,1998,Oxidation Communications,Egypt; Saudi Arabia
2-s2.0-0032273465,Use of migroorganisms for improvement of Egyptian kaolins ceramic properties,,1998,Industrial Ceramics,Egypt; Saudi Arabia
2-s2.0-0342362470,Comparison of modelling and simulation results for single and twin-shaft gas turbine engines,,1998,International Journal of Power and Energy Systems,Egypt; Saudi Arabia; United Kingdom
2-s2.0-0031732373,"Effect of Cremophor EL on the pharmacokinetics, antitumor activity and toxicity of doxorubicin in mice",10.1097/00001813-199810000-00011,1998,Anti Cancer Drugs,Egypt; Saudi Arabia
2-s2.0-0032213776,Electroviscoelastic instability of a Kelvin fluid layer influenced by a periodic electric force,10.1006/jcis.1998.5710,1998,Journal of Colloid and Interface Science,Egypt; Saudi Arabia
2-s2.0-0031707081,Urinary bladder bilharziasis as a cause of impaired bladder muscle contractility,10.1002/(SICI)1520-6777(1998)17:5<483::AID-NAU4>3.0.CO;2-9,1998,Neurourology and Urodynamics,Egypt; Saudi Arabia
2-s2.0-28644433246,HPLC determination of glibenclamide and its two impurities,10.1111/j.2042-7158.1998.tb02250.x,1998,Journal of Pharmacy and Pharmacology,Egypt; Saudi Arabia
2-s2.0-79954605255,Determination of sennosides A and B in tablets: Comparison between a proposed HPLC procedure and the USP fluorimetric method,10.1111/j.2042-7158.1998.tb02292.x,1998,Journal of Pharmacy and Pharmacology,Egypt; Saudi Arabia
2-s2.0-0031720379,Carcinoma of the uterine cervix in Saudi Arabia: Experience in the management of 164 patients with stage-I and -II disease,10.1016/S0360-3016(98)00166-7,1998,International Journal of Radiation Oncology Biology Physics,Egypt; Saudi Arabia
2-s2.0-0032503860,New integrable problems of motion of a rigid body acted upon by nonsymmetric electromagnetic forces,10.1088/0305-4470/31/27/012,1998,Journal of Physics A Mathematical and General,Egypt; Saudi Arabia
2-s2.0-0031774665,Pharmacological role of vascular endothelium,,1998,Saudi Pharmaceutical Journal,Egypt; Saudi Arabia
2-s2.0-0000246378,Effect of hydrothermal treatment and ammonium ion incorporation in platinum-mordenite catalysis for n-hexane hydroconversion,10.1016/S0926-860X(98)00057-X,1998,Applied Catalysis A General,Egypt; Saudi Arabia
2-s2.0-0032526501,Oral administration of liposomes containing cyclosporine: A pharmacokinetic study,10.1016/S0378-5173(98)00066-0,1998,International Journal of Pharmaceutics,Egypt; Saudi Arabia
2-s2.0-0032580741,Determination of ethylenediaminetetraacetic acid (EDTA) in pharmaceutical dosage forms using flame atomic absorption spectroscopy,10.1016/S0014-827X(98)00026-3,1998,Farmaco,Egypt; Saudi Arabia
2-s2.0-0032076690,Diterpene acids from Conyza incana,10.1016/S0031-9422(97)00687-0,1998,Phytochemistry,Egypt; Saudi Arabia
2-s2.0-0039528685,Quantum statistics of three modes coupled oscillators,10.1088/0305-4470/31/14/003,1998,Journal of Physics A Mathematical and General,Egypt; Saudi Arabia
2-s2.0-84911412038,"The prevalence of indices of hepatitis C and B infection, and elevated aminotransferase enzymes in patients with oral lichen planus (OLP) in eastern Saudi Arabia",,1998,Journal of Family and Community Medicine,Egypt; Saudi Arabia
2-s2.0-0000832594,Novel wholly aromatic polyamide-hydrazides - VII. Metallization of polymers through transition metal complexation,,1998,European Polymer Journal,Egypt; Saudi Arabia
2-s2.0-0032436719,Short term use of intracavernous vasoactive drugs in the treatment of persistent psychogenic erectile dysfunction,10.1038/sj.ijir.3900353,1998,International Journal of Impotence Research,Egypt; Saudi Arabia
2-s2.0-0032440561,Poisoning problem in Jeddah Region,10.5144/0256-4947.1998.460,1998,Annals of Saudi Medicine,Egypt; Saudi Arabia
2-s2.0-0032260097,Synthetic reactions of coumarin-3-(4-aminosulfonyl)-carbanilide derivatives with reactive methylene compounds,10.1080/10426509808035678,1998,Phosphorus Sulfur and Silicon and Related Elements,Egypt; Saudi Arabia
2-s2.0-7344243784,Acute abdomen in pregnancy: Are tocolytics and early surgical intervention justified?,10.5144/0256-4947.1998.181,1998,Annals of Saudi Medicine,Egypt; Saudi Arabia
2-s2.0-0031947936,Epidural ketamine reduces post-operative epidural PCA consumption of fentanyl/bupivacaine,10.1007/BF03013246,1998,Canadian Journal of Anaesthesia,Egypt; Saudi Arabia
2-s2.0-0032000789,Analysis of corona losses on monopolar dc transmission lines,10.1016/s0378-7796(97)01196-6,1998,Electric Power Systems Research,Egypt; Saudi Arabia
2-s2.0-0032136178,Composite zeolites synthesized from (TEA)2O-Na2O-Al2O3-SiO 2-H2O system : Structural characteristics and hydration activity,10.1080/10916469808949813,1998,Petroleum Science and Technology,Egypt; Saudi Arabia
2-s2.0-0031799739,"Childhood epidemiology of hepatitis a virus in Riyadh, Saudi Arabia",10.5144/0256-4947.1998.18,1998,Annals of Saudi Medicine,Egypt; Saudi Arabia
2-s2.0-0031814588,The relation between pre-eclampsia and chemical constituents of drinking waters in Saudi Arabia,,1998,Saudi Medical Journal,Egypt; Saudi Arabia
2-s2.0-0031651897,Hydration of butene-1 over H-mordenite and H-mordenite composited with zeolite-β,10.1080/10916469808949771,1998,Petroleum Science and Technology,Egypt; Saudi Arabia
2-s2.0-0345411288,Estimating Hazen-Williams coefficient for polyethylene pipes,10.1061/(ASCE)0733-947X(1998)124:2(197),1998,Journal of Transportation Engineering,Egypt; Saudi Arabia
2-s2.0-0032415325,Properties and purification of 42 KDa lipase subunit from germinating linseeds,,1998,Arab Gulf Journal of Scientific Research,Egypt; Saudi Arabia
2-s2.0-0032291388,Thermal and electrical behaviour of radiation vulcanized EPDM/Al2O3 composites,10.1016/S0141-3910(98)00045-7,1998,Polymer Degradation and Stability,Egypt; Saudi Arabia
2-s2.0-0032115703,Liquefaction of cellulosic wastes VI. Oxygen compounds in pyrolytic oil and water fractions,10.1080/00908319808970076,1998,Energy Sources,Egypt; Saudi Arabia
2-s2.0-33947585960,Gas saturation detection model applied to heterogeneous reservoir using TDT,,1998,SPWLA 39th Annual Logging Symposium 1998,Egypt; Saudi Arabia
2-s2.0-0346937909,Nutritional performance of Damascus and Jamnapari crossbred growing male goats,10.1016/s0921-4488(97)00063-1,1998,Small Ruminant Research,Egypt; Saudi Arabia
2-s2.0-0032127340,Vitamin C attenuation of the development of type I diabetes mellitus by interferon-α,10.1006/phrs.1998.0323,1998,Pharmacological Research,Egypt; Saudi Arabia
2-s2.0-0031905168,Development and in-vitro evaluation of sustained-release meclofenamic acid microspheres,10.3109/02652049809006845,1998,Journal of Microencapsulation,Egypt; Saudi Arabia
2-s2.0-0032138803,Occurrence and distribution of vanadyl porphyrins in Saudi Arabian crude oils,10.1016/S0378-3820(98)00068-X,1998,Fuel Processing Technology,Egypt; Saudi Arabia
2-s2.0-0032046610,"Electrical conductivities and dielectric constants of some sodium tetraborate glasses containing CuO, irradiated with a low-level fast neutron beam",10.1023/A:1004377910358,1998,Journal of Materials Science,Egypt; Saudi Arabia
2-s2.0-78650594127,Static and Dynamic Characterization of P-N Junction Solar Cells,10.1016/S1018-3639(18)30695-0,1998,Journal of King Saud University Engineering Sciences,Egypt; Saudi Arabia
2-s2.0-16444366536,The fuzzy normal subgroup,10.1016/S0165-0114(96)00338-7,1998,Fuzzy Sets and Systems,Egypt; Saudi Arabia
2-s2.0-0009673065,Stability-Indicating Methods for the Determination of Cimetidine Using Derivative and Fourier-Transform Infrared Spectrophotometry,10.1080/00387019808001649,1998,Spectroscopy Letters,Egypt; Saudi Arabia
2-s2.0-11544313429,Stochastic analysis of a two-unit warm standby system with slow switch subject to hardware and human error failures,10.1016/S0026-2714(97)00209-6,1998,Microelectronics Reliability,Egypt; Saudi Arabia
2-s2.0-0032114794,A new integrable problem in the dynamics of rigid bodies,10.1016/s0093-6413(98)00050-0,1998,Mechanics Research Communications,Egypt; Saudi Arabia
2-s2.0-0031815028,Bioadhesive matrix as controlled release dosage form for verapamil hydrochloride. Effect of the types and percentages of polymers on the release profile of the drug,,1998,Pharmazeutische Industrie,Egypt; Saudi Arabia
2-s2.0-0031864654,Recent advances in pharmaceutical applications of solid-phase synthesis,,1998,Saudi Pharmaceutical Journal,Egypt; Saudi Arabia
2-s2.0-0031623111,Free convection in vertical eccentric annuli with a uniformly heated boundary,10.1108/09615539810220243,1998,International Journal of Numerical Methods for Heat and Fluid Flow,Egypt; Saudi Arabia
2-s2.0-0032380051,On the hypercenter and hyperquasicenter of a finite group,,1998,Arabian Journal for Science and Engineering,Egypt; Saudi Arabia
2-s2.0-0032027730,On the chaotic behavior of externally forced industrial fluid catalytic cracking units,10.1016/S0960-0779(97)00088-X,1998,Chaos Solitons and Fractals,Egypt; Saudi Arabia
2-s2.0-0031712785,Static pressure drop through barley grain,,1998,Arab Gulf Journal of Scientific Research,Egypt; Saudi Arabia
2-s2.0-0032005106,Distribution and phase association of some major and trace elements in the Arabian Gulf sediments,10.1006/ecss.1997.0278,1998,Estuarine Coastal and Shelf Science,Egypt; Saudi Arabia
2-s2.0-0031997535,The a.c. conductivity of CuO-containing lead silicate glasses,10.1023/A:1008836717354,1998,Journal of Materials Science Materials in Electronics,Egypt; Saudi Arabia
2-s2.0-0032245859,"Synthesis, conformational analysis and antitumor testing of 5-(Z)-arylidene-4-imidazolidinone derivatives",10.1080/10426509808035741,1998,Phosphorus Sulfur and Silicon and Related Elements,Egypt; France; Saudi Arabia
2-s2.0-0032046874,Oil recovery from tarmat reservoirs using hot water and solvent flooding,10.2118/98-04-03,1998,Journal of Canadian Petroleum Technology,Egypt; Saudi Arabia
2-s2.0-33847244040,Salt effects on reactivities of low-spin iron(II) complexes of diazabutadiene and Schiff base ligands,10.1023/A:1006914024862,1998,Transition Metal Chemistry,Egypt; Saudi Arabia
2-s2.0-33847244415,Attenuation of substituent effects on reactivities of low-spin iron(II) complexes of Schiff base ligands,10.1023/A:1006918125771,1998,Transition Metal Chemistry,Egypt; Saudi Arabia
2-s2.0-33749537068,Influence of substrate temperature on the electrical behaviour of zinc stannate thin films deposited by electron beam evaporation technique,10.1007/BF03036604,1998,Nuovo Cimento Della Societa Italiana Di Fisica D Condensed Matter Atomic Molecular and Chemical Physics Biophysics,Egypt; Saudi Arabia; United Kingdom
2-s2.0-0032021444,New class of rectangular and circular evanescent-mode waveguide filter,10.1002/(SICI)1099-047X(199803)8:2<161::AID-MMCE9>3.0.CO;2-Q,1998,International Journal of RF and Microwave Computer Aided Engineering,Egypt; France; Saudi Arabia
2-s2.0-33745568363,"Prevalence of coxsackieviruses among healthy populations and ophthalmic disease patients in the Eastern Province, Saudi Arabia",,1999,Saudi Medical Journal,Egypt; Saudi Arabia
2-s2.0-0033357988,The long term effects of unilateral corneal scars,10.1023/A:1002047913358,1999,Documenta Ophthalmologica,Egypt; Saudi Arabia
2-s2.0-0039846256,Conductimetric determination of some pharmaceutically important 4-quinolone derivatives in dosage forms,,1999,Chemia Analityczna,Egypt; Saudi Arabia
2-s2.0-0033302462,Clinical and histological effect of a single treatment of normal mode alexandrite (755 nm) laser on small melanocytic nevi,10.1080/14628839950516698,1999,Journal of Cosmetic and Laser Therapy,Egypt; Saudi Arabia
2-s2.0-33747366699,A comparative study on the starting methods of three phase wound-rotor induction motors,,1999,IEEE Power Engineering Review,Egypt; Saudi Arabia
2-s2.0-0033317064,A comparative study on the starting methods of three phase wound-rotor induction motors - Part I,10.1109/60.815008,1999,IEEE Transactions on Energy Conversion,Egypt; Saudi Arabia
2-s2.0-84886812864,Transient analysis of a two speed synchronous induction motor,10.1109/IEMDC.1999.769114,1999,IEEE International Electric Machines and Drives Conference Iemdc 1999 Proceedings,Egypt; Saudi Arabia
2-s2.0-0001844699,Stabilization of plasma membrane by polyamines against salt stress,,1999,Cytobios,Egypt; Saudi Arabia
2-s2.0-0033494854,Inhibition of calcium ionophore-stimulated leukotriene generation from intact human neutrophils by captopril,,1999,Research Communications in Molecular Pathology and Pharmacology,Egypt; Saudi Arabia
2-s2.0-0040034517,On an analogy between elastic instability and nuclear explosives,,1999,Mechanics and Mechanical Engineering,Egypt; Saudi Arabia; United Kingdom
2-s2.0-9344254348,The fuzzy topological spaces on a fuzzy space,10.1016/S0165-0114(97)00308-4,1999,Fuzzy Sets and Systems,Egypt; Saudi Arabia
2-s2.0-0033511525,Corneal haze among blue eyes and brown eyes after photorefractive keratectomy,10.1016/S0161-6420(99)90507-9,1999,Ophthalmology,Egypt; Saudi Arabia
2-s2.0-0032716515,Immunogenicity study for Tetra and Penta component vaccines in infants,,1999,Saudi Medical Journal,Egypt; Saudi Arabia
2-s2.0-0033509831,Effect of taxol on the expression of transforming growth factor beta-1 in Ehrlich ascites carcinoma cells,,1999,Saudi Pharmaceutical Journal,Egypt; Saudi Arabia
2-s2.0-0033208747,Presumed periorbital lupus vulgaris with ocular extension,10.1016/S0161-6420(99)90413-X,1999,Ophthalmology,Egypt; Saudi Arabia
2-s2.0-0032692901,Spectrophotometric determination of cimetidine in dosage forms using chloranilic acid,,1999,Saudi Pharmaceutical Journal,Egypt; Saudi Arabia
2-s2.0-0033618095,Flavan-3-ols and prodelphinidins from Catha edulis,,1999,Scientia Pharmaceutica,Egypt; Saudi Arabia
2-s2.0-0042912074,Effect of electrolytes on the hydrodynamic behaviour in a batch packed bubble column,,1999,Chemical and Biochemical Engineering Quarterly,Egypt; Saudi Arabia
2-s2.0-0033553263,Quantum statistical properties of nondegenerate optical parametric symmetric coupler,10.1088/0305-4470/32/19/301,1999,Journal of Physics A Mathematical and General,Egypt; Saudi Arabia
2-s2.0-0033136424,Microbial metabolism of artemisitene,10.1016/S0031-9422(98)00770-5,1999,Phytochemistry,Egypt; Saudi Arabia
2-s2.0-0033098656,Calculation of magnetic fields from electric power transmission lines,10.1016/s0378-7796(98)00078-9,1999,Electric Power Systems Research,Egypt; Saudi Arabia
2-s2.0-0032940727,Quantitative structure-activity relationship of a series of N-aryl O- aryl phosphoramidate insecticides,10.1897/1551-5028(1999)018<0167:QSAROA>2.3.CO;2,1999,Environmental Toxicology and Chemistry,Egypt; Saudi Arabia
2-s2.0-0033524585,New integrable problems of motion of a particle in the plane under the action of potential and conservative zero-potential forces,10.1088/0305-4470/32/5/015,1999,Journal of Physics A Mathematical and General,Egypt; Saudi Arabia
2-s2.0-0033075455,Hydroconversion of n-Hexane on Pt / Mordenite Catalysts,,1999,Erdoel Erdgas Kohle,Egypt; Saudi Arabia
2-s2.0-0032636802,Large signal analysis of linearized electrooptic modulators,,1999,AEU Archiv Fur Elektronik Und Ubertragungstechnik,Egypt; Saudi Arabia
2-s2.0-0007871922,Synthesis and bioactivity of 0-ethyl phosphorodiamidates derived from quinazolin-4-ones and either amino acid esters or fatty amines,10.1002/(SICI)1098-1071(1999)10:6<455::AID-HC3>3.0.CO;2-9,1999,Heteroatom Chemistry,Egypt; Saudi Arabia
2-s2.0-0033090146,Radiofrequency bipolar submucosal diathermy of the inferior turbinates,10.2500/105065899782106715,1999,American Journal of Rhinology,Egypt; Saudi Arabia
2-s2.0-0033379794,Inhibition of benzo(a)pyrene-induced forestomach carcinogenesis in mice by thymoquinone,10.1097/00008469-199910000-00009,1999,European Journal of Cancer Prevention,Egypt; Saudi Arabia
2-s2.0-0033393973,Treatment of acute bacterial conjunctivitis with topical lomefloxacin 0.3% compared to topical ofloxacin 0.3%,10.1177/112067219900900403,1999,European Journal of Ophthalmology,Egypt; Saudi Arabia
2-s2.0-0032751697,Empty sella syndrome: Does it exist in children?,10.3171/jns.1999.91.6.0960,1999,Journal of Neurosurgery,Egypt; Saudi Arabia
2-s2.0-0033080020,"Aromatic 1,3,4-oxadiazoles as thermal stabilizers for rigid poly(vinyl chloride)",10.1016/S0032-3861(98)00260-2,1999,Polymer,Egypt; Saudi Arabia
2-s2.0-0032887079,"Synthesis and reactions of some new 5-aryl-3-oxo-7-(4'-aryl-2',5'-dioxo- 1',2',3,'4'-tetrahydrofluoren-3'-yl)-5h, 8h-2,3-dihydrothiazolo[5,4- b]pyrimidines of expected biological activity",,1999,Indian Journal of Chemistry Section B Organic and Medicinal Chemistry,Egypt; Saudi Arabia
2-s2.0-0033102643,An experimental investigation of the near-field region of free turbulent round central and annular jets,10.1016/S0955-5986(98)00042-9,1999,Flow Measurement and Instrumentation,Egypt; Saudi Arabia
2-s2.0-0032606802,Role of the acidic-basic characters of some metal oxides in the pyrolysis of ammonium perchlorate,10.1023/A:1010129732656,1999,Journal of Thermal Analysis and Calorimetry,Egypt; Saudi Arabia
2-s2.0-0033102637,An experimental investigation of the near-field region of a free turbulent coaxial jet using LDA,10.1016/S0955-5986(98)00041-7,1999,Flow Measurement and Instrumentation,Egypt; Saudi Arabia
2-s2.0-0033560544,Technical note a new optimizing technique for preparing lineament density maps,10.1080/014311699212858,1999,International Journal of Remote Sensing,Egypt; Saudi Arabia
2-s2.0-0342419562,Preparation of medicinal petroleum jelly using local petroleum waxes,10.1002/ls.3010120107,1999,Lubrication Science,Egypt; Saudi Arabia
2-s2.0-0033306470,Bromhexine-selective PVC membrane electrode based on bromhexinium tetraphenylborate,10.1006/mchj.1999.1723,1999,Microchemical Journal,Egypt; Saudi Arabia
2-s2.0-0033319013,Coordinated design of power system stabilizers and static phase shifters using genetic algorithm,10.1080/073135699268722,1999,Electric Machines and Power Systems,Egypt; Saudi Arabia
2-s2.0-0033165175,Numerical and experimental determination of the feeding distance of aluminum alloys in gravity die casting using an optimized riser shape,10.1080/10426919908914852,1999,Materials and Manufacturing Processes,Egypt; Saudi Arabia
2-s2.0-85072455358,Design of a microprocessor based controller for robotics manipulator,10.4271/1999-01-2642,1999,SAE Technical Papers,Egypt; Saudi Arabia
2-s2.0-0032953247,"Proteins of linseed (Linum usitatissimum L.), extraction and characterization by electrophoresis",,1999,Botanical Bulletin of Academia Sinica,Egypt; Saudi Arabia
2-s2.0-0033379003,Serum lipoprotein (a) levels in chronic renal failure and liver cirrhosis patients. Relationship with atherosclerosis,10.1155/1999/953182,1999,Disease Markers,Egypt; Saudi Arabia
2-s2.0-0032937902,Managerial efficiency under risk for broiler producers in Saudi Arabia,10.1016/S0169-5150(98)00065-6,1999,Agricultural Economics,Egypt; Saudi Arabia
2-s2.0-0033381208,Assessment of erythropoietin levels and some iron indices in chronic renal failure and liver cirrhosis patients,10.1155/1999/947857,1999,Disease Markers,Egypt; Saudi Arabia
2-s2.0-0033241691,The influence of quasinormality of some subgroups of prime power order on the structure of finite groups,,1999,Arabian Journal for Science and Engineering,Egypt; Saudi Arabia
2-s2.0-0346336848,Effect of Roughness Height on the Performance of Stilling Basins,,1999,Arab Gulf Journal of Scientific Research,Egypt; Saudi Arabia
2-s2.0-0032957101,Initial trabeculectomy with intraoperative mitomycin-C application in primary glaucomas,10.3928/1542-8877-19990501-07,1999,Ophthalmic Surgery and Lasers,Egypt; Saudi Arabia
2-s2.0-0032716133,"Synthesis and reactions of 3,4-dicarboxy-5,6-diphenylpyridazine",10.1080/00397919908085887,1999,Synthetic Communications,Egypt; Saudi Arabia
2-s2.0-0032607509,Investigation of complexes of diphenyl-phosphine derivatives by thermal and other physicochemical methods of analyses,10.1023/A:1010108911333,1999,Journal of Thermal Analysis and Calorimetry,Egypt; Saudi Arabia
2-s2.0-0344993939,Ion-selective electrode for the determination of furaltadone,10.1080/00032719908542963,1999,Analytical Letters,Egypt; Saudi Arabia
2-s2.0-3643079709,Relative moisture and moisture deficiency of desiccated expansive cohesive soil deposits,10.1520/gtj11247j,1999,Geotechnical Testing Journal,Egypt; Saudi Arabia
2-s2.0-3843123640,Simulation and Optimization of Industrial FCC Units Using a 4-Lump Kinetic Model,10.1016/S1018-3639(18)31003-1,1999,Journal of King Saud University Engineering Sciences,Egypt; Saudi Arabia
2-s2.0-85072454666,New frequency control technique for useful utilization of stand alone wind turbine system generated power,10.4271/1999-01-2619,1999,SAE Technical Papers,Egypt; Saudi Arabia
2-s2.0-2942519456,A multi-attribute model for selecting the best heat ventilating air conditioning system,10.1080/09720529.1999.10697884,1999,Journal of Discrete Mathematical Sciences and Cryptography,Egypt; Saudi Arabia
2-s2.0-0346544753,Positronium Formation during Inelastic Collisions of Positrons with Sodium Atoms,10.1238/Physica.Regular.059a00108,1999,Physica Scripta,Egypt; Saudi Arabia
2-s2.0-0033095621,Correlation of the heliospheric current sheet tilts to galactic cosmic ray modulations and solar wind speed,10.1016/S0927-6505(98)00049-8,1999,Astroparticle Physics,Egypt; Saudi Arabia
2-s2.0-0033243540,Statistical properties of the odd binomial states with dynamical applications,10.1023/A:1026649317872,1999,International Journal of Theoretical Physics,Egypt; Saudi Arabia
2-s2.0-0032977656,Endoscopic anatomy of the sphenoid sinus,10.1017/s0022215100143361,1999,Journal of Laryngology and Otology,Egypt; Saudi Arabia
2-s2.0-0345504865,Quantum statistical properties of superposition of squeezed and displaced states with thermal noise,10.1080/09500349908231361,1999,Journal of Modern Optics,Czech Republic; Egypt; Saudi Arabia
2-s2.0-0032902625,Response to measles revaccination among toddlers in Saudi Arabia by the use of two different trivalent measles-mumps-rubella vaccines,10.1016/S0035-9203(99)90310-3,1999,Transactions of the Royal Society of Tropical Medicine and Hygiene,Egypt; Saudi Arabia
2-s2.0-0033101625,Cost effective utilities energy plans optimization and management,10.1016/S0196-8904(98)00120-4,1999,Energy Conversion and Management,Egypt; Saudi Arabia
2-s2.0-0347137351,Knowledge and attitudes about reproductive health and HIV/AIDS among family planning clients,,1996,Eastern Mediterranean Health Journal,Egypt; Tunisia; United Kingdom
2-s2.0-0029843507,Valency stabilization of polyvalent ions during gamma irradiation of their aqueous solutions by sacrifical protection: I. valency stabilization of Fe(II) ions by sulphite ions,10.1007/BF02036537,1996,Journal of Radioanalytical and Nuclear Chemistry,Egypt; Tunisia
2-s2.0-0030425138,Valency stabilization of polyvalent ions during gamma-irradiation of their aqueous solutions by sacrificial protection II. Valency stabilization of Ce(IV) by bromate ions,10.1007/BF02039712,1996,Journal of Radioanalytical and Nuclear Chemistry,Egypt; Tunisia
2-s2.0-0032000693,Mixed-mode fracture properties of concrete reinforced with low volume fractions of steel and polypropylene fibers,10.1016/S0958-9465(97)87390-8,1998,Cement and Concrete Composites,Egypt; Tunisia; United States
2-s2.0-0042545218,Magnetic properties of fcc (Co95Fe5)1-xAlx ribbons,,1999,Hyperfine Interactions,Egypt; Tunisia; United States
2-s2.0-0025197151,MED POL survey of organotins in the Mediterranean,10.1016/0025-326X(90)90340-E,1990,Marine Pollution Bulletin,Egypt; Greece; Turkey
2-s2.0-0026939121,Phenylpropanoid glycosides from Marrubium alysson,10.1016/0031-9422(92)83740-P,1992,Phytochemistry,Egypt; Turkey
2-s2.0-0026939702,"Balanitoside, a furostanol glycoside, and 6-methyl-diosgenin from Balanites aegyptiaca",10.1016/0031-9422(92)83728-H,1992,Phytochemistry,Egypt; Turkey
2-s2.0-0001217885,Secoiridoids from Fraxinus angustifolia,10.1016/0031-9422(93)85109-5,1993,Phytochemistry,Egypt; Turkey
2-s2.0-85054558159,Quantitative applications of wellbore images to reservoir analysis,,1993,SPWLA 34th Annual Logging Symposium,Egypt; Turkey; United Arab Emirates; United States
2-s2.0-36449000879,New approach to the determination of eigenvalues and eigenfunctions for a relativistic two-fermion equation,10.1063/1.530158,1993,Journal of Mathematical Physics,Egypt; Turkey; United States
2-s2.0-54349085481,Unified treatment of two-center Coulomb and hybrid integrals with Slater-type orbitals using auxiliary functions,10.1016/0166-1280(94)04027-P,1995,Journal of Molecular Structure THEOCHEM,Egypt; Turkey
2-s2.0-84987080829,"Unified treatment of two‐center Coulomb, hybrid, and exchange integrals over Slater‐type orbitals",10.1002/qua.560540402,1995,International Journal of Quantum Chemistry,Egypt; Turkey
2-s2.0-0029049079,Surgical Treatment of Cholesteatoma in Children,10.1016/S0194-5998(95)70145-1,1995,Otolaryngology Head and Neck Surgery,Egypt; Turkey
2-s2.0-0030169498,Impact of tuning delay on the performance of bandwidth-limited optical broadcast networks with uniform traffic,10.1109/49.510917,1996,IEEE Journal on Selected Areas in Communications,Egypt; Turkey; United States
2-s2.0-0029937699,Normal hearing in acoustic neuroma patients: A critical evaluation,,1996,American Journal of Otology,Egypt; Italy; Turkey
2-s2.0-0030064867,A secoiridoid glucoside from Fraxinus angustifolia,10.1016/0031-9422(95)00815-2,1996,Phytochemistry,Egypt; Turkey
2-s2.0-0030173778,A new framework for determining critical success/failure factors in projects,10.1016/0263-7863(95)00064-X,1996,International Journal of Project Management,Egypt; Turkey
2-s2.0-0342420569,The quality of abortion services in Turkey,10.1016/S0020-7292(96)80008-7,1996,International Journal of Gynecology and Obstetrics,Egypt; Turkey
2-s2.0-0029813679,Diastolic spectrum of left-ventricular hypertrophy: The impact of etiology and coronary artery disease on doppler transmitral velocity,10.1159/000177133,1996,Cardiology Switzerland,Egypt; Turkey
2-s2.0-0030039334,Comparison of controls on development in breeding lines from Australian and CIMMYT/ICARDA winter and facultative wheat breeding programs,10.1071/AR9960001,1996,Australian Journal of Agricultural Research,Australia; Egypt; Turkey
2-s2.0-3743151935,A survey of lice infestation on cattle brought to an abattoir in Istanbul,10.55730/1300-0128.3985,1997,Turkish Journal of Veterinary and Animal Sciences,Egypt; Turkey
2-s2.0-0038909856,Analysis of structural glazing systems,10.1016/S0045-7949(96)00284-2,1997,Computers and Structures,Egypt; Turkey; United States
2-s2.0-0030960741,Respiratory symptoms and lung function in taxi drivers and manual workers,10.1007/BF02694785,1997,Aerobiologia,Egypt; Turkey; United Arab Emirates
2-s2.0-0032436448,Detection and serotyping of Mediterranean plum pox virus isolates by means of strain-specific monoclonal antibodies,,1998,Acta Virologica,Albania; Egypt; Turkey
2-s2.0-0031844512,Larger foraminiferal biostratigraphy of the Tethyan Paleocene and Eocene,,1998,Bulletin De La Societe Geologique De France,Egypt; Spain; Turkey
2-s2.0-0000090446,Quality of Fruit and Oil of Black-Ripe Olives Is Influenced by Cultivar and Storage Period,10.1021/jf9803684,1998,Journal of Agricultural and Food Chemistry,Egypt; Turkey; United States
2-s2.0-0032711160,"Heavy metal accumulation in Mullus barbatus, Merluccius merluccius and Boops boops fish from the Aegean Sea, Turkey",10.1080/096374899100996,1999,International Journal of Food Sciences and Nutrition,Egypt; Turkey
2-s2.0-0344527952,Identification of optimum preprocessing storage conditions to maintain quality of black ripe 'Manzanillo' olives,10.1016/S0925-5214(98)00059-3,1999,Postharvest Biology and Technology,Egypt; Turkey
2-s2.0-0032823466,The current status of intravascular ultrasound imaging,10.1016/s0146-2806(99)90016-6,1999,Current Problems in Cardiology,Egypt; Turkey; United States
2-s2.0-51249172033,Electrohydrodynamic Kelvin-Helmholtz instability conditions for two horizontal interfaces. Effect of a tangential field,10.1007/BF02723073,1990,Il Nuovo Cimento B Series 11,Egypt; United Arab Emirates
2-s2.0-0025677047,"Geology, geochemistry and mineralization of the psammitic gneiss of Wadi Abu-Rusheid, Eastern Desert, Egypt",10.1016/0899-5362(90)90088-V,1990,Journal of African Earth Sciences,Egypt; United Arab Emirates
2-s2.0-0001557081,Hearing the shape of a general doubly connected domain in R3 with impedance boundary conditions,10.1063/1.528837,1990,Journal of Mathematical Physics,Egypt; United Arab Emirates
2-s2.0-0025254158,Clinical and Genetic Study of Xeroderma Pigmentosum,10.1111/j.1365-4362.1990.tb04084.x,1990,International Journal of Dermatology,Egypt; United Arab Emirates
2-s2.0-0001948265,On generalization of the Sinai theorem in the random site problem,10.1063/1.528878,1990,Journal of Mathematical Physics,Egypt; United Arab Emirates
2-s2.0-0942298641,Regular Eigenvalue Problem With Eigenparameter Contained in the Equation and the Boundary Conditions,10.1155/S0161171290000904,1990,International Journal of Mathematics and Mathematical Sciences,Egypt; United Arab Emirates
2-s2.0-0026408491,Inhibition of pitting corrosion of Pb in alkaline chlorate and perchlorate solutions by some inorganic anions,10.1108/eb010199,1991,Anti Corrosion Methods and Materials,Egypt; United Arab Emirates
2-s2.0-0026050823,Edrophonium priming alters the course of neuromuscular recovery from a pipecuronium neuromuscular blockade,10.1007/BF03008449,1991,Canadian Journal of Anaesthesia,Egypt; United Arab Emirates
2-s2.0-0026206978,Secondary ionization processes in laser induced breakdown of electronegative gases,10.1088/0022-3727/24/8/015,1991,Journal of Physics D Applied Physics,Egypt; United Arab Emirates
2-s2.0-4244167416,Polarographic behaviour of phenyl-2-picolylketone-2-pyridylhydrazone and its copper (II) complexes,10.1007/BF01243537,1991,Mikrochimica Acta,Egypt; United Arab Emirates
2-s2.0-25744476220,On the intermediate plateau of conductivity in the percolation transition of ternary systems,10.1016/0375-9601(91)90702-A,1991,Physics Letters A,Egypt; United Arab Emirates
2-s2.0-0025853936,Neostigmine and edrophonium for reversal of pipecuronium neuromuscular blockade,10.1007/BF03008137,1991,Canadian Journal of Anaesthesia,Egypt; United Arab Emirates
2-s2.0-29644438104,Relation between strings and ribbon knots,10.1007/BF00670713,1991,International Journal of Theoretical Physics,Egypt; United Arab Emirates
2-s2.0-44949283156,A Monte Carlo renormalization group study of zero and finite temperature conductivity of a three-phase system,10.1016/0921-4526(91)90019-B,1991,Physica B Physics of Condensed Matter,Egypt; United Arab Emirates
2-s2.0-0025736637,Clinical correlates of intent in attempted suicide,10.1111/j.1600-0447.1991.tb05565.x,1991,Acta Psychiatrica Scandinavica,Egypt; United Arab Emirates
2-s2.0-0026768941,A new approach for insulin delivery via the pulmonary route: Design and pharmacokinetics in non-diabetic rabbits,10.1016/0378-5173(92)90024-V,1992,International Journal of Pharmaceutics,Egypt; United Arab Emirates
2-s2.0-4243863687,"Stoichiometry, properties and kinetics of aprotic reduction of dioxygen by [LCuX]2 (L = N,N-diethylnipecotamide; X = Cl, Br)",10.1016/S0020-1693(00)84965-8,1992,Inorganica Chimica Acta,Egypt; United Arab Emirates
2-s2.0-0010682526,Ground and excited state properties of many-body energies in ln+n f™ ions,10.1080/00268979200101041,1992,Molecular Physics,Egypt; United Arab Emirates
2-s2.0-0026609317,The Dubai Community Psychiatric Survey: I. Prevalence and socio-demographic correlates,10.1007/BF00788506,1992,Social Psychiatry and Psychiatric Epidemiology,Egypt; United Arab Emirates
2-s2.0-84988156373,Comparison of Four Equations to Describe the Kinetics of Lead Desorption from Soils,10.1002/jpln.19921550408,1992,Zeitschrift Fur Pflanzenernahrung Und Bodenkunde,Egypt; United Arab Emirates
2-s2.0-1242323445,Spectroscopic and thermal studies on the diperoxo-citrato complex K2[MoO(O2)2(O7C6H6)] · 1 2H2O2 · 3H2O,10.1016/0022-3697(92)90045-F,1992,Journal of Physics and Chemistry of Solids,Egypt; United Arab Emirates
2-s2.0-85065575112,Knowledge-based system for medical image compression,10.1109/CBMS.1992.244999,1992,Proceedings IEEE Symposium on Computer Based Medical Systems,Egypt; United Arab Emirates
2-s2.0-36449007547,A relation between two perturbation methods generating Padé upper and lower bounds to ground state eigenvalues,10.1063/1.529799,1992,Journal of Mathematical Physics,Egypt; United Arab Emirates
2-s2.0-0009146071,Infinitesimally deformed field and string theories,10.1063/1.529916,1992,Journal of Mathematical Physics,Egypt; United Arab Emirates
2-s2.0-84987067746,Ab initio calculations of many‐body energy expansion in Li nn+F− clusters,10.1002/qua.560410205,1992,International Journal of Quantum Chemistry,Egypt; United Arab Emirates
2-s2.0-0026535880,TINEA VERSICOLOR: HISTOLOGIC AND ULTRASTRUCTURAL INVESTIGATION OF PIGMENTARY CHANGES,10.1111/j.1365-4362.1992.tb03565.x,1992,International Journal of Dermatology,Egypt; United Arab Emirates; United States
2-s2.0-0027699209,An investigation of the wavelength-dependence of threshold intensity of laser-induced breakdown of molecular hydrogen,10.1088/0022-3727/26/11/015,1993,Journal of Physics D Applied Physics,Egypt; United Arab Emirates
2-s2.0-0027421679,Adsorptive stripping voltammetric behavior of gold(III) at a hanging mercury drop electrode in the presence of 1-(2′-pyridylazo)-2-naphthol,10.1016/0003-2670(93)80361-N,1993,Analytica Chimica Acta,Egypt; United Arab Emirates
2-s2.0-51649135452,On deformed algebra and the effect of string theory in quantum mechanics,10.1007/BF02827308,1993,Il Nuovo Cimento B,Egypt; United Arab Emirates
2-s2.0-0027591205,Electrical breakdown in argon by powerful pulses of ultraviolet laser radiation,10.1088/0022-3727/26/5/008,1993,Journal of Physics D Applied Physics,Egypt; United Arab Emirates
2-s2.0-23644457018,Calculating Wadati-Deguchi-Akutsu N=3 knot polynomials,10.1007/BF00671661,1993,International Journal of Theoretical Physics,Egypt; United Arab Emirates
2-s2.0-0027590413,On alternating dynamical systems and percolation,10.1016/0921-4526(93)90131-O,1993,Physica B Physics of Condensed Matter,Egypt; United Arab Emirates
2-s2.0-0000355885,Thermodynamics of Lead Sorption and Desorption in Soils,10.1002/jpln.19931560602,1993,Zeitschrift Fur Pflanzenernahrung Und Bodenkunde,Egypt; United Arab Emirates
2-s2.0-0027589612,Anodic behaviour and passivation of a lead electrode in sodium carbonate solutions,10.1007/BF00356195,1993,Journal of Materials Science,Egypt; United Arab Emirates
2-s2.0-21144462712,Synthesis and spectroscopic studies of nn’-0-phenylenebis (salicylideneiminato) dioxouranium (vi) solvates (l) (l= dmf and py),10.1080/15533179308016615,1993,Synthesis and Reactivity in Inorganic and Metal Organic Chemistry,Egypt; United Arab Emirates
2-s2.0-0027870924,Effect of polyethylene glycol on pitting corrosion of cadmium in alkaline solution,10.1179/000705993798318597,1993,British Corrosion Journal,Egypt; United Arab Emirates
2-s2.0-0027146956,Thermal decomposition of some divalent metal alginate gel compounds,10.1016/0141-3910(93)90015-B,1993,Polymer Degradation and Stability,Egypt; United Arab Emirates
2-s2.0-84952131187,Intraspecific variation in the morphometrics of Acanthopleura haddoni (Mollusca: Polyplacophora) from the Arabian Gulf and Gulf of Oman,10.1080/09397140.1993.10637636,1993,Zoology in the Middle East,Egypt; United Arab Emirates
2-s2.0-0027542696,Effect of the pre-gained volume strain ratio on the strain-path configuration of AISI 1045 steel in upsetting,10.1016/0924-0136(93)90100-K,1993,Journal of Materials Processing Tech,Egypt; United Arab Emirates; United States
2-s2.0-0000625971,Adsorptive stripping voltammetric measurements of trace amounts of platinum(II) and ruthenium(III) in the presence of 1-(2-pyridylazo)-2-naphthol,10.1007/BF00323694,1994,Fresenius Journal of Analytical Chemistry,Egypt; United Arab Emirates
2-s2.0-0027957021,Gastric volvulus in infants and children,10.1007/BF00179447,1994,Pediatric Surgery International,Egypt; United Arab Emirates
2-s2.0-0039391144,"Electrochemical synthesis, magnetic, spectral and cyclic voltammetric studies on lactic acid complexes",10.1007/BF00139315,1994,Transition Metal Chemistry,Egypt; United Arab Emirates
2-s2.0-0028300178,"Non-decarboxylative 1,3-dipolar cycloadditions of imines of α-amino acids as a route to proline derivatives.",10.1016/S0040-4020(01)81114-5,1994,Tetrahedron,Egypt; United Arab Emirates
2-s2.0-21344479977,Dynamics and percolation in the immune system,10.1007/BF00670524,1994,International Journal of Theoretical Physics,Egypt; United Arab Emirates
2-s2.0-18544403769,Temperature dependence of electrical resistivity in ternary graphite intercalation compounds,10.1016/0921-4526(94)91003-0,1994,Physica B Physics of Condensed Matter,Egypt; United Arab Emirates; United States
2-s2.0-0028009788,"XY-ZH Compounds as potential 1,3-Dipoles. Part 41. Azomethine ylide formation from the reactions of α-amino acids and esters with alloxan (strecker degradation) and with 1-phenyl-3-methylpyrazolin-4,5-dione.",10.1016/S0040-4020(01)80804-8,1994,Tetrahedron,Egypt; United Arab Emirates; United Kingdom
2-s2.0-0028370950,ECG data compression via cubic-splines and scan-along polygonal approximation,10.1016/0165-1684(94)90216-X,1994,Signal Processing,Egypt; United Arab Emirates
2-s2.0-0029609410,The timing of breastfeeding initiation and its correlates in a cohort of rural Egyptian infants,10.1093/tropej/41.6.354,1995,Journal of Tropical Pediatrics,Egypt; United Arab Emirates
2-s2.0-35148884938,Determination Of Thorium Using Phenylfluorone And Quercetin In The Presence Of Surfactants And Protective Colloids,10.1080/00032719508006411,1995,Analytical Letters,Egypt; United Arab Emirates
2-s2.0-0029046896,"Use of arylidenerhodanines for the determination of Cu(II), Hg(II) and CN-",10.1016/0003-2670(95)00048-5,1995,Analytica Chimica Acta,Egypt; United Arab Emirates
2-s2.0-0002760023,"Theoretical characterization and many-body expansion analysis of BF3, BCl3, AlF3 and AlCl3 interactions",10.1007/BF01113863,1995,Theoretica Chimica Acta,Egypt; United Arab Emirates
2-s2.0-0028849566,"Bio-lithofacies and diagenesis in the early-middle oligocene of Abu Dhabi, United Arab Emirates",10.1007/BF03175240,1995,Carbonates and Evaporites,Egypt; United Arab Emirates
2-s2.0-0000921273,"Spectrophotometric determination of silver and gold with 5-(2,4-dihydroxybenzylidene)rhodanine and cationic surfactants",10.1039/an9952000549,1995,Analyst,Egypt; United Arab Emirates
2-s2.0-3743149932,Combined effect of the screening of a donor ion and the conduction band nonparabolicity on the binding energy of a donor at the center of a spherical quantum dot,10.1002/(SICI)1097-461X(1996)60:7<1719::AID-QUA55>3.0.CO;2-S,1996,International Journal of Quantum Chemistry,Egypt; United Arab Emirates
2-s2.0-0005851165,Nearest-neighbour-spacing distribution of low-lying nuclear energy levels,10.1088/0954-3899/22/7/010,1996,Journal of Physics G Nuclear and Particle Physics,Egypt; United Arab Emirates
2-s2.0-0041593638,Converged Hartree-Fock and frequency calculations molecular hydrogen,10.1016/S0166-1280(96)04598-8,1996,Journal of Molecular Structure THEOCHEM,Egypt; United Arab Emirates
2-s2.0-0030165164,Electro-oxidation at a coated iridium electrode,10.1016/0013-4686(95)00376-2,1996,Electrochimica Acta,Egypt; United Arab Emirates
2-s2.0-0030001516,Nasal administration of glucagon combined with dimethyl-β-cyclodextrin: Comparison of pharmacokinetics and pharmacodynamics of spray and powder formulations,10.1016/0378-5173(95)04385-3,1996,International Journal of Pharmaceutics,Egypt; United Arab Emirates
2-s2.0-0030070904,Preconcentration and separation of acaricides by polyether based polyurethane foam,10.1016/0003-2670(95)00450-5,1996,Analytica Chimica Acta,Egypt; United Arab Emirates
2-s2.0-0029925622,The pharmacokinetics of pulmonary nebulized insulin and its effect on glucose tolerance in streptozotocin-induced diabetic rabbits,10.1016/0378-5173(95)04310-1,1996,International Journal of Pharmaceutics,Egypt; United Arab Emirates
2-s2.0-0344626492,Surface arsenic enrichment of n-GaAs photoanodes in concentrated acidic chloride solutions,10.1021/la940895r,1996,Langmuir,Egypt; United Arab Emirates
2-s2.0-0344778469,HLA and leprosy: Segregation and linkage study,10.1111/j.1365-4362.1996.tb02998.x,1996,International Journal of Dermatology,Egypt; United Arab Emirates
2-s2.0-0030153458,Potentiality of chemical weathering under arid conditions of black shales from Egypt,10.1006/jare.1996.0055,1996,Journal of Arid Environments,Egypt; United Arab Emirates
2-s2.0-0030191168,Catalytic effects for hydrogen photogeneration due to metallic deposition on P-GaAs,10.1016/0360-3199(95)00118-2,1996,International Journal of Hydrogen Energy,Egypt; United Arab Emirates
2-s2.0-0030106408,Effect of some operating variables on the characteristics of electrodeposited Ni-α-Al2O3 and Ni-TiO2 composites,10.1080/00202967.1996.11871099,1996,Transactions of the Institute of Metal Finishing,Egypt; United Arab Emirates
2-s2.0-0030031540,Hypertension among workers occupationally exposed to hydrocarbons and organic solvents,10.1080/10934529609376358,1996,Journal of Environmental Science and Health Part A Toxic Hazardous Substances and Environmental Engineering,Egypt; United Arab Emirates
2-s2.0-0030168836,Novel utilizations of conventional agrochemicals by controlled release formulations,10.1016/0928-4931(96)00133-6,1996,Materials Science and Engineering C,Egypt; United Arab Emirates
2-s2.0-0010478872,Spectrophotometric determination of bismuth (III and V) in water after ion-pair liquid-liquid extraction using tetramethylammonium cation as counter ion,10.1007/PL00012720,1996,Fresenius Journal of Analytical Chemistry,Egypt; United Arab Emirates
2-s2.0-0029756271,"Facies analysis and early diagenesis of the middle-late eocene dammam formation, Abu Dhabi, United Arab Emirates",10.1007/BF03175783,1996,Carbonates and Evaporites,Egypt; United Arab Emirates
2-s2.0-0030109546,Polymeric molluscicides containing niclosamide moieties,10.1016/0928-4931(96)80004-X,1996,Materials Science and Engineering C,Egypt; United Arab Emirates
2-s2.0-0005861483,"Nearest-neighbor-spacing distribution of a system with many degrees of freedom, some regular and some chaotic",10.1103/PhysRevE.54.3293,1996,Physical Review E Statistical Physics Plasmas Fluids and Related Interdisciplinary Topics,Egypt; United Arab Emirates
2-s2.0-0040054560,Spectroscopic and electrochemical studies of chromium(III) complexes with some naturally occurring ligands containing sulphur,10.1016/0584-8539(95)01536-1,1996,Spectrochimica Acta Part A Molecular Spectroscopy,Egypt; United Arab Emirates
2-s2.0-0030491014,Nearest neighbor spacing distributions of low-lying levels of vibrational nuclei,10.1103/PhysRevC.54.1675,1996,Physical Review C Nuclear Physics,Egypt; United Arab Emirates
2-s2.0-0029743224,Obesity among female university students in the United Arab Emirates,10.1177/146642409611600206,1996,Journal of the Royal Society for the Promotion of Health,Egypt; United Arab Emirates
2-s2.0-0029710914,Mobile composting unit for organic waste suitable for severe hot weather,,1996,International Journal of Environment and Pollution,Egypt; United Arab Emirates
2-s2.0-0030046555,The use of leucaena leaf meal in feeding Nile tilapia,10.1007/BF00175217,1996,Aquaculture International,Egypt; United Arab Emirates
2-s2.0-0029667454,"Structural influence on hydrocarbon entrapment in the northwestern Red Sea, Egypt",,1996,AAPG Bulletin,Egypt; United Arab Emirates
2-s2.0-0030193230,Polymer-clay nanocomposites: Free-radical grafting of polystyrene on to organophilic montmorillonite interlayers,10.1007/BF00360767,1996,Journal of Materials Science,Egypt; United Arab Emirates
2-s2.0-0029720436,Moduli of elastomeric networks prepared by tetrafunctionally endlinking vinyl-terminated poly(dimethylsiloxane) chains at low temperature,10.1295/polymj.28.375,1996,Polymer Journal,Egypt; United Arab Emirates
2-s2.0-0030700247,"Sensitive detection and semiquantitative determination of mercury(II) and lead(II) in aqueous media using polyurethane foam immobilized 1,5-di-(2-fluorophenyl)-3-mercaptoformazan",10.1016/S0039-9140(97)00120-3,1997,Talanta,Egypt; United Arab Emirates
2-s2.0-2742605908,Dehydration of 2-(2-arylethyl)-2-hydroxy-4-oxopentanoic acids and their hydrazones to form heterocycles [1],,1997,Advanced Synthesis and Catalysis,Egypt; United Arab Emirates
2-s2.0-0006862664,Field screening of barky genotypes under different levels of soil salinity and potassium,,1997,Emirates Journal of Food and Agriculture,Egypt; United Arab Emirates
2-s2.0-0030653253,A knowledge-based approach for fault detection and isolation in analog circuits,10.1109/ICNN.1997.614129,1997,IEEE International Conference on Neural Networks Conference Proceedings,Egypt; United Arab Emirates
2-s2.0-0031390841,Urban complexity: Toward the measurement of the physical complexity of street-scapes,,1997,Journal of Architectural and Planning Research,Egypt; United Arab Emirates; United States
2-s2.0-0030724016,A case report of a patient with 12 consecutive complete molar pregnancies,10.1046/j.1525-1438.1997.00423.x,1997,International Journal of Gynecological Cancer,Egypt; United Arab Emirates
2-s2.0-0031251853,A common source rock for Egyptian and Saudi hydrocarbons in the Red Sea,,1997,AAPG Bulletin,Egypt; United Arab Emirates; United States
2-s2.0-0031418404,"Geochemistry of accessory minerals associated with radioactive mineralisation in the central Eastern Desert, Egypt",10.1016/S0899-5362(97)00101-2,1997,Journal of African Earth Sciences,Egypt; United Arab Emirates
2-s2.0-0031001474,A study of alpha-human atrial natriuretic peptide in normal pregnancy and in pre-eclampsia,10.1080/01443619750113122,1997,Journal of Obstetrics and Gynaecology,Egypt; United Arab Emirates
2-s2.0-0040052230,Volume integrals and mean square radii of optical potentials by inversion,,1997,Nuovo Cimento Della Societa Italiana Di Fisica A,Egypt; United Arab Emirates
2-s2.0-0031592469,"Retention profiles of some commercial pesticides, pyrethroid and acaricide residues and their application to tomato and parsley plants",10.1016/S0021-9673(96)00872-2,1997,Journal of Chromatography A,Egypt; United Arab Emirates
2-s2.0-0031508223,Retention and Separation Behavior of Some Organophosphorus and Pyrethroid Insecticides on Polyurethane Foams,10.2116/analsci.13.633,1997,Analytical Sciences,Egypt; United Arab Emirates
2-s2.0-7144227285,Pattern of cancer in the United Arab Emirates referred to Al-Ain Hospital,10.5144/0256-4947.1997.506,1997,Annals of Saudi Medicine,Egypt; United Arab Emirates
2-s2.0-0030879345,"Rare earth elements and crystal chemistry of xenotime bearing sediments of Um Bogma Area, Southwestern Sinai, Egypt",,1997,Chemie Der Erde,Egypt; United Arab Emirates
2-s2.0-0008341629,Dehydration of 2-(2-arylethyl)-2-hydroxy-4-oxopentanoic acids and their hydrazones to form heterocycles,10.1002/prac.19973390104,1997,Journal Fur Praktische Chemie Chemiker Zeitung,Egypt; United Arab Emirates
2-s2.0-0030650843,Desulphurization of Um Al Nar Refinery straight-run kerosene and gas oil using palm fruit kernel activated charcoal: A locally-made adsorbent,10.1177/026361749701500406,1997,Adsorption Science and Technology,Egypt; United Arab Emirates
2-s2.0-0030733864,"Determination of total mercury in soils, waste water and sewage effluents",10.1080/00032719708001677,1997,Analytical Letters,Egypt; United Arab Emirates
2-s2.0-0031534249,Isospin and the spacing distribution of low-lying levels of [Formula Presented]Al,10.1103/PhysRevC.56.825,1997,Physical Review C Nuclear Physics,Egypt; United Arab Emirates
2-s2.0-0031193122,Seismic performance of a fiber-reinforced plastic cable-stayed bridge,10.12989/sem.1997.5.4.399,1997,Structural Engineering and Mechanics,Egypt; United Arab Emirates
2-s2.0-0030808386,Effect of roughage to concentrate ratio on performance and carcass characteristics of local lambs in the United Arab Emirates,,1997,Arab Gulf Journal of Scientific Research,Egypt; United Arab Emirates
2-s2.0-0031276227,Iterative solutions of parameter-dependent nonlinear equations of hammerstein type,10.1016/S0898-1221(97)00193-4,1997,Computers and Mathematics with Applications,Egypt; United Arab Emirates
2-s2.0-0031094720,Parallel implementation of the Kronecker product technique for numerical solution of parabolic partial differential equations,10.1016/s0167-8191(96)00089-0,1997,Parallel Computing,Egypt; United Arab Emirates
2-s2.0-0031400736,"Analysis of reef sedimentation in Hurghada (Egypt), northern Red Sea",10.1007/BF03175421,1997,Carbonates and Evaporites,Egypt; United Arab Emirates
2-s2.0-0031167630,Transient temperature distribution of periodic heat diffusion in a flat plate crossed by an alternating electric current,10.1016/S0307-904X(97)00039-5,1997,Applied Mathematical Modelling,Egypt; United Arab Emirates
2-s2.0-0031167415,Fault detection on radial and meshed transmission systems using fast Hilbert transform,10.1016/s0378-7796(96)01166-2,1997,Electric Power Systems Research,Canada; Egypt; United Arab Emirates
2-s2.0-0031542976,Effective analysis and planning of R&D stages: A simulation approach,10.1016/S0263-7863(97)00003-3,1997,International Journal of Project Management,Egypt; United Arab Emirates
2-s2.0-0001030879,Chemical evolution in collapsing cores,,1997,Monthly Notices of the Royal Astronomical Society,Egypt; United Arab Emirates; United Kingdom
2-s2.0-0032213961,Impacts of an oil spill on the marine environment of the United Arab Emirates along the Gulf of Oman,10.1016/S0025-326X(98)00055-1,1998,Marine Pollution Bulletin,Egypt; United Arab Emirates
2-s2.0-0032187528,A multi-objective model for locating fire stations,10.1016/S0377-2217(97)00247-6,1998,European Journal of Operational Research,Egypt; United Arab Emirates
2-s2.0-0032338383,Level repulsion in nuclei in transition between order and chaos,10.1088/0954-3899/24/3/009,1998,Journal of Physics G Nuclear and Particle Physics,Egypt; United Arab Emirates
2-s2.0-0031893873,"Copper and lead concentrations in the sediments of Alexandria region, southeastern Mediterranean, Egypt",,1998,Fresenius Environmental Bulletin,Egypt; United Arab Emirates
2-s2.0-0031731529,"Heavy metal (Ni, Co, Cr and Ph) contamination in liver and skin tissues of Lethrinus lentjan fish family: Lethrinidae (toelost) from the Arabian Gulf",10.3109/09637489809086424,1998,International Journal of Food Sciences and Nutrition,Egypt; United Arab Emirates
2-s2.0-0032307084,Neural Networks of data inhibiting long memory pattern,10.1016/s0360-8352(98)00156-9,1998,Computers and Industrial Engineering,Egypt; United Arab Emirates
2-s2.0-0009982705,Rotational energy levels and line intensities for 2S+1Σ-2S+1Σ transitions in an open-shell diatomic molecule weakly bonded to a closed-shell partner,10.1006/jmsp.1998.7584,1998,Journal of Molecular Spectroscopy,Egypt; United Arab Emirates
2-s2.0-0032457879,Trace voltammetric measurements of cancerostatic actinomycin-C1,10.1051/analusis:1998125,1998,Analusis,Egypt; United Arab Emirates
2-s2.0-0032162341,"Effect of superimposed sinusoidal a.c. on the characteristics of electrodeposited Ni, Cu and Cu-Ni alloy composites with α-Al2O3 and TiO2",10.1080/00202967.1998.11871222,1998,Transactions of the Institute of Metal Finishing,Egypt; United Arab Emirates
2-s2.0-58149519690,Enhancing color formation of flame seedless grapes using safe compounds or low dose of ethephon,10.9755/ejfa.v10i1.5129,1998,Emirates Journal of Food and Agriculture,Egypt; United Arab Emirates
2-s2.0-0032343223,Analytical calculation of fusion barrier distributions,10.1103/PhysRevC.58.2229,1998,Physical Review C Nuclear Physics,Egypt; United Arab Emirates
2-s2.0-25144486153,Cathodic stripping voltammetry of NADH in presence of Cu2+,10.1007/s002160050652,1998,Fresenius Journal of Analytical Chemistry,Egypt; United Arab Emirates
2-s2.0-0009818684,Differential Pulse Polarographic Analysis of Chlorpyrifos Insecticide,10.1002/(SICI)1521-4109(199809)10:11<784::AID-ELAN784>3.0.CO;2-9,1998,Electroanalysis,Egypt; United Arab Emirates
2-s2.0-0031628988,Composting of vegetable waste in subtropical climates,,1998,International Journal of Environment and Pollution,Egypt; United Arab Emirates
2-s2.0-0031625785,Targeting of new wells through an integrated characterisation of the basement reservoir in Zeit Bay field,10.2118/49271-ms,1998,Proceedings SPE Annual Technical Conference and Exhibition,Egypt; United Arab Emirates
2-s2.0-84880597234,Effect of gibbereilic acid and potassium spray on fruit quality of navel oranges,10.9755/ejfa.v10i1.5132,1998,Emirates Journal of Food and Agriculture,Egypt; United Arab Emirates
2-s2.0-0000316247,"Electrochemistry and Characterization of Some Organic Molecules at ""Microsize"" Conducting Polymer Electrodes",10.1002/(SICI)1521-4109(199802)10:2<121::AID-ELAN121>3.0.CO;2-R,1998,Electroanalysis,Egypt; United Arab Emirates
2-s2.0-0032236643,Structural and electrical properties of spray-prepared chlorophyll thin films,,1998,Indian Journal of Pure and Applied Physics,Egypt; United Arab Emirates
2-s2.0-0032345893,Electrocatalytic oxidation of some biologically important compounds at conducting polymer electrodes modified by metal complexes,10.1007/s100080050058,1998,Journal of Solid State Electrochemistry,Egypt; United Arab Emirates
2-s2.0-0032006466,"Multiphase flowmeter successfully measures three-phase flow at extremely high gas-volume fractions - Gulf of Suez, Egypt",10.2118/36837-pa,1998,SPE Production and Facilities,Egypt; United Arab Emirates; United States
2-s2.0-2242426202,Effect of rotation and an oblique electric field on the developments of Kelvin-Helmholtz instability,,1999,Nuovo Cimento Della Societa Italiana Di Fisica B,Egypt; United Arab Emirates
2-s2.0-0033496466,"Maastrichtian echinoids from the Simsima Formation, northwestern Oman mountains, UAE: A systematic view and ecological implications",,1999,Revue De Paleobiologie,Egypt; United Arab Emirates
2-s2.0-0032599729,Heavy metals in mangrove sediments of the United Arab Emirates shoreline (Arabian Gulf),10.1023/A:1005139020681,1999,Water Air and Soil Pollution,Egypt; United Arab Emirates
2-s2.0-0033507811,Environmental characteristics of the United Arab Emirates waters along the Arabian Gulf: Hydrographical survey and nutrient salts,,1999,Indian Journal of Marine Sciences,Egypt; United Arab Emirates
2-s2.0-0032870257,Oil contamination along oil tanker routes off the United Arab Emirates (The Arabian Gulf and the Gulf of Oman),10.1007/s001289900967,1999,Bulletin of Environmental Contamination and Toxicology,Egypt; United Arab Emirates
2-s2.0-0033063673,Effect of carbosulfan pesticide and selenium on some semen characteristics and serum testosterone in male rabbits,10.1080/09603129973254,1999,International Journal of Environmental Health Research,Egypt; United Arab Emirates
2-s2.0-0033139227,Combined clustering and neural network approach for analog multiple hard fault classification,10.1023/A:1008353901973,1999,Journal of Electronic Testing Theory and Applications JETTA,Egypt; United Arab Emirates; United States
2-s2.0-0032971820,"Trace metals in Lethrinus lentjan fish from the Arabian Gulf (Ras Al- Khaimah, United Arab Emirates): Metal accumulation in kidney and heart tissues",10.1007/s001289900873,1999,Bulletin of Environmental Contamination and Toxicology,Egypt; United Arab Emirates
2-s2.0-0032770986,Petroleum hydrocarbons along the Arabian Gulf coast of United Arab Emirates,,1999,Indian Journal of Marine Sciences,Egypt; United Arab Emirates
2-s2.0-85056087260,Using NMR and electrical logs for enhanced evaluation of producibility and hydrocarbon reserves in gas reservoirs with high irreducible water saturation,,1999,SPWLA 40th Annual Logging Symposium 1999,Egypt; United Arab Emirates
2-s2.0-0032987677,"Interesting synthetic approaches towards [1] benzopyrano[4,3-b] quinolines via intramolecular reaction of nitrilium salts",10.1039/a809649j,1999,Journal of Chemical Research Part S,Egypt; United Arab Emirates
2-s2.0-0009903612,"Kinetics and mechanism of the copper(II) catalyzed oxidation of N-substituted p-phenylenediamines by 2,3,9,10-tetramethyl-1,4,5,7,8,11,12,14-octaazacyclotetradeca-1,3,8,10- tetraenecopper(II)",10.1023/A:1006935718594,1999,Transition Metal Chemistry,Egypt; United Arab Emirates
2-s2.0-0039530934,The effects of collisions with neutral particles on the instability of two superposed composite plasmas streaming through porous medium,10.1515/zna-1999-6-711,1999,Zeitschrift Fur Naturforschung Section A Journal of Physical Sciences,Egypt; United Arab Emirates
2-s2.0-0032740988,"Selective synthesis and structure of 6-arylvinyl-2- and 4-glucosyl- 1,2,4-triazines of expected interesting biological activity",10.1080/07328319908044880,1999,Nucleosides and Nucleotides,Egypt; United Arab Emirates
2-s2.0-0032996091,Determination of molybdenum in human urine by spectrophotometric method using thiazolylazo compounds as chromogenic reagents,10.1080/00032719908542917,1999,Analytical Letters,Egypt; United Arab Emirates
2-s2.0-1842418203,Knowledge of Arabic in the Crusader States in the twelfth and thirteenth centuries,10.1016/S0304-4181(98)00022-0,1999,Journal of Medieval History,Egypt; United Arab Emirates
2-s2.0-0001136262,New catalytic systems based on intercalated polymer-montmorillonite supports,10.1002/(sici)1521-3935(19990501)200:5<955::aid-macp955>3.0.co;2-d,1999,Macromolecular Chemistry and Physics,Egypt; United Arab Emirates
2-s2.0-0040120814,Electrohydrodynamic interfacial stability conditions in the presence of heat and mass transfer and oblique electric fields,10.1515/zna-1999-8-904,1999,Zeitschrift Fur Naturforschung Section A Journal of Physical Sciences,Egypt; United Arab Emirates
2-s2.0-0032885774,3-Allylsalicylaldehyde and 3-allylsalicylic acid derivatives: Synthesis and conversion to allyl-crown compounds as new potential precursors for polymer supported crown compounds,10.1039/a901795j,1999,Journal of Chemical Research Part S,Egypt; United Arab Emirates
2-s2.0-0000277425,Wigner surmise for high-order level spacing distributions of chaotic systems,10.1103/PhysRevE.60.5371,1999,Physical Review E Statistical Physics Plasmas Fluids and Related Interdisciplinary Topics,Egypt; United Arab Emirates
2-s2.0-0032889269,Cranial sonographic findings in Joubert's syndrome,10.1002/(SICI)1097-0096(199901)27:1<41::AID-JCU7>3.0.CO;2-S,1999,Journal of Clinical Ultrasound,Egypt; United Arab Emirates; United Kingdom
2-s2.0-0032588059,"Metal polluation in the sediments of Alexandria region, Southeastern Mediterranean, Egypt",10.1007/s001289900975,1999,Bulletin of Environmental Contamination and Toxicology,Egypt; United Arab Emirates
2-s2.0-0343406385,"Raman and infrared spectra, conformational stability, normal coordinate analysis, Ab initio calculations and vibrational assignment of 1-chloro-l-methylsilacyclobutane",10.1002/(sici)1097-4555(199905)30:5<399::aid-jrs382>3.0.co;2-f,1999,Journal of Raman Spectroscopy,Egypt; United Arab Emirates; United States
2-s2.0-0000916774,"Spectra and Structure of Silicon-Containing Compounds. XXV. * Raman and Infrared Spectra, r0 Structural Parameters, Vibrational Assignment, and Ab Initio Calculations of Ethyl Chlorosilane-Si-d2",10.1023/A:1022087310109,1999,Structural Chemistry,Egypt; United Arab Emirates
2-s2.0-0006028523,"Structural studies on cadmium(II), cobalt(II), copper(II), nickel(II) and zinc(II) complexes of 1-malonyl-bis(4-phenylthiosemicarbazide)",10.1007/BF01032222,1990,Transition Metal Chemistry,Egypt; Yemen
2-s2.0-0025670170,"Preliminary investigation of diarrhoeal diseases among children in Sanaa, Yemen Arab Republic",10.1016/0035-9203(90)90108-Q,1990,Transactions of the Royal Society of Tropical Medicine and Hygiene,Egypt; Yemen
2-s2.0-0025367907,A seroepidemiological survey of viral hepatitis in the Yemen Arab Republic,10.1016/0035-9203(90)90290-U,1990,Transactions of the Royal Society of Tropical Medicine and Hygiene,Egypt; Yemen
2-s2.0-0026381232,Effect of gamma radiation and thermal treatment on some physical properties of zn0-pb0-b203 glasses,10.1088/0022-3727/24/12/015,1991,Journal of Physics D Applied Physics,Egypt; Yemen
2-s2.0-27844586700,"Synthesis, electrical conductivity and spectroscopic investigations of salic ylidene-3imino-3-(o-formyl) phenoxy propionic acid hydrazide complexes",10.1080/15533179108018347,1991,Synthesis and Reactivity in Inorganic and Metal Organic Chemistry,Egypt; Yemen
2-s2.0-21844440441,"Spectroscopic investigation of divalent mn, co, ni, cu and trivalent fe complexes with indazole schiff bases",10.1080/15533179108018344,1991,Synthesis and Reactivity in Inorganic and Metal Organic Chemistry,Egypt; Yemen
2-s2.0-0026130974,Conjugate gradient algorithm for adaptive finite impulse response digital filters,10.1080/00207219108921307,1991,International Journal of Electronics,Egypt; Yemen
2-s2.0-0026243064,Performance of different types of renewable power supply systems,10.1080/01430750.1991.9675204,1991,International Journal of Ambient Energy,Egypt; Yemen
2-s2.0-84985630933,Study of the conduction mechanisms in polycarbonate,10.1002/apmc.1991.051930102,1991,Die Angewandte Makromolekulare Chemie,Egypt; Yemen
2-s2.0-21144476466,"Synthesis and characterization of Co(II), Ni(II), and Cu(II) complexes of salicylal-4-aminoantipyrine and 2-hydroxy-1-naphthol-4-aminoantipyrine and their adducts",10.1007/BF00808271,1992,Monatshefte Fur Chemie Chemical Monthly,Egypt; Yemen
2-s2.0-0040576175,"Synthesis and characterisation of mn(II), Fe(III), Co(II), Ni(II) and Cu(II) complexes with m-aminobenzoic hydrazide and some of its arylidene derivatives",10.1080/15533179208020255,1992,Synthesis and Reactivity in Inorganic and Metal Organic Chemistry,Egypt; Yemen
2-s2.0-21844434100,"Direct electrochemical synthesis of cobalt, nickel, copper, zinc, cadmium, tin and lead zincon complexes",10.1007/BF03325404,1992,Transition Metal Chemistry,Egypt; Yemen
2-s2.0-21144478408,Synthesis and characterization of some complexes derived from 3-azomethine-2-methyl-benzopyrrole derivatives,10.1080/15533179208020269,1992,Synthesis and Reactivity in Inorganic and Metal Organic Chemistry,Egypt; Yemen
2-s2.0-0002220687,Synthesis and physico-chemical studies on transition metal complexes of symmetric bis-Schiff base ligands,10.1007/BF03325419,1992,Transition Metal Chemistry,Egypt; Yemen
2-s2.0-84948885766,"Binuclear complexes of some transition metal ions with 1, 1, 3, 3-propane tetracarbohydrazide",10.1080/15533179308016717,1993,Synthesis and Reactivity in Inorganic and Metal Organic Chemistry,Egypt; Yemen
2-s2.0-84954706894,Electron paramagnetic resonance and piossbauer studies of fe3+ ions in the Fe2O3- MoO3system,10.1080/00387019308010768,1993,Spectroscopy Letters,Egypt; Yemen
2-s2.0-15044357547,"The spectra, lifetime and laser activity of 2,5-bis-2(l-naphthyl) vinylpyrazine and 2,5-bis-2(2-naphthyl)vinylpyrazine",10.1007/BF03040837,1993,Journal of Chemical Sciences,Egypt; Yemen
2-s2.0-34250076375,Freshwater leeches from Yemen,10.1007/BF00006269,1993,Hydrobiologia,Egypt; Yemen
2-s2.0-42249105889,Synthesis and characterization of some complexes derived from 3-azomethine-2-methyl-benzopyrrole derivatives,10.1080/15533179308016639,1993,Synthesis and Reactivity in Inorganic and Metal Organic Chemistry,Egypt; Yemen
2-s2.0-84985569563,Conduction mechanism of polycarbonate doped with different transition metals,10.1002/apmc.1993.052080102,1993,Die Angewandte Makromolekulare Chemie,Egypt; Yemen
2-s2.0-11344272918,Epr studies of the low-temperature phase transitions in likso4 by. cu2+ ions,10.1080/00387019408002507,1994,Spectroscopy Letters,Egypt; Yemen
2-s2.0-0029328846,Kinetics of the acid corrosion of aluminium and zinc in binary,10.1108/eb007363,1995,Anti Corrosion Methods and Materials,Egypt; Yemen
2-s2.0-0030562391,Optical investigations on InxSe1-x thin films III: Effect of composition,10.1016/0921-4526(95)00447-5,1996,Physica B Condensed Matter,Egypt; Yemen
2-s2.0-0030552312,A new synthetic method of some acid hydrazide complexes and their adducts,10.1080/00945719608005116,1996,Synthesis and Reactivity in Inorganic and Metal Organic Chemistry,Egypt; Yemen
2-s2.0-0031273302,"Synthesis and structural studies of mixed-ligand complexes: Benzoylacetone and L-proline, 2-pyrrolidone-5-carboxylic acid or L-thioproline",,1997,Journal of Thermal Analysis,Egypt; Yemen
2-s2.0-0001340904,Polaronic hopping conduction in Fe2O3-PbO-B2O3 glasses,,1997,Physics and Chemistry of Glasses,Egypt; Yemen
2-s2.0-0032525746,Investigation of the temperature effects on induced impact pressure and cavitation erosion,10.1016/S0043-1648(97)00290-1,1998,Wear,Egypt; Yemen
2-s2.0-0031909625,"A study on the short tandem repeat systems HumCD4, HumTH01 and HumFIBRA in population samples from Yemen and Egypt",10.1007/s004140050128,1998,International Journal of Legal Medicine,Austria; Egypt; Yemen
2-s2.0-0042205763,"A new diolefinic laser dye: 2,5-bis-2-(2-naphthyl) vinyl pyrazine (B2NVP)",10.1016/S1010-6030(98)00435-3,1999,Journal of Photochemistry and Photobiology A Chemistry,Egypt; Yemen
2-s2.0-0000866358,Conduction mechanism of BaCo2-xNixFe16O27,10.1016/S0304-8853(99)00387-X,1999,Journal of Magnetism and Magnetic Materials,Egypt; Yemen
2-s2.0-0033157144,"Bionomics of anopheline vectors in Zabid District, Al-Hodeidah Governorate, Republic of Yemen",10.26719/1999.5.4.698,1999,Eastern Mediterranean Health Journal,Egypt; Yemen
2-s2.0-0343192225,Dielectric and magnetic permeability behavior of BaCo2-xNixFe16O27 W-type hexaferrites,10.1016/S0304-8853(99)00381-9,1999,Journal of Magnetism and Magnetic Materials,Egypt; Yemen
2-s2.0-0032865757,Remote Village Survey for Agents Causing Hepatosplenic Disease in the Republic of Yemen,10.1177/004947559902900408,1999,Tropical Doctor,Egypt; Yemen
2-s2.0-58149318750,Solvent effects on the 1H NMR spectra of some α-(2-hydroxy-1-phenyl)-N-(4-substituted phenyl)nitrones,10.1016/0584-8539(95)01484-5,1995,Spectrochimica Acta Part A Molecular and Biomolecular Spectroscopy,Iran; Iraq
2-s2.0-84938450733,A novel integrated-optic WDM cross-connect for wavelength routing networks,10.1109/GLOCOM.1992.276494,1992,Globecom 1992 Communication for Global Users IEEE Global Telecommunications Conference,Iran; Jordan
2-s2.0-0028892710,In vitro cultivation of Trypanosoma acomys: production of insect stages and bloodstream forms,10.1007/BF00931845,1995,Parasitology Research,Iran; Jordan
2-s2.0-0032819849,Mutations in the CCN gene family member WISP3 cause progressive pseudorheumatoid dysplasia,10.1038/12699,1999,Nature Genetics,Iran; Jordan; Saudi Arabia; United States
2-s2.0-0025634856,An efficient greenhouse design for hot climates,10.1016/0196-8904(90)90044-Y,1990,Energy Conversion and Management,Iran; Kuwait
2-s2.0-0025696575,Mycobacterium vaccae in immunoprophylaxis and immunotherapy of leprosy and tuberculosis,10.1016/0264-410X(90)90002-4,1990,Vaccine,Iran; Kuwait; United Kingdom
2-s2.0-84941533369,Design of Fair Weights for Heterogeneous Traffic Scheduling in Multichannel Wireless Networks,10.1109/43.205014,1993,IEEE Transactions on Computer Aided Design of Integrated Circuits and Systems,Iran; Kuwait
2-s2.0-0030436765,Prediction of the rate of oil removal from seawater by evaporation and dissolution,10.1016/S0920-4105(96)00031-9,1996,Journal of Petroleum Science and Engineering,Iran; Kuwait
2-s2.0-0030153148,Modelling of falling film reactors,10.1016/0009-2509(96)00113-3,1996,Chemical Engineering Science,Iran; Kuwait
2-s2.0-0031075412,Performance of polypropylene and steel tubes in solar water heaters with natural circulation,10.1080/00908319708908839,1997,Energy Sources,Iran; Kuwait
2-s2.0-0032409785,Modified peng-robinson equation of state for prediction of pvt and critical properties,,1998,Iranian Journal of Science and Technology Transaction B Technology,Iran; Kuwait
2-s2.0-0013267757,Improving cubic equations of state for heavy reservoir fluids and critical region,10.1080/00986449808912698,1998,Chemical Engineering Communications,Iran; Kuwait
2-s2.0-84939037615,ISDN introduction planning in developing countries - CCITT GAS9 case studies,10.1109/ICC.1992.267974,1992,IEEE International Conference on Communications,Iran; Japan; Lebanon
2-s2.0-0033233002,Drop-size/velocity correlations at formation of sprays from fan nozzles,,1999,Transactions of the American Society of Agricultural Engineers,Canada; Iran; Lebanon
2-s2.0-0032637659,Metro optical networking,10.1002/bltj.2152,1999,Bell Labs Technical Journal,China; Iran; Lebanon; United States
2-s2.0-0030106078,Control of wound rotor induction motor using thyristors in the secondary circuits,10.1109/28.491482,1996,IEEE Transactions on Industry Applications,Iran; Saudi Arabia
2-s2.0-0031221286,Diagnosing the health of engineering systems,10.1002/(sici)1099-1638(199709/10)13:5<317::aid-qre113>3.0.co;2-i,1997,Quality and Reliability Engineering International,Canada; Iran; Saudi Arabia; United States
2-s2.0-8244227325,"Trinucleotide repeat polymorphism within exon 5 of the MICA gene (MHC class I chain-related gene A): Allele frequency data in the nine population groups Japanese, Northern Han, Hui, Uygur, Kazakhstan, Iranian, Saudi Arabian, Greek and Italian",10.1111/j.1399-0039.1997.tb02778.x,1997,Tissue Antigens,Iran; Japan; Saudi Arabia
2-s2.0-0031736016,Treatment of anoxic pond effluent using crossflow microfiltration,10.1016/S0043-1354(98)00147-X,1998,Water Research,Iran; Saudi Arabia
2-s2.0-0038850128,Using bone powder for dosimetric system EPR response under the action of γ irradiation,,1999,Nukleonika,Iran; Saudi Arabia
2-s2.0-0025507510,Free electron laser with longitudinal electric wiggler,10.1088/0022-3727/23/10/004,1990,Journal of Physics D Applied Physics,Iran; Turkey; United States
2-s2.0-0027565023,Clinical application of a cantilevered adhesive prosthesis: A case report,,1993,Quintessence International,Iran; Turkey
2-s2.0-36149037606,Localized solutions of the linearized gravitational field equations in free space,10.1088/0264-9381/11/10/013,1994,Classical and Quantum Gravity,Iran; Turkey; United States
2-s2.0-0028172175,βthalassemia in Iran: A high incidence of the nonsense codon 39 mutation on the island of queshm,10.3109/03630269409045779,1994,Hemoglobin,Iran; Turkey
2-s2.0-0029475263,Residual strength and large-deformation potential of loose silty sands,10.1061/(ASCE)0733-9410(1995)121:12(896),1995,Journal of Geotechnical Engineering,Iran; Turkey
2-s2.0-0029357141,The TIGRE Instrument for 0.3–100 MeV Gamma-Ray Astronomy,10.1109/23.467770,1995,IEEE Transactions on Nuclear Science,Iran; Turkey; United States
2-s2.0-5244363647,Few ARC-minute and KEV resolutions with the tigre Compton telescope,,1997,European Space Agency Special Publication ESA SP,Iran; Turkey; United States
2-s2.0-0031223023,Corrosion of a drilling pipe steel in an environment containing sulphate-reducing bacteria,10.1016/s0308-0161(97)00022-7,1997,International Journal of Pressure Vessels and Piping,Iran; Turkey
2-s2.0-0031250521,Viscous displacement in fractured porous media,10.2118/97-09-05,1997,Journal of Canadian Petroleum Technology,Iran; Norway; Turkey; United States
2-s2.0-0007706314,Phragmén-Lindelöf type theorems for some semilinear elliptic and parabolic equations,,1998,Demonstratio Mathematica,Iran; Turkey
2-s2.0-0032831541,"Formation and features of Ballica Cave, Pazar, Tokat, Turkey",,1999,Cave and Karst Science,Iran; Turkey
2-s2.0-0030734033,Prediction of phase behavior in microemulsion systems using artificial neural networks,10.1006/jcis.1996.4678,1997,Journal of Colloid and Interface Science,Iran; United Arab Emirates; United Kingdom
2-s2.0-84989530052,Synthesis and spectroscopic studies on organotin(IV) complexes of some pyrazoles and pyrazol‐5‐ones and their antibacterial activity,10.1002/aoc.590070806,1993,Applied Organometallic Chemistry,Iraq; Jordan
2-s2.0-34249754690,Molecular complexes of crown ethers. part 2: Complexes between crown ethers and π acceptors,10.1007/BF00709336,1994,Journal of Inclusion Phenomena and Molecular Recognition in Chemistry,Iraq; Jordan
2-s2.0-84949075078,Dahlin minimum variance self-tuning controller,10.1080/00207179408921493,1994,International Journal of Control,Iraq; Jordan
2-s2.0-0028374317,Performance of direct contact latent heat storage units with two hydrated salts,10.1016/0038-092X(94)90067-1,1994,Solar Energy,Iraq; Jordan
2-s2.0-21344474525,Molecular complexes of crown ethers. Part 3. Effect of cations on charge transfer complexes with TCNE,10.1007/BF00709575,1995,Journal of Inclusion Phenomena and Molecular Recognition in Chemistry,Iraq; Jordan
2-s2.0-0347767477,"The distribution of tuberculin reaction among children at school entry in Madaba, Jordan",,1996,Eastern Mediterranean Health Journal,Iraq; Jordan
2-s2.0-0011943412,Metabolizable energy requirements for maintenance and growth of Awassi lambs,10.1016/0921-4488(95)00775-X,1996,Small Ruminant Research,Iraq; Jordan
2-s2.0-0030104084,Study of Hall effect on laminated carbon fibre-epoxy composite,10.1007/bf00275428,1996,Journal of Materials Science Letters,Iraq; Jordan
2-s2.0-0002645450,"Synthesis, characterization and cytotoxic activity of diorganotin(IV) complexes with 4H-pyrido[1,2-a]pyrimidin-4-one derivatives",10.1002/(SICI)1099-0739(199602)10:1<47::AID-AOC476>3.0.CO;2-3,1996,Applied Organometallic Chemistry,Iraq; Jordan
2-s2.0-0030512338,"Molecular complexes of crown ethers, part 4: Complexes of crown ethers with picric acid",10.1007/BF01044999,1996,Journal of Inclusion Phenomena and Molecular Recognition in Chemistry,Iraq; Jordan
2-s2.0-26444482437,"Copolymerization of N-acryloylpiperidine with Acrylic Acid, methyl methacrylate, and styrene",10.1080/10601329608020383,1996,Journal of Macromolecular Science Pure and Applied Chemistry,Iraq; Jordan
2-s2.0-0029770559,Optical properties of epoxy-glass microballoons composite,10.1016/0925-3467(95)00033-X,1996,Optical Materials,Iraq; Jordan
2-s2.0-1842586662,"The Mass Spectral Fragmentation of some 2,3-Dihydro-5-trifluoromethyl-7-(p-R-phenyl)-1,4-diazepines",10.1007/BF00807572,1996,Monatshefte Fur Chemie,Iraq; Jordan
2-s2.0-1842425192,The Photogalvanic Effect of Fe(II)-β-Diketonate/Thionine Systems in Aqueous Acetonitrile,10.1007/BF00810879,1996,Monatshefte Fur Chemie,Iraq; Jordan
2-s2.0-2742542165,Carbon-13 NMR of some new substituted 2- amino benzotheazoles,10.1080/00387019608007148,1996,Spectroscopy Letters,Iraq; Jordan
2-s2.0-0030538432,Platinum Group Metal Schiff-base Complexes Part II: Palladium and Nickel Complexes,,1996,Asian Journal of Chemistry,Iraq; Jordan
2-s2.0-0000295759,Diorganotin(IV) complexes of some schiff bases with a potential biological activity,10.1002/(SICI)1099-0739(199609)10:7<545::AID-AOC494>3.0.CO;2-V,1996,Applied Organometallic Chemistry,Iraq; Jordan
2-s2.0-0031210646,Calculation of machine-slot parameters by complementary variational technique,10.1080/07313569708955775,1997,Electric Machines and Power Systems,Iraq; Jordan
2-s2.0-0031208122,Bandwidth improvement of a homojunction p-i-n photodiode,10.1109/3.605555,1997,IEEE Journal of Quantum Electronics,Iraq; Jordan; Oman; United States
2-s2.0-0031505457,"Synthesis, Characterization and Cytotoxic Activity of New Platinum(II) Complexes with Some Nitrogen Containing Ligands, Part (2): With 3,5-Dimethylpyrazole",,1997,Asian Journal of Chemistry,Iraq; Jordan
2-s2.0-0001054085,Synthesis and properties of a chelating resin containing a salicylaldimine group,10.1080/10601329708010035,1997,Journal of Macromolecular Science Pure and Applied Chemistry,Iraq; Jordan
2-s2.0-0031494197,Diorganotin(IV) dichloride complexes of some N-arylfurfuralnitrones,10.1080/00945719708000241,1997,Synthesis and Reactivity in Inorganic and Metal Organic Chemistry,Iraq; Jordan
2-s2.0-0031504999,Palladium(II) and Platinum(II) Complexes with Arylthioethenes,,1997,Asian Journal of Chemistry,Iraq; Jordan
2-s2.0-0032390768,Histoplasma farciminosum infection of horses in Iraq,,1998,Veterinarski Arhiv,Iraq; Jordan
2-s2.0-3042983972,In vitro antitumour activity of platinum(II) complexes with various nitrogen containing ligands,,1998,Biologia,Iraq; Jordan
2-s2.0-0031689341,Insecticidal and ovicidal effects of the seed extract of Atriplex canescens against Culex quinquefasciatus,10.1076/phbi.36.1.69.4621,1998,Pharmaceutical Biology,Iraq; Jordan; Libya
2-s2.0-0032353324,"Glanders in horses: Clinical, biochemical and serological studies in Iraq",,1998,Veterinarski Arhiv,Iraq; Jordan
2-s2.0-0032122076,Characteristic analysis of resonant-cavity-enhanced (RCE) photodetectors,10.1109/3.687854,1998,IEEE Journal of Quantum Electronics,Iraq; Jordan; Oman; Sudan; United States
2-s2.0-0032283320,Histomorphologic observations on the blood supply of the ovaries of she-camel (Camelus dromedarius),,1998,Journal of Camel Practice and Research,Iraq; Jordan
2-s2.0-0031994044,"Dimethyltin(IV) carboxylate compounds; synthesis, characterization and in vitro cytotoxic activity",,1998,Bollettino Chimico Farmaceutico,Iraq; Jordan
2-s2.0-0032321685,Synthesis and cytotoxic evaluation of the first trans-palladium(II) complex with naturally occurring alkaloid harmine,10.1016/S0223-5234(99)80033-6,1998,European Journal of Medicinal Chemistry,Iraq; Jordan
2-s2.0-0032382043,"Organotin(IV) Complexes of Some 2-Pyrazoline Derivatives, Part (II): PhSnCl3 and SnCl4 Complexes",,1998,Asian Journal of Chemistry,Iraq; Jordan
2-s2.0-0346225701,Search strategies for the acquisition of DS spread spectrum signals,10.1080/002072198134850,1998,International Journal of Electronics,Iraq; Jordan
2-s2.0-85057966967,Optimizing the flow rate of pumping Iraqi crude oil inside pipelines using a new drag reducing additive,,1998,Annual Technical Meeting ATM 1988,Iraq; Jordan
2-s2.0-0031988498,Determination of the Type of Charge Carriers in Carbon Fiber/Polymer Composite,10.1016/S0142-9418(97)00041-X,1998,Polymer Testing,Iraq; Jordan
2-s2.0-33847244013,Chemical properties and cytotoxic activity of complexes of platinum(II) and palladium(II) containing dmso and various anions; synthesis and structural characterization of [Pt(dmso)2{O2(CO)2CCH2CH 2CH2}],10.1023/A:1006942125847,1998,Transition Metal Chemistry,Iraq; Jordan
2-s2.0-0032807890,Cytotoxic activity against a series of tumour cell lines of dimethyltin dichloride complexes with various donor ligands,,1999,Bollettino Chimico Farmaceutico,Iraq; Jordan
2-s2.0-0006063115,Heterobimetallic complexes of platinum(II) with diferrocenylphenylphosphine and their in vitro activity against P388 leukaemia,10.1002/(SICI)1099-0739(199901)13:1<63::AID-AOC815>3.0.CO;2-1,1999,Applied Organometallic Chemistry,Iraq; Jordan
2-s2.0-0033407034,"Kinetics of the Acetyl Migration in Some Adducts of Acetyl-1,4-Benzoquinones: Part III",,1999,Asian Journal of Chemistry,Iraq; Jordan
2-s2.0-0033441728,"Reactions of organotin (IV) compounds with platinum complexes part (I): Oxidative-addition reactions of SnRxCl4-x with [Pt(PR3′)n], R′ = Et, n = 3 or 4 and R′ = Cyc, n = 2",,1999,Asian Journal of Chemistry,Iraq; Jordan
2-s2.0-0032885032,"Synthesis and antiviral activity of 1,5- and 1,3-dialkyl-1,2,4-triazole C-nucleosides derived from 1-(chloroalkyl)-1-aza-2-azoniaallene salts",10.1080/07328319908044859,1999,Nucleosides and Nucleotides,Iraq; Jordan
2-s2.0-0030689260,A management model for technology and R&D selection,10.1504/ijtm.1997.001690,1997,International Journal of Technology Management,Iraq; Kuwait; United Kingdom; United States
2-s2.0-28144461513,A 10 year review of the endoscopic treatment of 125 spinal cord injured patients with vesical outlet obstruction: Does bladder neck dyssynergia exist?,10.1038/sc.1996.6,1996,Paraplegia,Iraq; Libya
2-s2.0-0030743909,Experience with 30 posttraumatic rectourethral fistulas: Presentation of posterior transsphincteric anterior rectal wall advancement,10.1016/S0022-5347(01)64493-8,1997,Journal of Urology,Iraq; Libya
2-s2.0-0011219399,Synthesis and Polycondensation of Some New Organic Tellurium Compounds Containing Mono- and Di-amino Groups,10.1002/(SICI)1099-0739(199802)12:2<79::AID-AOC667>3.0.CO;2-E,1998,Applied Organometallic Chemistry,Iraq; Libya
2-s2.0-0027283022,Synthesis of some novel 1-(5-thio-β-d-glucopyranosyl)-6-azauracil derivatives - thiosugar nucleosides,10.1080/07328319308021503,1993,Nucleosides and Nucleotides,Iraq; Morocco
2-s2.0-0025749954,Effect of loading rate on fracture toughness of bonded joints,10.1016/0013-7944(91)90110-M,1991,Engineering Fracture Mechanics,Iraq; Saudi Arabia
2-s2.0-0002923120,Mesh selection in collocation for boundary value problems,10.1093/imanum/11.1.7,1991,IMA Journal of Numerical Analysis,Iraq; Saudi Arabia; United Kingdom
2-s2.0-0030888775,Transverse testicular ectopia: Report of three cases,10.1007/BF01350011,1997,Pediatric Surgery International,Iraq; Saudi Arabia
2-s2.0-0030679768,Evaluation of Teknaf Enteric Agar (TEA): A modified MacConkey's Agar for the isolation of Shigella dysenteriae type 1 and Shigella flexneri,10.1093/tropej/43.5.307,1997,Journal of Tropical Pediatrics,Bangladesh; Iraq; Saudi Arabia
2-s2.0-0033137554,Effect of preheated corn oil as fuel on diesel engine performance,,1999,AMA Agricultural Mechanization in Asia Africa and Latin America,Iraq; Turkey
2-s2.0-0032718171,Sublingual human insulin for hyperglycaemia in type I diabetes,,1999,Journal of the Pakistan Medical Association,Iraq; United Arab Emirates
2-s2.0-0025693429,Experimental investigation of frictional noise and surface-roughness characteristics,10.1007/BF02321499,1990,Experimental Mechanics,Jordan; Kuwait
2-s2.0-0025495191,Surface-roughness measurement using dry friction noise,10.1007/BF02322828,1990,Experimental Mechanics,Jordan; Kuwait
2-s2.0-0025352628,"Autosomal recessive ataxia, slow eye movements, dementia and extrapyramidal disturbances",10.1016/0022-510X(90)90132-7,1990,Journal of the Neurological Sciences,Jordan; Kuwait
2-s2.0-0025049849,Cloning of the E. coli O-acetylserine sulfhydrylase gene: ability of the clone to produce a mutagenic product from azide and O-acetylserine,10.1016/0165-7992(90)90043-J,1990,Mutation Research Letters,Jordan; Kuwait
2-s2.0-33748656406,"Quasirelativistic Effects in the Electronic Structure of the Thiomolybdate and Thiotungstate Complexes of Nickel, Palladium, and Platinum",10.1021/ic00012a007,1991,Inorganic Chemistry,Jordan; Kuwait
2-s2.0-0026132337,An in vivo stndy on the release of fluoride from glass-ionomer cement,,1991,Quintessence International,Jordan; Kuwait
2-s2.0-84972526294,On solvability of systems of convolution equations in K′M,10.14492/hokmj/1381413978,1991,Hokkaido Mathematical Journal,Jordan; Kuwait
2-s2.0-0026088337,Human heart sarcolemmal sheath antibodies in children with non-suppurative sequelae of group A streptococcal infections: A follow up study,10.1136/ard.50.11.752,1991,Annals of the Rheumatic Diseases,Jordan; Kuwait
2-s2.0-84881161094,Algebraic characterization of distributions of rapid growth,10.1216/rmjm/1181072650,1992,Rocky Mountain Journal of Mathematics,Jordan; Kuwait
2-s2.0-3042951023,A novel thermotolerant methylotrophic Bacillus sp. and its potential for use in single-cell protein production,10.1007/BF01201882,1992,World Journal of Microbiology Biotechnology,Jordan; Kuwait; United Arab Emirates
2-s2.0-0027088950,Hydro-behaviour of Middle Eastern desert soils,10.1016/0022-1694(92)90154-N,1992,Journal of Hydrology,Jordan; Kuwait
2-s2.0-0029120819,Letters to the editor,10.1093/tropej/41.4.252,1995,Journal of Tropical Pediatrics,Jordan; Kuwait; United Arab Emirates
2-s2.0-0029668907,Potential fate of G-nerve chemical warfare agents in the coastal waters of the Arabian Gulf,10.1016/0141-1136(95)00151-4,1996,Marine Environmental Research,Jordan; Kuwait
2-s2.0-0031215250,Efficient full wave analysis of transition from microstrip to microstrip through an aperture,10.1002/(sici)1522-6301(199709)7:5<380::aid-mmce7>3.0.co;2-l,1997,International Journal of RF and Microwave Computer Aided Engineering,Canada; Jordan; Kuwait
2-s2.0-0032453630,Incoming longwave radiation enhancement by cloud cover,10.1080/02723646.1998.10642650,1998,Physical Geography,Jordan; Kuwait
2-s2.0-0033396738,Static image telepathology in routine surgical pathology diagnosis: A report on the first experience in the Arab world from Kuwait,10.1159/000026102,1999,Medical Principles and Practice,Jordan; Kuwait
2-s2.0-0344105558,Changes in Seed Reserves and Cell Wall Composition of Component Organs During Germination of Cabbage (Brassica oleracea) Seeds,10.1016/S0176-1617(11)81319-2,1991,Journal of Plant Physiology,Jordan; Lebanon
2-s2.0-0027686383,A wastewater treatment system with optimal control of biomass starvation,10.1080/10934529309375975,1993,Journal of Environmental Science and Health Part A Environmental Science and Engineering and Toxicology,Jordan; Lebanon
2-s2.0-84981508610,"Economic importance and cycle of Polystigma ochraceum, causing red leaf blotch disease of almond, in Lebanon",10.1111/j.1365-2338.1997.tb00669.x,1997,EPPO Bulletin,Jordan; Lebanon
2-s2.0-0032464791,"Photoprotective effects of some quinoxaline 1,4-dioxides in hairless mice",10.1007/BF02787210,1998,Medical Oncology,Jordan; Lebanon
2-s2.0-0030561076,Experimental determination of the optimal location and contraction of sedimentation tank baffles,10.1007/bf00283562,1996,Water Air and Soil Pollution,Jordan; Libya
2-s2.0-2442553158,Incidence of salmonella infection among neonates in a pediatric hospital,,1998,Saudi Medical Journal,Jordan; Libya
2-s2.0-0033440882,Vibration-rotation components in the deuterated methyl acetylene (CD3CCD) molecule for the Δ J = 3 ← 2 and Δ J = 2 ← 1 rotational transitions in the v9 = 1 and 3 and the v10 = 1 and 2 vibrations,,1999,Journal of the Korean Physical Society,Jordan; Morocco
2-s2.0-0030411840,Temperature dependence of the excess entropy for liquid alloys,10.1080/00319109608030548,1996,Physics and Chemistry of Liquids,Jordan; Oman
2-s2.0-0030104370,Sorting problems of the standard Arabic character set,10.1016/0920-5489(95)00043-7,1996,Computer Standards and Interfaces,Jordan; Oman
2-s2.0-0030404396,Swelling-shrinkage behavior of natural expansive clays,10.1016/S0169-1317(96)00009-9,1996,Applied Clay Science,Jordan; Oman
2-s2.0-0030759802,Comparative bioavailability of two capsule formulations of mefenamic acid,,1997,International Journal of Clinical Pharmacology and Therapeutics,Jordan; Oman
2-s2.0-85027096658,Cyclic swelling behavior of clays: Closure,10.1061/(asce)1090-0241(1997)123:8(785),1997,Journal of Geotechnical and Geoenvironmental Engineering,Jordan; Oman
2-s2.0-0031177655,AC characteristics of optically controlled MESFET (OPFET),10.1109/50.596967,1997,Journal of Lightwave Technology,Jordan; Oman
2-s2.0-0030981369,Pharmacokinetic behavior of two tablet formulations of mefenamic acid in healthy volunteers,,1997,Saudi Pharmaceutical Journal,Jordan; Oman
2-s2.0-0001135682,"Mutagenic activity of rhodium(III) complexes with 2,2′-biquinoline and 2-(2′-pyridyl)quinoline",10.1016/S0277-5387(96)00437-8,1997,Polyhedron,Jordan; Oman
2-s2.0-0030708791,Comparative pharmacokinetics of two nifedipine products in capsule form following single oral administration in healthy volunteers,10.1007/BF03189816,1997,European Journal of Drug Metabolism and Pharmacokinetics,Jordan; Oman
2-s2.0-0002173077,An efficient method to determine linear feedback connections in shift registers that generate maximal length pseudo-random up and down binary sequences,10.1016/S0045-7906(96)00020-1,1997,Computers and Electrical Engineering,India; Jordan; Oman
2-s2.0-0031416573,Laboratory studies on factors that influence the strength of reinforced cemented sand,10.2113/gseegeosci.iii.3.411,1997,Environmental and Engineering Geoscience,Jordan; Oman
2-s2.0-0033497607,Electrical resistivity of alkali-lead binary alloys,10.1080/00319109908035955,1999,Physics and Chemistry of Liquids,Jordan; Oman
2-s2.0-3042987844,On the reaction of nitrilium salts with tropones,,1996,Advanced Synthesis and Catalysis,Jordan; Palestine
2-s2.0-0346057522,Numerical calculation of the magnetodielectric anisotropy effect in magnetic fluids,10.1103/PhysRevB.54.13063,1996,Physical Review B Condensed Matter and Materials Physics,Jordan; Palestine
2-s2.0-33750178129,On the reaction of nitrilium salts with tropones,10.1002/prac.199633801116,1996,Journal Fur Praktische Chemie Chemiker Zeitung,Jordan; Palestine
2-s2.0-0346441783,The instability of the cinnabar phase of ZnS under high pressure,10.1088/0953-8984/10/23/011,1998,Journal of Physics Condensed Matter,Jordan; Palestine
2-s2.0-27844563358,High-pH waters and their chemical equilibrium with the different rocks and mineral phases from Maqarin Area/North Jordan,10.1127/njgpa/208/1998/115,1998,Neues Jahrbuch Fur Geologie Und Palaontologie Abhandlungen,Jordan; Palestine
2-s2.0-0031981686,Effect of sucrose level on in vitro and ex vitro growth of African violet (Saintpaulia ionantha Wendl),,1998,Advances in Horticultural Science,Jordan; Palestine
2-s2.0-0038683933,Mass spectral study of tauotomerism in some schiff bases,10.1080/00387019808003294,1998,Spectroscopy Letters,Jordan; Qatar
2-s2.0-0032957796,Antimicrobial activity of extracts of herbal plants used in the traditional medicine of Jordan,10.1016/S0378-8741(98)00132-9,1999,Journal of Ethnopharmacology,Jordan; Qatar
2-s2.0-0032622598,"Molecular complexes of crown ethers, Part 6: Complexes of Cryptand (2,2,2) and Kryptofix 5 with some acceptors",10.1023/A:1008045927013,1999,Journal of Inclusion Phenomena,Jordan; Qatar
2-s2.0-0032851234,Multivariate and principal component statistical analysis of contamination in urban and agricultural soils from north Jordan,10.1007/s002540050424,1999,Environmental Geology,Jordan; Qatar
2-s2.0-0032622843,"Molecular complexes of crown ethers, part 5: Complexes of DB18C6 with some acceptors",10.1023/A:1008096210619,1999,Journal of Inclusion Phenomena,Jordan; Qatar
2-s2.0-0025488508,On the Concentration Dependence of Faraday Rotation in Magnetic Fluids,10.1109/20.104896,1990,IEEE Transactions on Magnetics,Jordan; Saudi Arabia
2-s2.0-0025477283,Real-time identification of III conditioned structures,10.1115/1.2919854,1990,Journal of Offshore Mechanics and Arctic Engineering,Jordan; Saudi Arabia
2-s2.0-0026309836,Reuse of Wastewater Effluent for Irrigation in Severely arid Regions: Alternative Schemes — A Case Study,10.1080/07900629108722519,1991,International Journal of Water Resources Development,Jordan; Saudi Arabia
2-s2.0-85024546695,Free vibration characteristics of structures with nonlinear underlying soil,10.1115/1.2930161,1991,Journal of Vibration and Acoustics Transactions of the ASME,Jordan; Saudi Arabia
2-s2.0-0026104020,A study of a multidimensional transient heat conduction process with a moving heat source part 2: Numerical and experimental,10.1080/09603409.1991.11689639,1991,Materials at High Temperatures,Jordan; Saudi Arabia
2-s2.0-34248850731,A comparative study of Swahili ni and Arabic kāna as copulative elements,10.1016/0388-0001(91)90003-J,1991,Language Sciences,Jordan; Saudi Arabia
2-s2.0-0026204775,Design of two-dimensional recursive digital filters with finite wordlength coefficients,10.1080/00207219108925468,1991,International Journal of Electronics,Jordan; Saudi Arabia
2-s2.0-0026820891,Damping and synchronizing torque computation in multimachine power systems,10.1109/59.141715,1992,IEEE Transactions on Power Systems,Jordan; Saudi Arabia
2-s2.0-0026854357,Hot carrier lifetime and trap cross-section in MOSFET oxide,10.1080/00207219208925597,1992,International Journal of Electronics,Jordan; Saudi Arabia
2-s2.0-0026977116,Transient forced convection in the entrance region of concentric annuli,10.1016/0017-9310(92)90220-M,1992,International Journal of Heat and Mass Transfer,Jordan; Saudi Arabia
2-s2.0-0037602483,Electromechanical modelling of overhead cranes,10.1080/00207729208949446,1992,International Journal of Systems Science,Jordan; Saudi Arabia
2-s2.0-0027799604,The inverted trickle flat plate solar collector,10.1080/01425919308909794,1993,International Journal of Solar Energy,Jordan; Saudi Arabia
2-s2.0-38249002506,Damping and synchronizing torques of closely coupled generators,10.1016/0378-7796(93)90013-5,1993,Electric Power Systems Research,Jordan; Saudi Arabia
2-s2.0-0028214389,Struma ovarii with pseudo-Meigs' syndrome: report of a case and review of the literature,10.1016/0028-2243(94)90039-6,1994,European Journal of Obstetrics and Gynecology and Reproductive Biology,Jordan; Saudi Arabia
2-s2.0-84947650807,Boosting Aeroengine Thrust by Using Ramjets,10.1108/eb037524,1994,Aircraft Engineering and Aerospace Technology,Jordan; Saudi Arabia
2-s2.0-0029328707,Transient conjugated heat transfer in concentric annuli,10.1108/EUM0000000004073,1995,International Journal of Numerical Methods for Heat Fluid Flow,Jordan; Saudi Arabia
2-s2.0-0029300787,A visual method of determining marginal placement of crowns: Part I. Marginal placement of anterior crowns,,1995,Quintessence International,Jordan; Saudi Arabia
2-s2.0-0029240029,Induced flow in isothermally heated vertical annuli with two rotating boundaries,10.1016/0142-727X(94)00003-U,1995,International Journal of Heat and Fluid Flow,Jordan; Saudi Arabia
2-s2.0-0002911833,Analytical solution for transient laminar fully developed free convection in vertical channels,10.1007/s002310050017,1995,Heat and Mass Transfer,Jordan; Saudi Arabia
2-s2.0-0029267629,"Time‐resolved fluorescence study of 4‐dimethylaminobenzonitrile in nonhydrogen‐bonding polymers, using picosecond dye laser pulses as excitation source",10.1002/polb.1995.090330422,1995,Journal of Polymer Science Part B Polymer Physics,Jordan; Saudi Arabia
2-s2.0-0029373780,Solid-state control of a wind-driven self-excited induction generator,10.1080/07313569508955644,1995,Electric Machines and Power Systems,Jordan; Saudi Arabia
2-s2.0-0029312265,A visual method of determining marginal placement of crowns: Part II. Marginal placement of posterior crowns,,1995,Quintessence International,Jordan; Saudi Arabia
2-s2.0-0029274992,Damping and synchronizing torques of salient-pole generators with accurate representation of saturation,10.1109/60.372562,1995,IEEE Transactions on Energy Conversion,Jordan; Saudi Arabia
2-s2.0-0030256594,Failure of dental bridges: III - Effect of some technical factors,,1996,Journal of Oral Rehabilitation,Jordan; Saudi Arabia
2-s2.0-0029774231,Analysis and design of mushroom slabs with a strut-tie model,10.1016/0045-7949(95)00135-4,1996,Computers and Structures,Jordan; Saudi Arabia
2-s2.0-0030157753,Failure of dental bridges. II. Prevalence of failure and its relation to place of construction,10.1111/j.1365-2842.1996.tb00875.x,1996,Journal of Oral Rehabilitation,Jordan; Saudi Arabia
2-s2.0-0030124319,Failure of dental bridges. I. Age and sex of patients and distribution of replaced and abutment teeth,10.1111/j.1365-2842.1996.tb00853.x,1996,Journal of Oral Rehabilitation,Jordan; Saudi Arabia
2-s2.0-0030529319,Movement and wayfinding in the King Saud University built environment: A look at freshman orientation and environmental information,10.1006/jevp.1996.0026,1996,Journal of Environmental Psychology,Jordan; Saudi Arabia
2-s2.0-0030125633,Temperature and soot concentration in a high soot density flame,10.1016/0017-9310(95)00194-8,1996,International Journal of Heat and Mass Transfer,Jordan; Saudi Arabia
2-s2.0-21544484068,On the contraceptive effect of castor beans,10.1076/phbi.35.1.63.13268,1997,Pharmaceutical Biology,Jordan; Saudi Arabia
2-s2.0-0031136915,Failure of dental bridges. IV. Effect of supporting periodontal ligament,10.1111/j.1365-2842.1997.tb00346.x,1997,Journal of Oral Rehabilitation,Jordan; Saudi Arabia
2-s2.0-0031394142,Vernacular architecture education in the Islamic society of Saudi Arabia: Towards the development of an authentic contemporary built environment,10.1016/S0197-3975(96)00056-2,1997,Habitat International,Jordan; Saudi Arabia
2-s2.0-24044459310,Laminar forced convection about rotating bodies at low Pr-number,10.1007/s002310050163,1997,Heat and Mass Transfer Waerme Und Stoffuebertragung,Jordan; Saudi Arabia
2-s2.0-0031311743,Decontamination of chicken carcasses artificially contaminated with Salmonella,10.20506/rst.16.3.1074,1997,OIE Revue Scientifique Et Technique,Jordan; Saudi Arabia
2-s2.0-0012574215,Fluorescence of 4-dimethylaminobenzonitrile in β-cyclodextrin cavities: Evidence for self-complexes,,1997,Arabian Journal for Science and Engineering,Jordan; Saudi Arabia
2-s2.0-0032204977,HVDC converter using self-commutated devices,10.1109/63.728343,1998,IEEE Transactions on Power Electronics,Jordan; Saudi Arabia
2-s2.0-0032158588,Effect of denture thickness on tooth movement during processing of complete dentures,10.1046/j.1365-2842.1998.00300.x,1998,Journal of Oral Rehabilitation,Jordan; Saudi Arabia
2-s2.0-0031666207,Role of endoscopic retrograde cholangiopancreatography before and after laparoscopic cholecystectomy,10.5144/0256-4947.1998.117,1998,Annals of Saudi Medicine,Jordan; Saudi Arabia
2-s2.0-0033530823,High performance liquid chromatography method for determination of methyl-5-benzoyl-2-benzimidazole carbamate (mebendazole) and its main degradation product in pharmaceutical dosage forms,10.1016/S0039-9140(99)00212-X,1999,Talanta,Jordan; Saudi Arabia
2-s2.0-0033336863,Nonlinear natural frequencies of a cantilever beam partially immersed in fluid and carrying an intermediate mass,,1999,American Society of Mechanical Engineers Pressure Vessels and Piping Division Publication PVP,Jordan; Saudi Arabia
2-s2.0-0242566172,Suitability of Some Date Cultivars for Jelly Making,,1999,Journal of Food Science and Technology,Jordan; Saudi Arabia
2-s2.0-0002466043,On the steady state response of oscillators with static and inertia non-linearities,10.1006/jsvi.1998.2106,1999,Journal of Sound and Vibration,Jordan; Saudi Arabia
2-s2.0-0033122430,Assessing the Quality of Clinical Procedures and Technical Standards of Dental Laboratories in Fixed Partial Denture Therapy,,1999,International Journal of Prosthodontics,Jordan; Saudi Arabia
2-s2.0-0032630374,Linear array pattern synthesis for wide band sector nulling – abstract,10.1163/156939399X01645,1999,Journal of Electromagnetic Waves and Applications,Jordan; Saudi Arabia
2-s2.0-0033378377,Communicating behavioral research to campus design factors affecting the perception and use of outdoor spaces at the University of Jordan,10.1177/00139169921972344,1999,Environment and Behavior,Jordan; Saudi Arabia
2-s2.0-0032659177,Transient conjugate heat transfer in a porous medium in concentric annuli,10.1108/09615539910266602,1999,International Journal of Numerical Methods for Heat and Fluid Flow,Jordan; Saudi Arabia
2-s2.0-0039374758,Representative Salmonella serovars isolated from poultry and poultry environments in Saudi Arabia,10.20506/rst.18.3.1185,1999,OIE Revue Scientifique Et Technique,Jordan; Saudi Arabia
2-s2.0-0032871408,Simultaneous determination of pyridoxine hydrochloride and meclizine hydrochloride in tablet formulations by HPLC,10.1211/146080899128735199,1999,Pharmacy and Pharmacology Communications,Jordan; Saudi Arabia
2-s2.0-0032903702,Modelling the effect of rainfall on instabilities of slopes along highways,10.1007/s002540050390,1999,Environmental Geology,Jordan; Saudi Arabia; United Arab Emirates
2-s2.0-0038137785,Ab initio pseudopotential calculations of the band lineups at strained ZnS/ZnSe interfaces: Including the 3d electrons of Zn as valence states,10.1103/PhysRevB.52.1830,1995,Physical Review B,Jordan; Tunisia
2-s2.0-2842617015,"Transverse interplanar forces and phonon spectra of strained Si, Ge, and Si/Ge superlattices",10.1103/PhysRevB.53.5372,1996,Physical Review B Condensed Matter and Materials Physics,Jordan; Tunisia
2-s2.0-0032487184,The band lineups at highly strained ZnS/CdS and ZnSe/ZnTe interfaces: Effects of the quadratic deformation potentials and the relaxation of the semicore d-electrons,10.1088/0953-8984/10/39/009,1998,Journal of Physics Condensed Matter,Jordan; Tunisia
2-s2.0-17044439090,"Ab initio pseudopotential calculations of the transverse and longitudinal phonon spectra of ge, α-sn, and α-sn/ge superlattices",10.1103/PhysRevB.60.6452,1999,Physical Review B Condensed Matter and Materials Physics,Jordan; Tunisia
2-s2.0-0033157154,Water conservation through Islamic public awareness in the Eastern Mediterranean Region,10.26719/1999.5.4.785,1999,Eastern Mediterranean Health Journal,Jordan; Tunisia
2-s2.0-51249175809,Thermodynamics of simple liquid metals calculated using an analytic pair potential,10.1007/BF02451283,1991,Il Nuovo Cimento D,Jordan; Turkey
2-s2.0-84948890900,Proposed improvements in sand-lime bricks and mortar bonding: Use of cement lime pozzolan mortar improved tensile and shear bonding strength,10.1080/09613219208727188,1992,Building Research Information,Jordan; Turkey
2-s2.0-0026940665,Evaluation and control of collapsible soils,10.1061/(ASCE)0733-9410(1992)118:10(1491),1992,Journal of Geotechnical Engineering,Jordan; Turkey
2-s2.0-0027575896,Effectiveness of oil shale ash in reducing alkali-silica reaction expansions,10.1007/BF02472933,1993,Materials and Structures,Jordan; Turkey
2-s2.0-84937750729,Evaluation and control of collapsible soils,10.1061/(ASCE)0733-9410(1994)120:5(925),1994,Journal of Geotechnical Engineering,Jordan; Turkey
2-s2.0-8244240433,Mapping of the familial infantile myasthenia (congenital myasthenic syndrome type Ia) gene to chromosome 17p with evidence of genetic homogeneity,10.1093/hmg/6.4.635,1997,Human Molecular Genetics,Cyprus; Jordan; Turkey
2-s2.0-0030834316,Periodic stationarity conditions for periodic autoregressive moving average processes as eigenvalue problems,10.1029/97WR01002,1997,Water Resources Research,Jordan; Turkey
2-s2.0-0343106997,ILA: An inductive learning algorithm for rule extraction,10.1016/S0957-4174(97)00089-4,1998,Expert Systems with Applications,Jordan; Turkey
2-s2.0-0031904122,Congenital myasthenic syndrome (CMS) type Ia: Clinical and genetic diversity,10.1111/j.1749-6632.1998.tb10922.x,1998,Annals of the New York Academy of Sciences,Cyprus; Jordan; Turkey
2-s2.0-0032187733,A bifurcation analysis of subsynchronous oscillations in power systems,10.1016/s0378-7796(98)00037-6,1998,Electric Power Systems Research,Jordan; Turkey; United States
2-s2.0-0033417209,Improvement of beef production traits of Southern Anatolian Red cattle through crossings with Simmental sires,,1999,Veterinarski Arhiv,Jordan; Turkey
2-s2.0-0033569835,"Novel conversion of thiols into disulfides, via S-nitrosothiol intermediates using trichloronitromethane",10.1016/S0040-4020(99)00722-X,1999,Tetrahedron,Jordan; Turkey
2-s2.0-0033204493,ILA-2: an inductive learning algorithm for knowledge discovery,10.1080/019697299125037,1999,Cybernetics and Systems,Jordan; Turkey
2-s2.0-84947725539,DCL: A disjunctive learning algorithm for rule extraction,10.1007/978-3-540-48765-4_71,1999,Lecture Notes in Computer Science Including Subseries Lecture Notes in Artificial Intelligence and Lecture Notes in Bioinformatics,Jordan; Turkey
2-s2.0-0345551951,Solar domestic water heating in Turkey,10.1016/S0360-5442(99)00004-3,1999,Energy,Jordan; Turkey
2-s2.0-0033012167,Differential serodiagnosis for cystic and alveolar echinococcosis using fractions of Echinococcus granulosus cyst fluid (antigen B) and E. multilocularis protoscolex (Em18),10.4269/ajtmh.1999.60.188,1999,American Journal of Tropical Medicine and Hygiene,Japan; Jordan; Turkey
2-s2.0-84953501503,A Study of some dinuclear organoiron phosphine sulfide complexes by 57fe mÖssbauer spectroscopy,10.1080/00945719008048177,1990,Synthesis and Reactivity in Inorganic and Metal Organic Chemistry,Jordan; United Arab Emirates
2-s2.0-0027047729,Oxidation state of the upper mantle beneath the northwestern part of the Arabian lithosphere,10.1016/0040-1951(92)90464-H,1992,Tectonophysics,Jordan; United Arab Emirates
2-s2.0-0027626426,Impedance behavior of liquid crystalline copolymers in the solid phase,10.1016/0167-577X(93)90154-P,1993,Materials Letters,Jordan; United Arab Emirates
2-s2.0-0027576907,Analysis of the ac Current Properties of a PAN-Based Carbon-Fiber/ Polycarbonate Composite,10.1177/089270579300600202,1993,Journal of Thermoplastic Composite Materials,Jordan; United Arab Emirates
2-s2.0-0028827627,Bacterial meningitis: Still a cause of high mortality and severe neurological morbidity in childhood,10.1093/tropej/41.5.308,1995,Journal of Tropical Pediatrics,Jordan; United Arab Emirates
2-s2.0-0348222503,Spectral and electrochemical studies of d-tartaric and dl-mandelic acids with different chromium ions,10.1016/0584-8539(94)E0103-H,1995,Spectrochimica Acta Part A Molecular and Biomolecular Spectroscopy,Jordan; United Arab Emirates
2-s2.0-0029413769,Maximum power tracking for a wind driven induction generator connected to a utility network,10.1016/0306-2619(95)00048-W,1995,Applied Energy,Jordan; United Arab Emirates
2-s2.0-20144368612,Chemical amplification methods for the sequential determination of trace amounts of ruthenium by titrimetric and spectrophotometric procedures,10.1016/0039-9140(95)01623-6,1995,Talanta,Jordan; United Arab Emirates
2-s2.0-0029143855,Electrophoretic polymorphism in rabbit tear lysozyme,10.1016/0305-0491(95)00047-C,1995,Comparative Biochemistry and Physiology Part B Biochemistry and,Jordan; United Arab Emirates
2-s2.0-77955405153,Effect of traffic movement and delay on air pollution,,1996,Road and Transport Research,Jordan; United Arab Emirates
2-s2.0-0004997774,A comparison between four cubic equations of state in predicting the inversion curve and spinodal curve loci of methane,10.1016/0040-6031(96)02974-7,1996,Thermochimica Acta,Jordan; United Arab Emirates
2-s2.0-7444258587,Electrical characterization of metal fiber-polyester composite,,1997,International Journal of Polymeric Materials and Polymeric Biomaterials,Jordan; United Arab Emirates
2-s2.0-0031286005,Extreme nuclear-valued continuous maps,10.1007/s000130050102,1997,Archiv Der Mathematik,Jordan; United Arab Emirates
2-s2.0-0031393050,Comparison between recorded and derived seismic peak horizontal ground acceleration data in Jordan,10.2113/gseegeosci.iii.4.513,1997,Environmental and Engineering Geoscience,Jordan; United Arab Emirates
2-s2.0-0031147311,Quantification of pavement rut depth using stereovision technology,10.1061/(asce)0733-9453(1997)123:2(55),1997,Journal of Surveying Engineering,Jordan; United Arab Emirates
2-s2.0-0030724587,Loss in serviceability of pavements due to expansive clay subgrades,10.2113/gseegeosci.iii.2.277,1997,Environmental and Engineering Geoscience,Jordan; United Arab Emirates
2-s2.0-0031071729,"AC impedance, permittivity and modulus spectroscopy of lead chloride single crystal",10.1007/s003390050464,1997,Applied Physics A Materials Science and Processing,Jordan; United Arab Emirates
2-s2.0-0031025880,Carbon monoxide exposure from motor vehicles in United Arab Emirates,10.1080/10934529709376544,1997,Journal of Environmental Science and Health Part A Toxic Hazardous Substances and Environmental Engineering,Jordan; United Arab Emirates
2-s2.0-0032297499,A heuristic algorithm for scheduling multiclasses of tasks in multiprocessor systems,,1998,International Journal of Computers and Applications,Jordan; United Arab Emirates; United States
2-s2.0-0242654262,Influence of substrate temperature on the processing of CdTe and CdS thin films,10.1088/0268-1242/13/3/013,1998,Semiconductor Science and Technology,Jordan; United Arab Emirates
2-s2.0-0031690792,"Geotechnical study for evaluating stability and restoration work at the 1000 year old archaeological site of Ayla, Gulf of Aqaba, Kingdom of Jordan",10.2113/gseegeosci.iv.1.103,1998,Environmental and Engineering Geoscience,Jordan; United Arab Emirates
2-s2.0-0031809063,The counselling needs of families with disabilities in the United Arab Emirates,10.1080/0885625980130206,1998,European Journal of Special Needs Education,Jordan; United Arab Emirates
2-s2.0-85052155517,Photoluminescence spectra of doped and undoped CdS films prepared by spray pyrolysis,10.1109/ICM.1998.825585,1998,Proceedings of the 10th International Conference on Microelectronics Icm 1998,Jordan; United Arab Emirates
2-s2.0-0032388025,United Arab Emirates University counseling needs questionnaire,10.1177/0143034398194006,1998,School Psychology International,Jordan; United Arab Emirates
2-s2.0-22444453597,Reliability of mesh and torus topologies in the presence of faults,10.1023/a:1019187605001,1998,Telecommunication Systems,Jordan; United Arab Emirates
2-s2.0-0033392434,Pharmacokinetics of amoxicillin trihydrate in Desert sheep and Nubian goats,10.1023/A:1006318623854,1999,Veterinary Research Communications,Jordan; United Arab Emirates
2-s2.0-0032613640,Numerical differentiation of implicitly defined curves,10.1016/S0377-0427(99)00106-5,1999,Journal of Computational and Applied Mathematics,Jordan; United Arab Emirates
2-s2.0-0042175674,CSEES: An expert system for analysis and design of cut slopes and embankments,10.1007/s002540050438,1999,Environmental Geology,Jordan; United Arab Emirates
2-s2.0-0033149954,An expert system for analysis and design of cut slopes and embankments,10.2113/gseegeosci.v.2.157,1999,Environmental and Engineering Geoscience,Jordan; United Arab Emirates
2-s2.0-0033132975,Collocation-continuation technique for solving nonlinear ordinary boundary value problems,10.1016/S0898-1221(99)00121-2,1999,Computers and Mathematics with Applications,Jordan; United Arab Emirates
2-s2.0-0033153590,Impedance spectroscopy of highly cross-linked epoxy resin/bisphenol A- based polycarbonate,10.1016/S0032-3861(98)00538-2,1999,Polymer,Jordan; United Arab Emirates
2-s2.0-0343920859,In-situ geotechnical experimentation and stability evaluation of an instrumented 180 m x 70 m x 12.5 m fill dike constructed on laminated soft ground,10.1007/s002540050447,1999,Environmental Geology,Jordan; United Arab Emirates
2-s2.0-0032638440,Experimental and theoretical characterization of miniature coplanar waveguide shunt stubs patterned on the centre conductor,10.1080/002072199132897,1999,International Journal of Electronics,Canada; Jordan; United Arab Emirates
2-s2.0-0005958094,Effect of earth stratification on impedances of power transmission lines,10.1002/etep.4450080606,1998,European Transactions on Electrical Power,Jordan; Yemen
2-s2.0-34249771338,High pressure waterjets for oil containment in calm and wavy waters; a parametric study,10.1007/BF00477998,1994,Water Air Soil Pollution,Kuwait; Lebanon
2-s2.0-0029742834,Known type 2 diabetes mellitus among the Kuwaiti population. A prevalence study,10.1007/BF00569425,1996,Acta Diabetologica,Kuwait; Lebanon; Oman
2-s2.0-0343358840,Oil and politics in the Middle East,10.1177/0967010696027002004,1996,Security Dialogue,Cyprus; Kuwait; Lebanon
2-s2.0-0030298349,The mast cells of the multiple sclerosis brain,10.1016/S0165-5728(96)00102-6,1996,Journal of Neuroimmunology,Kuwait; Lebanon; United States
2-s2.0-0000081290,Study of charging of stratified storage tanks with finite wall thickness,10.1002/(SICI)1099-114X(199704)21:5<411::AID-ER262>3.0.CO;2-B,1997,International Journal of Energy Research,Kuwait; Lebanon
2-s2.0-0031195495,Binding of 125I-insulin on capillary endothelial and myofiber cell membranes in normal and streptozotocin-induced diabetic perfused rat hearts,10.1016/S0300-9629(96)00399-4,1997,Comparative Biochemistry and Physiology A Physiology,Kuwait; Lebanon
2-s2.0-0033328535,Weather sensitive short-term load forecasting using artificial neural networks and time series,,1999,International Journal of Power and Energy Systems,Kuwait; Lebanon; United Kingdom
2-s2.0-0032981536,Tuberculosis in Lebanese jails: Prevalence and risk factors,10.1023/A:1007520429497,1999,European Journal of Epidemiology,Kuwait; Lebanon
2-s2.0-0033165602,Mixed convection effects on unsteady flow and heat transfer over a stretched surface,10.1016/S0735-1933(99)00058-5,1999,International Communications in Heat and Mass Transfer,Kuwait; Lebanon
2-s2.0-0024990630,Evaluation of chlorambucil therapy in steroid-dependent and cyclophosphamide-resistant children with nephrosis,10.1007/BF00869820,1990,Pediatric Nephrology,Kuwait; Libya
2-s2.0-0025979632,Sister chromatid exchange analysis in monitoring chlorambucil therapy in primary nephrotic syndrome of childhood,10.1007/BF00852847,1991,Pediatric Nephrology,Kuwait; Libya
2-s2.0-0031657779,Triophthalmia and facial clefting: A case report,10.1136/jmg.35.10.875,1998,Journal of Medical Genetics,Kuwait; Libya
2-s2.0-3242814742,"Long term changes in the fish assemblage of Sulaibikhat Bay, Kuwait",,1996,Kuwait Journal of Science and Engineering,Kuwait; Oman; United Kingdom
2-s2.0-10544252680,Case report: Calcified pancreas and bile ducts from schistosomiasis,10.1259/0007-1285-69-827-1064,1996,British Journal of Radiology,Kuwait; Oman
2-s2.0-0031472047,Thermal History of the Lower and Middle Cretaceous Source Rocks in Kuwait,10.2113/geoarabia0202151,1997,Geoarabia,Kuwait; Oman
2-s2.0-0032415234,Findings of colonoscopy in children: Experience from Kuwait,10.1093/tropej/44.6.371,1998,Journal of Tropical Pediatrics,Kuwait; Oman
2-s2.0-0033078018,Incremental materialization of object-oriented views,10.1016/S0169-023X(98)00042-1,1999,Data and Knowledge Engineering,Kuwait; Oman; Saudi Arabia; Turkey; United Arab Emirates
2-s2.0-38149145186,Characterization of the permeation properties of CO2N2 gas mixtures in silicone rubber membranes,10.1016/0950-4214(94)85005-4,1994,Gas Separation and Purification,Kuwait; Qatar
2-s2.0-0006298236,A survey of management training and development practices in the State of Kuwait,10.1108/02621719510078939,1995,Journal of Management Development,Kuwait; Qatar
2-s2.0-0025414363,Electron diffusion length in ZnTe,10.1002/pssa.2211180235,1990,Physica Status Solidi A,Kuwait; Saudi Arabia
2-s2.0-0025138829,Differences in the recovery of right and left ventricular function after ischaemic arrest and cardioplegia,10.1016/1010-7940(90)90074-A,1990,European Journal of Cardio Thoracic Surgery,Kuwait; Saudi Arabia
2-s2.0-0025873937,Parental smoking and the risk of childhood asthma,10.3109/02770909109073385,1991,Journal of Asthma,Kuwait; Saudi Arabia
2-s2.0-0026715189,Heredity of asthma in Saudi population,10.1007/BF00145392,1992,European Journal of Epidemiology,Kuwait; Saudi Arabia; United Arab Emirates
2-s2.0-84939407152,Characterization of shigella sonnei strains from three different geographical locations,10.1159/000157444,1992,Medical Principles and Practice,Kuwait; Saudi Arabia
2-s2.0-0027054897,Vehicle occupant exposure to carbon monoxide,10.1080/10473289.1992.10467104,1992,Journal of the Air and Waste Management Association,Kuwait; Saudi Arabia
2-s2.0-0027733619,Short-term damage to coastal bird populations in Saudi Arabia and Kuwait following the 1991 Gulf War marine pollution,10.1016/0025-326X(93)90020-K,1993,Marine Pollution Bulletin,Kuwait; Saudi Arabia; United Kingdom
2-s2.0-0027658643,"Urban traffic noise in Riyadh, Saudi Arabia: Perceptions and attitudes",10.1061/(ASCE)0733-947X(1993)119:5(751),1993,Journal of Transportation Engineering,Kuwait; Saudi Arabia
2-s2.0-77957193849,Environmental pollution monitoring using dc pulse technique,10.1016/S0166-1116(08)70557-0,1994,Studies in Environmental Science,Canada; Kuwait; Saudi Arabia
2-s2.0-84922922125,Pole assignment in a specified circular region using a bilinear transformation onto the unit circle,10.1080/00207729408949265,1994,International Journal of Systems Science,Kuwait; Saudi Arabia
2-s2.0-85069238046,A Paratransit Maintenance Cost-Allocation Model,10.1016/S1018-3639(18)30597-X,1994,Journal of King Saud University Engineering Sciences,Kuwait; Saudi Arabia
2-s2.0-0028348107,Rapid culture‐amplified immunofluorescent test for the detection of human rhinoviruses in clinical samples: Evidence of a common epitope in culture,10.1002/jmv.1890420215,1994,Journal of Medical Virology,Kuwait; Saudi Arabia
2-s2.0-0029491637,Rated mw from a heliostat field on cylindrical external receiver,10.1080/01425919508914302,1995,International Journal of Solar Energy,Kuwait; Saudi Arabia
2-s2.0-2442503452,Adsorption Equilibria of Normal Paraffins on 5A Molecular Sieve,10.1080/01496399508013138,1995,Separation Science and Technology,Kuwait; Saudi Arabia
2-s2.0-0029310911,Modeling of a Packed Column Contactor,10.1021/ie00045a017,1995,Industrial and Engineering Chemistry Research,Kuwait; Saudi Arabia
2-s2.0-0029633889,Vibration confinement in flexible structures by distributed feedback,10.1016/0045-7949(94)00347-6,1995,Computers and Structures,Kuwait; Saudi Arabia
2-s2.0-58149325330,Vibration confinement in flexible structures via alteration of mode shapes by using feedback,10.1006/jsvi.1995.0036,1995,Journal of Sound and Vibration,Kuwait; Saudi Arabia
2-s2.0-85082736179,Simulation of In-Situ Enrichment of Natural Gas Wells By Polymeric Membranes,10.1016/S1018-3639(18)31051-1,1995,Journal of King Saud University Engineering Sciences,Kuwait; Saudi Arabia
2-s2.0-85082735090,Factors Affecting Enrichment of Natural Gas by Polymeric Membranes,10.1016/S1018-3639(18)31050-X,1995,Journal of King Saud University Engineering Sciences,Kuwait; Saudi Arabia
2-s2.0-0030397827,On the relationship between active and passive mode localization,,1996,American Society of Mechanical Engineers Design Engineering Division Publication DE,Kuwait; Saudi Arabia
2-s2.0-0030269115,Proposed energy-efficient air-conditioning system using liquid desiccant,10.1016/1359-4311(95)00090-9,1996,Applied Thermal Engineering,Kuwait; Saudi Arabia
2-s2.0-85169449368,ON THE RELATIONSHIP BETWEEN ACTIVE AND PASSIVE MODE LOCALIZATION,10.1115/IMECE1996-0942,1996,ASME International Mechanical Engineering Congress and Exposition Proceedings Imece,Kuwait; Saudi Arabia
2-s2.0-0030145351,Solar flux-density distribution due to partially shaded/blocked mirrors using the separation of variables/superposition technique with polynomial and gaussian sunshapes,10.1115/1.2847971,1996,Journal of Solar Energy Engineering Transactions of the ASME,Kuwait; Saudi Arabia
2-s2.0-0029668334,Petroleum hydrocarbons in offshore sediments from the Gulf,10.1016/0025-326X(95)00161-F,1996,Marine Pollution Bulletin,Kuwait; Saudi Arabia
2-s2.0-0030239415,Steady-state solutions of buoyancy-assisted internal flows using a fast false implicit transient scheme (FITS),10.1108/09615539610131235,1996,International Journal of Numerical Methods for Heat and Fluid Flow,Kuwait; Saudi Arabia
2-s2.0-6044275967,Computer-aided statistical quality control in a concrete block factory in Kuwait,10.1007/bf02486312,1997,Materials and Structures Materiaux Et Constructions,Kuwait; Saudi Arabia; United States
2-s2.0-0032066568,Parametric study of an energy efficient air conditioning system using liquid desiccant,10.1016/S1359-4311(97)00037-9,1998,Applied Thermal Engineering,Kuwait; Saudi Arabia
2-s2.0-0031894877,The prevalence and antibiotic susceptibility pattern of gram-negative bacterial isolates in two ICUs in Saudi Arabia and Kuwait,10.1016/S0732-8893(97)00180-6,1998,Diagnostic Microbiology and Infectious Disease,Kuwait; Saudi Arabia
2-s2.0-1642618079,"Genetic background of congenital chloride diarrhea in high-incidence populations: Finland, Poland, and Saudi Arabia and Kuwait",10.1086/301998,1998,American Journal of Human Genetics,Finland; Kuwait; Saudi Arabia
2-s2.0-0032678550,Performance of a packed bed absorber for aqua ammonia absorption refrigeration system,10.1016/S0140-7007(98)00066-8,1999,International Journal of Refrigeration,Kuwait; Saudi Arabia
2-s2.0-0032683241,Interfacial mass transfer and mass transfer coefficient in aqua ammonia packed bed absorber,10.1016/S0140-7007(98)00073-5,1999,International Journal of Refrigeration,Kuwait; Saudi Arabia
2-s2.0-33750131964,Linkage mapping of the Kenny-Caffy syndrome and evidence for allelism with the Sanjad-Sakati syndrome,,1999,Journal of Investigative Medicine,Kuwait; Saudi Arabia; United States
2-s2.0-0025655950,Human immunodeficiency virus: quantifying the risk of transmission of HIV to dental health care workers,10.1111/j.1600-0528.1990.tb00083.x,1990,Community Dentistry and Oral Epidemiology,Kuwait; Turkey
2-s2.0-0030598915,"The relative levels of α2-, α1-, and ζ-mRNA in HB H patients with different deletional and nondeletional α-thalassemia determinants",10.1016/0925-4439(96)00024-5,1996,Biochimica Et Biophysica Acta Molecular Basis of Disease,Kuwait; Turkey; United Arab Emirates; United States
2-s2.0-0030269849,Simulation of different rules in stochastic flowshops,10.1016/0360-8352(96)00113-1,1996,Computers and Industrial Engineering,Kuwait; Turkey
2-s2.0-0031258858,"Scheduling in stochastic flowshops with independent setup, processing and removal times",10.1016/S0305-0548(97)00006-3,1997,Computers and Operations Research,Kuwait; Turkey
2-s2.0-0042629519,Stochastic machine dominance in flowshops,10.1016/s0360-8352(97)00013-2,1997,Computers and Industrial Engineering,Kuwait; Turkey
2-s2.0-0032302689,An O(n1/3) algorithm for distributed mutual exclusion,10.1016/S1383-7621(97)00087-8,1998,Journal of Systems Architecture,India; Kuwait; Turkey
2-s2.0-0032004342,Simulation of an atmospheric residue desulfurization unit by quasi-steady state modeling,10.1002/(sici)1521-4125(199802)21:2<193::aid-ceat193>3.0.co;2-t,1998,Chemical Engineering and Technology,Kuwait; Turkey
2-s2.0-36449002218,Photoacoustic studies of interaction of O2 with Cu2O thin films,10.1063/1.107724,1992,Applied Physics Letters,Kuwait; United Arab Emirates
2-s2.0-1542567172,Hospitalized orthopedic patients in kuwait: Assessment of pain,10.1159/000157454,1992,Medical Principles and Practice,Kuwait; United Arab Emirates
2-s2.0-0026991353,Dissipation of Toxic Potential of Airborne Dust in Kuwait,10.1080/10934529209375846,1992,Journal of Environmental Science and Health Part A Environmental Science and Engineering and Toxicology,Kuwait; United Arab Emirates
2-s2.0-0027330551,Environmental impact of the Gulf War: An integrated preliminary assessment,10.1007/BF02394670,1993,Environmental Management,Kuwait; United Arab Emirates
2-s2.0-84990642774,Thermal Interferometry of Cu2O Thin Films Electrodeposited on Stainless Steel Substrates,10.1002/pssa.2211350134,1993,Physica Status Solidi A,Kuwait; United Arab Emirates
2-s2.0-0027457490,Comparing nurses' and patients' pain evaluations: A study of hospitalized patients in Kuwait,10.1016/0277-9536(93)90065-C,1993,Social Science and Medicine,Kuwait; United Arab Emirates
2-s2.0-51649137006,The height and weight of Kuwaiti pre-school children,10.1007/BF02447637,1993,International Journal of Anthropology,Kuwait; United Arab Emirates
2-s2.0-0028336069,Liquid‒Liquid Equilibria in Some Binary and Ternary Mixtures with Tetraethylene Glycol,10.1021/je00013a030,1994,Journal of Chemical and Engineering Data,Kuwait; United Arab Emirates
2-s2.0-0028671325,Prediction of surface tension of naphtha reformate using UNIFAC,10.1002/cjce.5450720622,1994,Canadian Journal of Chemical Engineering,Kuwait; United Arab Emirates
2-s2.0-0028578654,Studies on the Rate of Selective Uptake of Amino Acids by Trichinella Larvae in Vivo,10.1017/S0022149X00001486,1994,Journal of Helminthology,Kuwait; United Arab Emirates
2-s2.0-0028150876,"Seasonality and prevalence of rotavirus in Al-Ain, United Arab Emirates",10.1016/0928-0197(94)90002-7,1994,Clinical and Diagnostic Virology,Kuwait; United Arab Emirates
2-s2.0-0029288532,Prediction and correlation of surface tension of naphtha reformate and crude oil,10.1016/0016-2361(95)98361-H,1995,Fuel,Kuwait; United Arab Emirates
2-s2.0-0029016375,The growth pattern of Kuwaiti pre-school children: Compared to NCHS/CDC reference population,10.1177/146642409511500308,1995,Journal of the Royal Society for the Promotion of Health,Kuwait; United Arab Emirates
2-s2.0-0029018712,Suppression of transplant immunity in experimental trichinellosis,10.1016/0147-9571(95)00005-S,1995,Comparative Immunology Microbiology and Infectious Diseases,Kuwait; United Arab Emirates
2-s2.0-0029230485,Liquid-Liquid Equilibria in Some Binary and Ternary Mixtures with N-Formylmorpholine,10.1021/je00017a019,1995,Journal of Chemical and Engineering Data,Kuwait; United Arab Emirates
2-s2.0-0028975719,Prediction of the surface tension of petroleum cuts using a modified UNIFAC group contribution method,10.1016/0378-3812(94)02619-C,1995,Fluid Phase Equilibria,Kuwait; United Arab Emirates
2-s2.0-0029014356,"Noise‐induced hearing loss, nationality, and blood pressure",10.1002/ajim.4700280212,1995,American Journal of Industrial Medicine,Kuwait; United Arab Emirates
2-s2.0-84966221049,Subalgebras of C(M(H∞)),10.1090/S0002-9939-1995-1221728-8,1995,Proceedings of the American Mathematical Society,Kuwait; United Arab Emirates; United States
2-s2.0-0030251069,Biological nitrification kinetics in a fixed-film reactor,10.1016/S0960-8524(96)00082-X,1996,Bioresource Technology,Kuwait; United Arab Emirates
2-s2.0-0030682247,Liquid-liquid equilibria of the ternary system water + acetic acid + 1-hexanol,10.1021/je960215h,1997,Journal of Chemical and Engineering Data,Kuwait; United Arab Emirates
2-s2.0-0031079616,Extraction of Aromatics from Petroleum Naphtha Reformate by a 1-Cyclohexyl-2-pyrrolidone/Ethylene Carbonate Mixed Solvent,10.1021/ie960395o,1997,Industrial and Engineering Chemistry Research,Kuwait; United Arab Emirates
2-s2.0-0032136581,Variable-rate pressure-drawdown analysis of gas wells with turbulence and damage,,1998,In Situ,Kuwait; United Arab Emirates
2-s2.0-0031899917,International collaboration in the development of postgraduate research training,10.1046/j.1365-2923.1998.00692.x,1998,Medical Education,Kuwait; United Arab Emirates
2-s2.0-0032172037,Pressure buildup analysis of gas wells with damage and non-Darcy flow effect,10.1016/S0920-4105(98)00043-6,1998,Journal of Petroleum Science and Engineering,Kuwait; United Arab Emirates
2-s2.0-0032322718,Spontaneous splenic rupture in malaria,10.1080/00034983.1998.11813344,1998,Annals of Tropical Medicine and Parasitology,Kuwait; United Arab Emirates
2-s2.0-0033513461,Physiological effects of caffeine on neuromuscular transmission in streptozotocin induced diabetes,,1999,Research Communications in Alcohol and Substances of Abuse,Kuwait; United Arab Emirates
2-s2.0-0032743481,Upgrading of secondary clarifiers by inclined plate settlers,10.1016/S0273-1223(99)00593-4,1999,Water Science and Technology,Kuwait; United Arab Emirates
2-s2.0-0032682640,Improved convolution analysis of late wellbore storage buildup data of gas wells,10.1080/10916469908949735,1999,Petroleum Science and Technology,Kuwait; United Arab Emirates
2-s2.0-0032677993,Adapting the type-curve approach for estimating reservoir rock permeability,,1999,In Situ,Kuwait; United Arab Emirates
2-s2.0-0033364823,Congenital insensitivity to pain with anhidrosis: Novel mutations in the TRKA (NTRK1)gene encoding a high-affinity receptor for nerve growth factor,10.1086/302422,1999,American Journal of Human Genetics,Japan; Kuwait; United Arab Emirates
2-s2.0-0032425674,Coronary aneurysm in Behcet's disease: One case report,,1998,Archives Des Maladies Du Coeur Et Des Vaisseaux,Lebanon; Morocco
2-s2.0-84879209335,Efforts to harmonize and promote a stone fruit certification scheme in the Mediterranean countries,10.17660/ActaHortic.1998.472.65,1998,Acta Horticulturae,Italy; Lebanon; Morocco; Tunisia; Turkey
2-s2.0-0347816604,The socio-economic conditions of Palestinians in Lebanon,10.1093/jrs/10.3.378,1997,Journal of Refugee Studies,Lebanon; Palestine
2-s2.0-0031857355,"Molecular, antibiogram and serological typing of staphylococcus aureus isolates recovered from Al-Makased hospital in East Jerusalem",10.1046/j.1365-3156.1998.00265.x,1998,Tropical Medicine and International Health,Lebanon; Palestine
2-s2.0-0032335941,"Study of some platinum (II), palladium (II), and rhodium (III) coordination compounds and their influence on humoral immune response of white mice",,1998,Arabian Journal for Science and Engineering,Lebanon; Qatar
2-s2.0-84966247482,A spread relation for entire functions with negative zeros,10.1090/S0002-9939-1990-1028282-X,1990,Proceedings of the American Mathematical Society,Lebanon; Saudi Arabia
2-s2.0-34249922183,Correction: New stiff matter solutions are really not stiff,10.1007/BF00672903,1991,International Journal of Theoretical Physics,Lebanon; Saudi Arabia
2-s2.0-0026695769,Renal colic: Diagnosis and outcome,,1992,Radiology,Lebanon; Saudi Arabia
2-s2.0-0026704187,Management of renal colic: Redefining the role of the urogram,,1992,Radiology,Lebanon; Saudi Arabia
2-s2.0-0026609441,"THE RED SEA — GULF OF ADEN: BIOSTRATIGRAPHY, LITHOSTRATIGRAPHY AND PALAEOENVIRONMENTS",10.1111/j.1747-5457.1992.tb00959.x,1992,Journal of Petroleum Geology,Lebanon; Saudi Arabia
2-s2.0-0027761031,The role of anticoagulation in the development of pericardial effusion and late tamponade after cardiac surgery,,1993,European Heart Journal,Lebanon; Saudi Arabia; United States
2-s2.0-0029960403,A gene for primary congenital glaucoma is not linked to the locus on chromosome 1q for autosomal dominant juvenile-onset open angle glaucoma,,1996,Journal of Glaucoma,Lebanon; Saudi Arabia; United States
2-s2.0-3042928336,Exogenous infantile lipoid pneumonia,,1996,Saudi Medical Journal,Lebanon; Saudi Arabia
2-s2.0-0030070986,MRI of spinal cord and vertebral body infarction in the anterior spinal artery syndrome,10.1007/BF00604808,1996,Neuroradiology,Lebanon; Saudi Arabia
2-s2.0-0030006670,Right intrathoracic stomach secondary to congenital hiatal hernia and organoaxial torsion,10.2214/ajr.167.1.8659423,1996,American Journal of Roentgenology,Lebanon; Saudi Arabia
2-s2.0-0031205639,Bacterial identity and characteristics in healthy and unhealthy respiratory tracts of sheep and calves,10.1023/A:1005855318665,1997,Veterinary Research Communications,Lebanon; Saudi Arabia
2-s2.0-0032456941,House calls in Lebanon: Reflections on personal experience,10.1093/fampra/15.6.571,1998,Family Practice,Lebanon; Saudi Arabia
2-s2.0-0031660979,Thiamine-responsive myelodysplasia,10.1046/j.1365-2141.1998.00861.x,1998,British Journal of Haematology,Lebanon; Saudi Arabia
2-s2.0-17344362827,"Mutations in CYP1B1, the gene for cytochrome P4501B1, are the predominant cause of primary congenital glaucoma in Saudi Arabia",10.1086/301725,1998,American Journal of Human Genetics,Lebanon; Saudi Arabia; United States
2-s2.0-0032824796,"A mutation in GLUT2, not in phosphorylase kinase subunits, in hepato-renal glycogenosis with Fanconi syndrome and low phosphorylase kinase activity",10.1007/s004390051095,1999,Human Genetics,Germany; Lebanon; Saudi Arabia
2-s2.0-0033516683,"Paracellin-1, a renal tight junction protein required for paracellular Mg2+ resorption",10.1126/science.285.5424.103,1999,Science,Lebanon; Saudi Arabia; United States
2-s2.0-0032680182,Decision support system for managing infrastructure telecommunications projects,10.1061/(ASCE)0742-597X(1999)15:1(74),1999,Journal of Management in Engineering,Lebanon; Saudi Arabia
2-s2.0-0032988692,Primary hyperoxaluria type I: An underestimated cause of nephrocalcinosis and chronic renal failure in Saudi Arabian children,10.5144/0256-4947.1999.4,1999,Annals of Saudi Medicine,Lebanon; Saudi Arabia
2-s2.0-0033358521,Localization of a gene for autosomal recessive distal renal tubular acidosis with normal hearing (rdRTA2) to 7q33-34,10.1086/302679,1999,American Journal of Human Genetics,Lebanon; Saudi Arabia; Turkey; United Kingdom
2-s2.0-0025674158,"Defective, deleted or converted CYP21B gene and negative association with a rare restriction fragment length polymorphism allele of the factor B gene in congenital adrenal hyperplasia",10.1007/BF00197691,1990,Human Genetics,France; Lebanon; Tunisia
2-s2.0-0025730535,Polymorphism of the T-cell receptor gamma variable and constant region genes in a Chinese population,10.1007/BF00194632,1991,Human Genetics,France; Lebanon; Tunisia
2-s2.0-0029553086,Deficits héréditaires de l'audition chez l'enfant,10.1016/0924-4204(96)83388-9,1995,Annales De L Institut Pasteur Actualites,Lebanon; Tunisia
2-s2.0-0031032971,"A newly identified locus for Usher syndrome type I, USH1E, maps to chromosome 21q21",10.1093/hmg/6.1.27,1997,Human Molecular Genetics,France; Lebanon; Tunisia
2-s2.0-9844252338,Prelingual deafness: High prevalence of a 30delG mutation in the connexin 26 gene,10.1093/hmg/6.12.2173,1997,Human Molecular Genetics,France; Lebanon; Tunisia
2-s2.0-1542571466,"Multicarrier, Quadrature-Frequency/Phase Modulation for Frequency-Selective Fading Channels",,1998,AEU Archiv Fur Elektronik Und Ubertragungstechnik,Lebanon; Turkey
2-s2.0-40849103142,A computer model for field machinery selection under multiple cropping,10.1016/S0168-1699(05)80021-3,1992,Computers and Electronics in Agriculture,Lebanon; United Arab Emirates
2-s2.0-0031291484,Nutritional status of school children aged 6-10 years in United Arab Emirates: Comparison with children from different ethnic origins,10.1080/03670244.1997.9991525,1997,Ecology of Food Nutrition,Lebanon; United Arab Emirates
2-s2.0-0031892470,Abdominal situs inversus with congenital duodenal stenosis: Rare association,10.1055/s-2008-1071120,1998,European Journal of Pediatric Surgery,Lebanon; United Arab Emirates
2-s2.0-85072459406,Experimental study of a novel thermosyphonic MHD electric generator,10.4271/1999-01-2509,1999,SAE Technical Papers,Lebanon; United Arab Emirates
2-s2.0-33646872293,"RKR Potential, FCF and Mixing Coefficients of the [formula omitted] and [formula omitted] States of Na2",10.1515/zna-1990-0606,1990,Zeitschrift Fur Naturforschung Section A Journal of Physical Sciences,Lebanon; Yemen
2-s2.0-0043107524,Rotational energy transfer within the A1Σu+-state of Na2 induced by collisions with (2S1/2) Na,10.1007/BF03156280,1992,Acta Physica Hungarica,Lebanon; Yemen
2-s2.0-0030285818,Sedimentary basins of the Republic of Yemen: Their structural evolution and geological characteristics,10.2516/ogst:1996049,1996,Revue De L Institute Francais Du Petrole,Lebanon; Yemen
2-s2.0-0042222251,Substitution and solvent effect of some substituted hydroxy schiff bases,10.1080/00387019808001660,1998,Spectroscopy Letters,Denmark; Libya; Qatar
2-s2.0-0031100680,Novel Radix Finite Field Multiplier for GF(2m),,1997,Journal of VLSI Signal Processing Systems for Signal Image and Video Technology,Libya; Saudi Arabia; United Kingdom
2-s2.0-0031095865,Estimation of lightning impuise insulation strength of two series dielectrics using the least square technique,10.1109/57.583423,1997,IEEE Electrical Insulation Magazine,Libya; Saudi Arabia; United States
2-s2.0-0028606181,Effect of fish oil treatment on gentamicin nephrotoxicity in rats,10.1159/000177831,1994,Annals of Nutrition and Metabolism,Libya; United Arab Emirates
2-s2.0-0028877609,The effect of thyroxine or carbimazole treatment on gentamicin nephrotoxicity in rats,10.1177/096032719501400103,1995,Human Experimental Toxicology,Libya; United Arab Emirates
2-s2.0-0029686041,Functional responses of the rat isolated seminal vesicle to electrical field stimulation: A pharmacological analysis,10.1111/j.1440-1681.1996.tb03057.x,1996,Clinical and Experimental Pharmacology and Physiology,Libya; United Arab Emirates
2-s2.0-0033186615,Cardiac status in post-streptococcal acute glomerulonephritis,,1999,Indian Pediatrics,Libya; United Arab Emirates
2-s2.0-0026760559,Genomic variation among herpes simplex virus type 1 strains: Virus DNA analysis of isolates from saudi patients,10.1002/jmv.1890380105,1992,Journal of Medical Virology,Morocco; Saudi Arabia
2-s2.0-0038854388,The global oscillation network group site survey - II. Results,10.1007/BF00680444,1994,Solar Physics,Morocco; Saudi Arabia; United States
2-s2.0-0031944185,Plasmid profile and antibiotic resistance in coagulase-negative staphylococci isolated from polluted water,10.1046/j.1365-2672.1998.00358.x,1998,Journal of Applied Microbiology,Morocco; Saudi Arabia
2-s2.0-0001170816,Influence of some organic compounds on the corrosion mechanism of carbon steel (XC 38) in 3% NaCl I. dodecyl sodium phosphonate (C10H21PO3Na2) and n-undecylimidazole (C14H26N2) surfactants,10.1007/BF01052579,1991,Journal of Applied Electrochemistry,France; Morocco; Tunisia
2-s2.0-33847237164,Influence of some organic compounds on the corrosion mechanism of carbon steel (XC38) in 3% NaCl II. Orthoaminothiophenol (C6H7NS) and surfactant dodecyl sodium phosphate (C10H21PO4Na2),10.1007/BF01052580,1991,Journal of Applied Electrochemistry,Morocco; Tunisia
2-s2.0-4243284219,Dissolution mechanism of β-tricalcium phosphate and hydroxyapatite in phosphoric acid solutions,10.1016/0040-6031(95)90680-0,1995,Thermochimica Acta,Morocco; Tunisia
2-s2.0-0029176237,Ecological and genetic differentiation of Barbus callensis populations in Tunisia,10.1111/j.1095-8649.1995.tb06007.x,1995,Journal of Fish Biology,France; Morocco; Tunisia
2-s2.0-0028961271,Ataxia with vitamin E deficiency: Refinement of genetic localization and analysis of linkage disequilibrium by using new markers in 14 families,,1995,American Journal of Human Genetics,France; Morocco; Tunisia
2-s2.0-0030142257,Influence of preparation method on catalytic properties of mixed calcium-cobalt orthophosphates,10.1007/BF01152963,1996,Journal of Materials Science,Morocco; Tunisia
2-s2.0-24044441930,Origin of the salinisation and hydrogeochemical behaviour of a phreatic aquifer suffering severe natural and anthropic constraints: An example from the Djebeniana aquifer (Tunisia),,1997,Location Science,Italy; Morocco; Tunisia
2-s2.0-0030909246,Clinical evaluation of a depigmenting cream: Trio-D® in melasma of the face,,1997,Nouvelles Dermatologiques,France; Morocco; Tunisia
2-s2.0-0042731113,"Les récifs coniaciens à rudistes de Tunisie centro-occidentale: Sédimentologie, cadre paléogéographique et interprétation séquentielle",10.1016/S0899-5362(97)00079-1,1997,Journal of African Earth Sciences,Morocco; Tunisia
2-s2.0-0030808058,"Le Turonien de Tunisie centro-occidentale: Faciès, paléogéographie et stratigraphie séquentielle d'une plate-forme carbonatée ennoyée",10.1006/cres.1996.0050,1997,Cretaceous Research,Morocco; Tunisia
2-s2.0-3743088139,Recombination centers in electron irradiated Si and GaAs,10.4028/www.scientific.net/msf.258-263.629,1997,Materials Science Forum,France; Morocco; Tunisia
2-s2.0-0031276626,The metastability of deep donor defects in semiconductor compounds,10.1051/jp3:1997246,1997,Journal De Physique III,France; Morocco; Tunisia
2-s2.0-0031275042,Electrical properties of molybdenum disulfide MoS2. Experimental study and density functional calculation results,10.1016/s0379-6779(98)80002-7,1997,Synthetic Metals,Morocco; Tunisia
2-s2.0-0031858079,Maladie d'Unverricht-Lündborg : Étude clinique et électrophysiologique de 19 familles maghrébines Unvem'cht-Lündborg disease: clinical and electro-physiological aspects in 19 North African families,,1998,Revue Neurologique,Morocco; Tunisia
2-s2.0-0032129005,"Geothermal anomalies at the surface and hydrodynamics in the Agadir Basin, Morocco",10.1016/S0899-5362(98)00047-5,1998,Journal of African Earth Sciences,Morocco; Tunisia
2-s2.0-0003298706,Structure of [NH3(CH2)4NH3]2P 4O12.2H2O,10.1016/S0992-4361(99)80004-6,1998,European Journal of Solid State and Inorganic Chemistry,Morocco; Tunisia
2-s2.0-0038065824,Structure of (C3H5NH3)2H2P 2O7̇H2O,10.1016/S0992-4361(99)80010-1,1998,European Journal of Solid State and Inorganic Chemistry,Morocco; Tunisia
2-s2.0-0032355478,The DX center in GaAsP alloys,10.1002/(SICI)1521-3951(199810)209:2<363::AID-PSSB363>3.0.CO;2-P,1998,Physica Status Solidi B Basic Research,Morocco; Tunisia
2-s2.0-0003416757,Tetrakis(cyclopropylammonium) cyclo-tetraphosphate tetrahydrate,10.1107/s010827019900877x,1999,Acta Crystallographica Section C Crystal Structure Communications,Morocco; Tunisia
2-s2.0-0003363444,"Characterization of a New Organic-Cation Cyclotetraphosphate: (1,4-HOC6H4NH3)4P4O 12· 6H2O",10.1006/jssc.1999.8151,1999,Journal of Solid State Chemistry,Morocco; Tunisia
2-s2.0-9644281873,"Environmental impact of mining activity on the pollution of the Medjerda River, north-west Tunisia",10.1007/s100640050045,1999,Bulletin of Engineering Geology and the Environment,France; Morocco; Tunisia
2-s2.0-0347659149,Détermination des éclairements ultraviolets directs à partir des caractéristiques de construction d'une source Hg-GR. Application à un réacteur de traitement d'eau,10.1051/jp4:1999536,1999,Journal De Physique IV JP,Morocco; Tunisia
2-s2.0-0037533722,New (carbene)ruthenium-arene complexes: Preparation and uses in catalytic synthesis of furans,10.1021/om960002l,1996,Organometallics,Morocco; Turkey
2-s2.0-21844456056,P-39 Training course for primary care physicians and medical students in the management of depression,10.1016/0924-977X(96)83851-X,1996,European Neuropsychopharmacology,Morocco; Turkey
2-s2.0-0029973168,Detection of hepatitis E virus RNA in stools and serum by reverse transcription-PCR,10.1128/jcm.34.6.1568-1571.1996,1996,Journal of Clinical Microbiology,France; Morocco; Turkey
2-s2.0-6544243429,Field evaluation of female-targeted trapping systems for Ceratitis capitata (Diptera: Tephritidae) in seven countries,10.1093/jee/92.1.156,1999,Journal of Economic Entomology,Morocco; Turkey; United States
2-s2.0-0008130215,First evidence for linking transitions between the superdeformed yrast band and the normal deformed states in 149Gd,10.1016/S0370-2693(99)01139-9,1999,Physics Letters Section B Nuclear Elementary Particle and High Energy Physics,France; Germany; Morocco; Turkey
2-s2.0-84879199700,Genetic and phenotypic diversity in Pistachio (P. vera L.) germplasm collected in Mediterranean countries,10.17660/actahortic.1998.470.23,1998,Acta Horticulturae,Italy; Morocco; Türkiye
2-s2.0-0348037128,Radioimmunoassay and enzyme-linked immunosorbent assay techniques as aids to studying pituitary hormones and improving reproductive management of the one-humped camel,10.1006/jare.1994.1003,1994,Journal of Arid Environments,France; Morocco; United Arab Emirates
2-s2.0-0030328934,Ultrasonographic changes of the reproductive tract in the female camel (Camelus dromedarius) during the follicular cycle and pregnancy,,1996,Journal of Camel Practice and Research,Morocco; United Arab Emirates
2-s2.0-0030250766,Pharmacokinetic considerations in the camel (Camelus dromedarius): A review,10.1016/S0742-8413(96)00120-X,1996,Comparative Biochemistry and Physiology C Pharmacology Toxicology and Endocrinology,Morocco; United Arab Emirates
2-s2.0-0031395991,"Triploporella ? atlasica n. sp., a Dasyclad (green Alga) from Palaeocene-Eocene deposits of the Middle Atlas, Morocco",,1997,Revue De Paleobiologie,France; Morocco; United Arab Emirates
2-s2.0-34249923696,Effect of isothermal annealing on the Bordoni relaxation in cold worked copper,10.1007/BF02387816,1991,Journal of Materials Science,Oman; Saudi Arabia
2-s2.0-0025720805,Numerical methods for a class of contact problems,10.1016/0020-7225(91)90091-G,1991,International Journal of Engineering Science,Oman; Saudi Arabia
2-s2.0-0026869930,Improved Speed Regulation of an Excitation Controlled Induction Motor,10.1109/28.137459,1992,IEEE Transactions on Industry Applications,Ghana; Oman; Saudi Arabia; United States
2-s2.0-0029903283,Crimean-Congo haemorrhagic fever in Oman,10.1016/S0035-9203(96)90254-0,1996,Transactions of the Royal Society of Tropical Medicine and Hygiene,Oman; Saudi Arabia
2-s2.0-0031146646,Step-change in generator mechanical power: Comprehensive analysis,10.1109/59.589736,1997,IEEE Transactions on Power Systems,Oman; Saudi Arabia
2-s2.0-84894103626,A physiological model for the assessment of hepatic extraction of insulin,,1997,Biomedical Research India,Australia; Oman; Saudi Arabia
2-s2.0-5244244703,Maximum static system loadability by means of eigenvalue sensitivity analysis: Impact of nonlinear load models,,1997,International Journal of Power and Energy Systems,Oman; Saudi Arabia
2-s2.0-0031452846,Filtering of continuous-time Markov chains,10.1016/S0895-7177(97)00241-0,1997,Mathematical and Computer Modelling,Oman; Saudi Arabia
2-s2.0-0031996782,A PC based software package for the equal area criterion of power system transient stability,10.1109/59.651608,1998,IEEE Transactions on Power Systems,Oman; Saudi Arabia
2-s2.0-1642273146,The Star Graph is Not So Attractive: Reasons and Remedies,,1998,Proceedings of the Joint Conference on Information Sciences,Oman; Saudi Arabia
2-s2.0-0007222612,The Inverse Laplace Transform and Analytic Pseudo-Differential Operators,10.1006/jmaa.1998.6083,1998,Journal of Mathematical Analysis and Applications,Oman; Saudi Arabia
2-s2.0-0346196223,Generalized cases of equal area criterion: Mathematical formulation and graphical representation,,1998,International Journal of Power and Energy Systems,Oman; Saudi Arabia; United States
2-s2.0-0033103767,Optimal adaptive estimators for partially observed numbers of defective items in inventory models,10.1016/S0895-7177(99)00056-4,1999,Mathematical and Computer Modelling,Oman; Saudi Arabia
2-s2.0-0033165332,Hysteretic queueing system with random server capacity,10.1016/S0898-1221(99)00168-6,1999,Computers and Mathematics with Applications,Oman; Saudi Arabia
2-s2.0-0004602815,A stochastic inventory model with perishable and aging items,10.1155/S1048953399000039,1999,Journal of Applied Mathematics and Stochastic Analysis,Oman; Saudi Arabia
2-s2.0-0027415876,Osteosarcoma in a 26‐month‐old girl,10.1002/1097-0142(19930501)71:9<2880::AID-CNCR2820710935>3.0.CO;2-2,1993,Cancer,Oman; Turkey
2-s2.0-84963455374,Simple generalised bhatia-march-flory formula for concentration fluctuations in liquid mixtures,10.1080/00319109508031653,1995,Physics and Chemistry of Liquids,Oman; Turkey
2-s2.0-0031582022,Breaking SO(3) into its closed subgroups by Higgs mechanism,10.1088/0305-4470/30/6/032,1997,Journal of Physics A Mathematical and General,Oman; Turkey
2-s2.0-0039207672,Quaternionic Roots of E8 Related Coxeter Graphs and Quasicrystals,,1998,Turkish Journal of Physics,Oman; Turkey
2-s2.0-0005096078,Incremental View Maintenance in Object-Oriented Databases,10.1145/313310.313338,1998,Data Base for Advances in Information Systems,Oman; Turkey
2-s2.0-0032089683,Proper handling of query results towards maximizing reusability in object-oriented databases,10.1016/S0020-0255(97)10051-2,1998,Information Sciences,Oman; Turkey
2-s2.0-0033121515,Multi-agent tuple-space based problem solving framework,10.1016/S0164-1212(99)00019-9,1999,Journal of Systems and Software,Oman; Turkey
2-s2.0-84986159796,Consumer values and the importance of store attributes,10.1108/09590559910268435,1999,International Journal of Retail Distribution Management,Oman; Turkey
2-s2.0-0033075496,InParS: An experimental intelligent parallelization system,10.1016/S0965-9978(98)00066-0,1999,Advances in Engineering Software,Oman; Turkey
2-s2.0-84946660738,Analysis of pipe networks by the finite element method,10.1080/02508069108686103,1991,Water International,Oman; United Arab Emirates
2-s2.0-0028044892,Natural history of aortoarteritis: An angiographic study in 26 survivors,10.1016/S0009-9260(05)82912-5,1994,Clinical Radiology,India; Oman; United Arab Emirates
2-s2.0-0029635682,Crimean-Congo haemorrhagic fever in Oman,10.1016/S0140-6736(95)92936-3,1995,Lancet,Germany; Oman; United Arab Emirates
2-s2.0-0029864772,Localized tuberculous lymphadenopathy associated with the myelodysplastic syndrome,10.1097/00007611-199603000-00011,1996,Southern Medical Journal,Oman; United Arab Emirates
2-s2.0-0029964021,Recurrent spontaneous perforation of intestinal lymphoma,10.1007/BF00183763,1996,Pediatric Surgery International,Oman; United Arab Emirates
2-s2.0-0040054155,The Coulomb-modified Glauber description of reaction cross-sections of heavy ions with nuclei,,1997,Nuovo Cimento Della Societa Italiana Di Fisica A,Oman; United Arab Emirates
2-s2.0-0031148389,A new dual-porosity/dual-permeability model with non-Darcian flow through fractures,10.1016/S0920-4105(96)00050-2,1997,Journal of Petroleum Science and Engineering,Oman; South Korea; United Arab Emirates; United States
2-s2.0-85059505532,A new production logging service for multiphase horizontal wells,,1998,SPWLA 39th Annual Logging Symposium 1998,Oman; United Arab Emirates
2-s2.0-85039565570,New array resistivity measurements: Physics and me case histories,,1998,Society of Petroleum Engineers Abu Dhabi International Petroleum Exhibition and Conference 1998 Adipec 1998,Oman; United Arab Emirates; United States
2-s2.0-0032827006,Antimicrobial activity of Acacia nilotica subspp. nilotica fruit extracts,10.1211/146080899128735306,1999,Pharmacy and Pharmacology Communications,Oman; United Arab Emirates
2-s2.0-0032688984,On optimal constrained trajectory planning in the plane,,1999,International Journal of Robotics and Automation,Oman; United Arab Emirates
2-s2.0-0033358738,Homozygosity mapping in families with Joubert syndrome identifies a locus on chromosome 9q34.3 and evidence for genetic heterogeneity,10.1086/302655,1999,American Journal of Human Genetics,Germany; Oman; United Arab Emirates
2-s2.0-0033065589,The association of Hb Khartoum [β124(H2)Pro→Arg] with γ+- thalassemia is responsible for hemolytic disease in the newborn of a Sudanese family,10.3109/03630269908996146,1999,Hemoglobin,Oman; United Arab Emirates
2-s2.0-0030368866,Magnetic field effects on an electron near an impenetrable dielectric surface,10.55730/1300-0101.2490,1996,Turkish Journal of Physics,Palestine; Turkey
2-s2.0-0344131366,Momentum and kinetic energy coefficients in symmetrical rectangular compound cross section flumes,,1999,Turkish Journal of Engineering and Environmental Sciences,Palestine; Turkey
2-s2.0-85008106265,"Detection, Quantitative Collection and Semiquantitative Determination of Bismuth(III) and Zinc(II) in Aqueous Media Using Polyurethane Foam Treated with Dithizone",10.2116/analsci.6.889,1990,Analytical Sciences,Qatar; Saudi Arabia
2-s2.0-84958372698,"A word about ourselves, vol. x, no. ii",10.1080/02666959108716199,1991,Institute of Muslim Minority Affairs Journal,Qatar; Saudi Arabia
2-s2.0-2442542477,Intussusception in Qatar: Five years experience,,1997,Saudi Medical Journal,Qatar; Saudi Arabia
2-s2.0-0031548605,LNG links remote supplies and markets,,1997,Oil and Gas Journal,Qatar; Saudi Arabia; United States
2-s2.0-0031033140,Synthesis and characterization of a new chelating polymer and its metal complexes,10.1016/S1381-1169(96)00084-2,1997,Journal of Molecular Catalysis A Chemical,Qatar; Saudi Arabia
2-s2.0-0030721061,Simultaneously developing laminar flow and heat transfer in the entrance region of a circular tube with constant wall temperature,10.1080/00986449708936605,1997,Chemical Engineering Communications,Qatar; Saudi Arabia
2-s2.0-2442597360,Air gun injuries in children,,1998,Saudi Medical Journal,Qatar; Saudi Arabia
2-s2.0-0031891829,Laparoscopic removal of an autoamputated ovarian cyst in an infant,10.1007/s003830050289,1998,Pediatric Surgery International,Qatar; Saudi Arabia
2-s2.0-0032625156,Saudi Arabia's petrochemical industry diversifies to face challenges,,1999,Oil and Gas Journal,Qatar; Saudi Arabia; United Kingdom
2-s2.0-0032098033,New dye-ligand: Procion red MX-3B carrying poly(EGDMA-HEMA) microbeads for removal of copper ions,10.1080/10601329808002021,1998,Journal of Macromolecular Science Pure and Applied Chemistry,Qatar; Turkey
2-s2.0-0345434382,Vibrational analysis of the (VO(O2)2NH3)- ion,10.1016/0022-3697(90)90030-J,1990,Journal of Physics and Chemistry of Solids,Qatar; United Arab Emirates
2-s2.0-13844289987,"Spectroscopic studies on the uranyl-schiff base solid complex (N,N'-p-phenylenebis(salicylideneiminato)UO2)",10.1016/0022-3697(92)90028-C,1992,Journal of Physics and Chemistry of Solids,Qatar; United Arab Emirates
2-s2.0-0004813020,Iodometric microdetermination of arsenic and antimony in organic compounds by use of amplification reactions,10.1007/BF00325861,1993,Fresenius Journal of Analytical Chemistry,Qatar; United Arab Emirates
2-s2.0-0001408775,The sorption behaviour and separation of some metal thiocyanate complexes on polyether-based polyurethane foam,10.1016/0039-9140(93)E0036-D,1994,Talanta,Qatar; United Arab Emirates
2-s2.0-43949150553,"Transmetalation of targets (μ-Y)N4Cu2ICu2IICl4 and (μ-Y,/μ-O)N4Cu4Cl4 (Y=3,4,5,6-tetrachlorocatecholate) with M(NS)2 reagents",10.1016/0020-1693(93)03746-W,1994,Inorganica Chimica Acta,Qatar; United Arab Emirates
2-s2.0-0028217856,Studies on the survival of aerosolized bovine rotavirus (UK) and a murine rotavirus,10.1016/0147-9571(94)90034-5,1994,Comparative Immunology Microbiology and Infectious Diseases,Qatar; United Arab Emirates
2-s2.0-0029020602,Iodometric determination of gold and platinum by 168- and 126-fold chemical amplification reactions,10.1016/0003-2670(95)00017-T,1995,Analytica Chimica Acta,Qatar; United Arab Emirates
2-s2.0-85054569014,Applications of a new production logging tool to locate fluid entries and borehole flow imaging,,1996,Society of Petroleum Engineers Abu Dhabi International Petroleum Exhibition and Conference Adipec 1996,Qatar; United Arab Emirates
2-s2.0-0032148193,"Ferrous tourmaline (schorl) in pegmatitic granite from the Khowr Fakkan massif, Semail ophiolite",,1998,Chemie Der Erde,Qatar; United Arab Emirates
2-s2.0-84981796791,Analysis of desert rose using PIXE and RBS techniques,10.1002/xrs.1300220107,1993,Xray Spectrometry,Saudi Arabia; Tunisia
2-s2.0-84966254999,Univalent logharmonic ring mappings,10.1090/S0002-9939-1993-1195710-1,1993,Proceedings of the American Mathematical Society,Canada; Saudi Arabia; Tunisia
2-s2.0-0028067709,Linkage of a locus for autosomal dominant familial spastic paraplegia to chromosome 2p markers,10.1093/hmg/3.10.1867,1994,Human Molecular Genetics,Saudi Arabia; Tunisia; United States
2-s2.0-0030130148,The Arab World,10.1109/37.487401,1996,IEEE Control Systems,Saudi Arabia; Tunisia
2-s2.0-17344365600,"Dysferlin, a novel skeletal muscle gene, is mutated in Miyoshi myopathy and limb girdle muscular dystrophy",10.1038/1682,1998,Nature Genetics,Canada; Saudi Arabia; Tunisia; United States
2-s2.0-84947756914,Non-supervised rectangular classification of binary data,10.1007/978-3-540-48765-4_68,1999,Lecture Notes in Computer Science Including Subseries Lecture Notes in Artificial Intelligence and Lecture Notes in Bioinformatics,Saudi Arabia; Tunisia
2-s2.0-0033524320,An EOQ lot sizing model with random supplier capacity,10.1016/S0925-5273(98)00086-3,1999,International Journal of Production Economics,Saudi Arabia; Tunisia
2-s2.0-85035317601,Performance analysis of intelligent mobile ATM networks,10.1109/PCCC.1999.749424,1999,1999 IEEE International Performance Computing and Communications Conference Ipccc 1999,Saudi Arabia; Tunisia
2-s2.0-84947769676,BRRA: A based relevant rectangles algorithm for mining relationships in databases,10.1007/3-540-48912-6_70,1999,Lecture Notes in Computer Science Including Subseries Lecture Notes in Artificial Intelligence and Lecture Notes in Bioinformatics,Saudi Arabia; Tunisia
2-s2.0-84958981706,Visualizing algorithms for the design and analysis of survivable networks,10.1007/3-540-46648-7_24,1999,Lecture Notes in Computer Science Including Subseries Lecture Notes in Artificial Intelligence and Lecture Notes in Bioinformatics,Saudi Arabia; Tunisia
2-s2.0-0032763882,"The human CDC42 gene: Genomic organization, evidence for the existence of a putative pseudogene and exclusion as a SJS1 candidate gene",10.1007/s004399900065,1999,Human Genetics,France; Saudi Arabia; Tunisia; Turkey
2-s2.0-0013609777,Swell behaviour of arid climate shales from Saudi Arabia,10.1144/GSL.QJEG.1990.023.03.06,1990,Quarterly Journal of Engineering Geology,Saudi Arabia; Turkey
2-s2.0-34347407119,Large family of colliding waves in the Einstein-Maxwell theory,10.1063/1.528971,1990,Journal of Mathematical Physics,Saudi Arabia; Turkey
2-s2.0-0025205536,Geochemistry of uranium in the late Pleistocene-Holocene sediments from the southern part of the Black Sea basin,10.1016/0009-2541(90)90078-L,1990,Chemical Geology,Saudi Arabia; Turkey
2-s2.0-0025839420,Transient wave propagation in layered media conducting heat,10.1016/0022-460X(91)90747-8,1991,Journal of Sound and Vibration,Saudi Arabia; Turkey
2-s2.0-84930137400,Simulation models of sequences of dry and wet days,10.1061/(ASCE)0733-9437(1991)117:3(457.2),1991,Journal of Irrigation and Drainage Engineering,Saudi Arabia; Turkey
2-s2.0-84929978971,Type curves fob two-regime well flow,10.1061/(ASCE)0733-9429(1991)117:1(124.2),1991,Journal of Hydraulic Engineering,Saudi Arabia; Turkey
2-s2.0-0025841150,Performance of Staggered Disc Packing,10.1016/S1018-3639(18)30542-7,1991,Journal of King Saud University Engineering Sciences,Saudi Arabia; Turkey
2-s2.0-0026382995,Vernacular climate control in desert architecture,10.1016/0378-7788(91)90076-F,1991,Energy and Buildings,Saudi Arabia; Turkey
2-s2.0-0026153082,A correlation between deviations in form and size tolerances,10.1080/00207549108930116,1991,International Journal of Production Research,Saudi Arabia; Turkey
2-s2.0-84937749897,Evaluation of deep pumping tests,10.1061/(ASCE)0733-9410(1991)117:9(1432),1991,Journal of Geotechnical Engineering,Saudi Arabia; Turkey
2-s2.0-0026359118,Adsorption/desorption of polymers from Saudi Arabian limestone,10.1016/0920-4105(91)90014-E,1991,Journal of Petroleum Science and Engineering,Saudi Arabia; Turkey
2-s2.0-0027111099,Optimum design of frames,10.1016/0045-7949(92)90047-4,1992,Computers and Structures,Saudi Arabia; Turkey
2-s2.0-0027111118,Optimization and sensitivity of prestressed concrete beams,10.1016/0045-7949(92)90046-3,1992,Computers and Structures,Saudi Arabia; Turkey
2-s2.0-38249010660,Frequency analysis of corner point supported mindlin plates by a finite difference energy method,10.1016/0022-460X(92)90423-U,1992,Journal of Sound and Vibration,Saudi Arabia; Turkey
2-s2.0-0026942187,Drawdown Distribution Around a Large Diameter Well with Nonlinear Groundwater Flow,10.1080/10934529209375827,1992,Journal of Environmental Science and Health Part A Environmental Science and Engineering and Toxicology,Saudi Arabia; Turkey
2-s2.0-3943101982,Kinematics and age of RS canum venaticorum and by draconis stars,10.1086/191658,1992,Astrophysical Journal Supplement Series,Saudi Arabia; Turkey
2-s2.0-0344213200,Unsteady Ground‐Water Flow Toward Extended Wells,10.1111/j.1745-6584.1992.tb00812.x,1992,Groundwater,Saudi Arabia; Turkey
2-s2.0-0000212863,Identification of Nonminimum Phase MA Systems Using Cepstral Operations on Slices of Higher Order Spectra,10.1109/82.193317,1992,IEEE Transactions on Circuits and Systems II Analog and Digital Signal Processing,Saudi Arabia; Turkey
2-s2.0-0027046809,Process Technology for Phosphoric Acid Production in Saudi Arabia,10.1016/S1018-3639(18)30567-1,1992,Journal of King Saud University Engineering Sciences,Saudi Arabia; Turkey
2-s2.0-85064389018,Measurement of variation in optical properties of fiber-optic cables produced by HESFIBEL and subjected to mechanical bending,10.1117/12.156290,1993,Proceedings of SPIE the International Society for Optical Engineering,Saudi Arabia; Turkey
2-s2.0-85064399740,Use of a fiber-optic probe during CO2 laser drilling,10.1117/12.156424,1993,Proceedings of SPIE the International Society for Optical Engineering,Saudi Arabia; Turkey
2-s2.0-0027188298,"The Electroimpact Compaction of Powders: Mechanics, Structure and Properties",10.1080/10426919308934834,1993,Materials and Manufacturing Processes,Saudi Arabia; Turkey
2-s2.0-0027666744,Anisotropic changes induced by ion irradiation on Bi-based high Tc superconductors,10.1016/0038-1098(93)90815-5,1993,Solid State Communications,Saudi Arabia; Turkey
2-s2.0-0027677255,A computer-aided graphical technique for the optimization of machining conditions,10.1016/0166-3615(93)90099-M,1993,Computers in Industry,Saudi Arabia; Turkey
2-s2.0-0027789693,"Drainage water disposal, Jeddah, Saudi Arabia",10.1061/(ASCE)0733-9496(1993)119:6(706),1993,Journal of Water Resources Planning and Management,Saudi Arabia; Turkey
2-s2.0-33747701682,Cumulant-based parametric multichannel FIR system identification methods,10.1109/HOST.1993.264567,1993,Proceedings IEEE Signal Processing Workshop on Higher Order Statistics Host 1993,Saudi Arabia; Turkey
2-s2.0-0027578765,Cumulant Based Identification Approaches for Nonminimum Phase FIR Systems,10.1109/78.212732,1993,IEEE Transactions on Signal Processing,Saudi Arabia; Turkey
2-s2.0-85082735708,On the Modelling of Phosphate Rock Acidulation Process,10.1016/S1018-3639(18)30583-X,1993,Journal of King Saud University Engineering Sciences,Saudi Arabia; Turkey
2-s2.0-0028667662,Remotely sensed fracture patterns in Southwestern Saudi Arabia and qualitative analysis,10.1007/BF02595002,1994,Bulletin of the International Association of Engineering Geology Bulletin De L Association Internationale De Geologie De L Ingenieur,Saudi Arabia; Turkey
2-s2.0-43949158264,Variation of the lattice parameters of a Bi-based superconductor with temperature,10.1016/0921-4534(94)91842-2,1994,Physica C Superconductivity and Its Applications,Saudi Arabia; Turkey
2-s2.0-0028383273,Cumulant-based parametric multichannel FIR system identification methods,10.1016/0016-0032(94)90028-0,1994,Journal of the Franklin Institute,Saudi Arabia; Turkey
2-s2.0-58149321495,"Excess enthalpy surfaces for n-heptane + carboxylic acid, amylamine and n-octanol mixtures by the nrtl model",10.1016/0040-6031(95)02374-B,1995,Thermochimica Acta,Saudi Arabia; Turkey
2-s2.0-0029272017,Excess Heat Capacity Surfaces for Water-Alkanol Mixtures by the UNIQUAC Model,10.1021/ie00042a027,1995,Industrial and Engineering Chemistry Research,Saudi Arabia; Turkey
2-s2.0-0029255734,Friction welding of StAl and AlCu materials,10.1016/0924-0136(94)01349-6,1995,Journal of Materials Processing Tech,Saudi Arabia; Turkey
2-s2.0-0043010591,An experimental study of the critical properties of pressed and stabilized earth bricks,10.1080/00038628.1995.9696780,1995,Architectural Science Review,Saudi Arabia; Turkey
2-s2.0-0029413209,Estimation of actual evaporation using precipitation and soil moisture records in arid climates,10.1002/hyp.3360090702,1995,Hydrological Processes,Saudi Arabia; Turkey
2-s2.0-0029103749,Dammarane triterpenes from Cleome amblyocarpa,10.1016/0031-9422(94)00848-N,1995,Phytochemistry,Saudi Arabia; Turkey
2-s2.0-84990647579,Effect of Forming Pressure on the Critical Temperature in YBa2Cu3O7−δ Superconductors,10.1002/pssb.2221890120,1995,Physica Status Solidi B,Saudi Arabia; Turkey
2-s2.0-3743108535,Computer aided comparison of out-of-roundness measures by using computer generated profiles,,1996,Turkish Journal of Engineering and Environmental Sciences,Saudi Arabia; Turkey
2-s2.0-0030371957,"Modelling and simulation of gas turbine engines, part 3: Analysis of part-load performance",,1996,International Journal of Power and Energy Systems,Saudi Arabia; Turkey
2-s2.0-0042559678,Modelling and simulation of a waste heat recovery system using looped heat pipes,,1996,International Journal of Power and Energy Systems,Saudi Arabia; Turkey
2-s2.0-0030352523,Performance of a waste heat recovery system using looped heat pipes,,1996,International Journal of Power and Energy Systems,Saudi Arabia; Turkey
2-s2.0-0013060029,The performance of UNIFAC and related group contribution models part II. Prediction of Henry's law constants,10.1016/S0040-6031(96)02959-0,1996,Thermochimica Acta,Saudi Arabia; Turkey
2-s2.0-0041113076,The performance of UNIFAC and related group contribution models part I. Prediction of infinite dilution activity coefficients,10.1016/S0040-6031(96)02958-9,1996,Thermochimica Acta,Saudi Arabia; Turkey
2-s2.0-0030263308,Investigation into absorption of the incident laser beam during Nd:YAG laser processing of metals,10.1016/S0030-3992(96)00019-9,1996,Optics and Laser Technology,Saudi Arabia; Turkey
2-s2.0-0030479147,Naturally fractured rock mass quality zonation in Saudi Arabia,10.1144/GSL.QJEGH.1996.029.P3.03,1996,Quarterly Journal of Engineering Geology,Saudi Arabia; Turkey
2-s2.0-0029666626,"Relationships between shale content and grain-size parameters in the Safaniya Sandstone reservoir, NE Saudi Arabia",10.1111/j.1747-5457.1996.tb00436.x,1996,Journal of Petroleum Geology,Saudi Arabia; Turkey
2-s2.0-0030470510,Diagenesis of the Safaniya Sandstone Member (mid-Cretaceous) in Saudi Arabia,10.1016/0037-0738(95)00140-9,1996,Sedimentary Geology,Saudi Arabia; Turkey
2-s2.0-0030495141,Kinetics of hydrogenation of furfural to furfuryl alcohol over copper chromite catalyst and optimum regeneration procedures,,1996,Arabian Journal for Science and Engineering,Saudi Arabia; Turkey
2-s2.0-3042980013,Genetic and Pathophysiological Aspects of Serum Transferrin,10.1016/0307-4412(96)00083-0,1996,Biochemical Education,Saudi Arabia; Turkey
2-s2.0-0030103957,An optical method to measure the pulsed laser output power intensity distribution in the focal region,10.1016/0263-2241(96)00020-6,1996,Measurement Journal of the International Measurement Confederation,Saudi Arabia; Turkey
2-s2.0-0029920947,A second-generation method of genotyping hepatitis C virus by the polymerase chain reaction with sense and antisense primers deduced from the core gene,10.1016/0166-0934(95)01960-X,1996,Journal of Virological Methods,Japan; Saudi Arabia; Turkey
2-s2.0-53249098766,Experimental study into droplet formation in steam flows,,1997,Flow Turbulence and Combustion,Saudi Arabia; Turkey
2-s2.0-0000636001,Calculations of thermodynamic derivative properties from the NRTL and UNIQUAC models,10.1016/S0040-6031(97)00217-7,1997,Thermochimica Acta,Saudi Arabia; Turkey
2-s2.0-16944366243,"Mutations in the chloride channel gene, CLCNKB, cause Bartter's syndrome type III",10.1038/ng1097-171,1997,Nature Genetics,Saudi Arabia; Turkey; United States
2-s2.0-0031254586,"Groundwater recharge estimation from ephemeral streams. Case study: Wadi Tabalah, Saudi Arabia",10.1002/(SICI)1099-1085(19971015)11:12<1607::AID-HYP490>3.0.CO;2-Q,1997,Hydrological Processes,Saudi Arabia; Turkey
2-s2.0-0031318541,Experimental study into droplet formation in steam flows,10.1023/a:1000868116493,1997,Applied Scientific Research the Hague,Saudi Arabia; Turkey
2-s2.0-85064210256,Simulation of melting in a three-dimensional body,10.1615/ICHMT.1997.IntSymLiqTwoPhaseFlowTranspPhenCHT.610,1997,International Symposium on Advances in Computational Heat Transfer,Saudi Arabia; Turkey
2-s2.0-0031270376,Study into nucleation of steam during expansion through a nozzle,10.1016/s0301-9322(97)00023-2,1997,International Journal of Multiphase Flow,Saudi Arabia; Turkey
2-s2.0-0031417874,Spatiotemporal dry and wet spell duration distributions in southwestern Saudi Arabia,10.1007/BF00863611,1997,Theoretical and Applied Climatology,Saudi Arabia; Turkey
2-s2.0-0030967425,Mental assessment in subacute sclerosing panencephalitis: Hacettepe cognitive short assessment scale,10.1177/088307389701200611,1997,Journal of Child Neurology,Saudi Arabia; Turkey
2-s2.0-0010898372,Achieving higher normal stress levels in the prismatic wedge shear test,,1998,Electronic Journal of Geotechnical Engineering,Saudi Arabia; Turkey
2-s2.0-33750187003,Anodic voltammetry of zuclopenthixol,,1998,Journal De Pharmacie De Belgique,Saudi Arabia; Turkey
2-s2.0-0032189304,Method validation in pharmaceutical analysis: From a general approach to capillary electrophoresis,10.1080/10826079808003411,1998,Journal of Liquid Chromatography and Related Technologies,Saudi Arabia; Turkey
2-s2.0-0032100589,The effect of UV light on the thermooxidative stability of linear low density polyethylene films crosslinked by ionizing radiation,10.1016/S0969-806X(98)00149-2,1998,Radiation Physics and Chemistry,Saudi Arabia; Turkey
2-s2.0-0031998368,Charging effects on the critical temperature of the Josephson-coupled layered superconductors,10.1016/S0921-4534(97)01816-9,1998,Physica C Superconductivity and Its Applications,Azerbaijan; Saudi Arabia; Turkey
2-s2.0-0031843874,Quantitative proton magnetic resonance analysis of ketoprofen in capsules,,1998,Pharmazie,Saudi Arabia; Turkey
2-s2.0-85085848154,A simplified numerical model for melting of ice in a rectangular enclosure,10.2514/6.1998-2767,1998,7th AIAA ASME Joint Thermophysics and Heat Transfer Conference,Saudi Arabia; Turkey
2-s2.0-0032052366,A simplified numerical model for melting of ice with natural convection,10.1016/S0735-1933(98)00023-2,1998,International Communications in Heat and Mass Transfer,Saudi Arabia; Turkey
2-s2.0-0032063755,Energy and environmental impacts: Present and future perspectives,10.1080/00908319808970070,1998,Energy Sources,Saudi Arabia; Turkey
2-s2.0-0032216068,Natural convection and entropy generation in a square cavity,10.1002/(SICI)1099-114X(199811)22:14<1275::AID-ER453>3.0.CO;2-B,1998,International Journal of Energy Research,Saudi Arabia; Turkey
2-s2.0-0032215086,Study into penetration speed during laser cutting of brain tissues,10.3109/03091909809010011,1998,Journal of Medical Engineering and Technology,Saudi Arabia; Turkey
2-s2.0-0032155039,Material response to laser pulse heating: A kinetic theory approach,10.1016/S0143-8166(98)80003-1,1998,Optics and Lasers in Engineering,Saudi Arabia; Turkey
2-s2.0-0031645273,Moisture loss from wood products during drying - Part II: Surface moisture content distributions,10.1080/00908319808970045,1998,Energy Sources,Saudi Arabia; Turkey
2-s2.0-0031639412,Moisture loss from wood products during drying - Part I: Moisture diffusivities and moisture transfer coefficients,10.1080/00908319808970044,1998,Energy Sources,Saudi Arabia; Turkey
2-s2.0-0032326265,Magnon localization in one-dimensional disordered XYZ heisenberg ferromagnets,10.1002/(SICI)1521-3951(199802)205:2<633::AID-PSSB633>3.0.CO;2-U,1998,Physica Status Solidi B Basic Research,Azerbaijan; Saudi Arabia; Turkey
2-s2.0-11744327134,Engineering core analysis,10.2118/36780-jpt,1998,Jpt Journal of Petroleum Technology,Saudi Arabia; Turkey
2-s2.0-0031674080,Size effect and fracture energy studies using compact compression specimens,10.1007/bf02486412,1998,Materials and Structures Materiaux Et Constructions,Saudi Arabia; Turkey; United Kingdom
2-s2.0-0032231463,Autosomal recessive juvenile parkinsonism maps to 6q25.2-q27 in four ethnic groups: Detailed genetic mapping of the linked region,10.1086/301937,1998,American Journal of Human Genetics,Saudi Arabia; Turkey; United States
2-s2.0-0033394544,Antigenic variation among bovine enteric coronaviruses (BECV) and bovine respiratory coronaviruses (BRCV) detected using monoclonal antibodies,10.1007/s007050050656,1999,Archives of Virology,Saudi Arabia; Turkey; United States
2-s2.0-0033543825,Heat transfer and entropy analysis for a transparent gas flowing in a tube,10.1002/(SICI)1099-114X(19991010)23:12<1101::AID-ER517>3.0.CO;2-U,1999,International Journal of Energy Research,Saudi Arabia; Turkey
2-s2.0-0032931112,Determination of aminoglutethimide enantiomers as dansyl derivative in human plasma by HPLC with fluorescence detection,10.1002/(SICI)1521-4184(19994)332:4<145::AID-ARDP145>3.0.CO;2-4,1999,Archiv Der Pharmazie,Saudi Arabia; Turkey
2-s2.0-0033451213,Potentiometric studies of mixed complexes of Cobalt(II) and Copper(II) with L-asparagine and adenine,10.1080/02772249909358806,1999,Toxicological and Environmental Chemistry,Saudi Arabia; Turkey
2-s2.0-0033241432,Comparison of derivative algorithms used in pressure transient analysis,,1999,Arabian Journal for Science and Engineering,Saudi Arabia; Turkey
2-s2.0-0032776971,Energetic and exergetic efficiency of latent heat storage system for greenhouse heating,10.1016/s0960-1481(98)00253-5,1999,Renewable Energy,Saudi Arabia; Turkey
2-s2.0-0032657208,Captivity revisited,10.1061/(ASCE)0733-947X(1999)125:1(1),1999,Journal of Transportation Engineering,Saudi Arabia; Turkey
2-s2.0-0033115649,Dislocation dynamics simulations in the presence of interacting cracks,10.1115/1.2812360,1999,Journal of Engineering Materials and Technology Transactions of the ASME,Saudi Arabia; Turkey
2-s2.0-0033169493,Analytical performance evaluation of nested certificates,10.1016/S0166-5316(99)00022-X,1999,Performance Evaluation,Saudi Arabia; Turkey
2-s2.0-0032943534,Mutations in the gene encoding B1 subunit of H+-ATPase cause renal tubular acidosis with sensorineural deafness,10.1038/5022,1999,Nature Genetics,Saudi Arabia; Turkey; United States
2-s2.0-80052517662,Heterogeneities in carbonate reservoirs: Detection and analysis using borehole electrical imagery,10.1144/GSL.SP.1990.048.01.09,1990,Geological Society Special Publication,Saudi Arabia; United Arab Emirates; United States
2-s2.0-0025125384,Primary tuberculosis of the penis in an infant,10.1016/0041-3879(90)90083-K,1990,Tubercle,Saudi Arabia; United Arab Emirates
2-s2.0-0025949311,Ketamine for caudal analgesia in children: Comparison with caudal bupivacaine,10.1093/bja/67.5.559,1991,British Journal of Anaesthesia,Saudi Arabia; United Arab Emirates
2-s2.0-0343733397,Finite temperature infinitesimally deformed classical and quantum gravity,10.1007/BF00759123,1992,General Relativity and Gravitation,Saudi Arabia; United Arab Emirates
2-s2.0-0026610664,Induction dose-response studies with propofol and thiopentone,10.1093/bja/68.3.308,1992,British Journal of Anaesthesia,Saudi Arabia; United Arab Emirates
2-s2.0-0027693230,Bronchial asthma and wheeze in a desert country,10.1007/BF02751050,1993,Indian Journal of Pediatrics,Saudi Arabia; United Arab Emirates
2-s2.0-0027372568,Dose-response relationships for edrophonium and neostigmine antagonism of mivacurium-induced neuromuscular block,10.1093/bja/71.5.709,1993,British Journal of Anaesthesia,Saudi Arabia; United Arab Emirates
2-s2.0-85054856467,Reservoir fluid monitoring using through-tubing carbon-oxygen tools,,1993,SPWLA 34th Annual Logging Symposium,Saudi Arabia; United Arab Emirates
2-s2.0-43949173904,Estimation of intraclass correlation when family sizes are unequal,10.1016/0167-9473(93)90256-S,1993,Computational Statistics and Data Analysis,Saudi Arabia; United Arab Emirates
2-s2.0-0028956654,Priming and induction of anti-rotavirus antibody response by synthetic peptides derived from VP7 and VP4,10.1016/0264-410X(95)98252-6,1995,Vaccine,Saudi Arabia; United Arab Emirates
2-s2.0-0029063662,Characterization of a synthetic peptide mimicking trypsin-cleavage site of rotavirus VP4,10.1016/0147-9571(95)00001-O,1995,Comparative Immunology Microbiology and Infectious Diseases,Saudi Arabia; United Arab Emirates
2-s2.0-0030483695,"Chaotic, non-chaotic strange attractors and bistability in non-isothermal fluidized bed catalytic reactors under PI control",10.1016/0960-0779(95)00009-7,1996,Chaos Solitons and Fractals,Saudi Arabia; United Arab Emirates
2-s2.0-0030022198,Pharmacological and toxicological investigations on Foeniculum vulgare dried fruit extract in experimental animals,10.1002/(SICI)1099-1573(199602)10:1<33::AID-PTR769>3.0.CO;2-L,1996,Phytotherapy Research,Saudi Arabia; United Arab Emirates
2-s2.0-84880627810,Influence of Single and Mixed Infections of Broad Bean Mottle Bromovirus and Bean Yellow Mosaic Potjvirus on Growth and Yield of Fafoa Bean (Vicia faba L.),10.9755/ejfa.v8i1.5244,1996,Emirates Journal of Food and Agriculture,Saudi Arabia; United Arab Emirates
2-s2.0-0029937803,Febrile episodes in children with cancer in the United Arab Emirates,10.3109/08880019609030803,1996,Pediatric Hematology and Oncology,Saudi Arabia; United Arab Emirates
2-s2.0-0029800486,High fertilization prediction by flow cytometric analysis of the CD46 antigen on the inner acrosomal membrane of spermatozoa,10.1093/oxfordjournals.humrep.a019518,1996,Human Reproduction,Saudi Arabia; United Arab Emirates
2-s2.0-2442496489,Neonatal out come of meconium associated deliveries in Madina Munawara region of Saudi Arabia,,1997,Saudi Medical Journal,Saudi Arabia; United Arab Emirates
2-s2.0-0030823567,Centromeric inactivation in a dicentric human Y;21 translocation chromosome,10.1007/s004120050240,1997,Chromosoma,Saudi Arabia; United Arab Emirates; United Kingdom
2-s2.0-0030727387,Excimer laser in situ keratomileusis to correct compound myopic astigmatism,,1997,Journal of Refractive Surgery,Saudi Arabia; United Arab Emirates
2-s2.0-0030971206,A case control study of neonatal sepsis: Experience from Saudi Arabia,10.1093/tropej/43.2.84,1997,Journal of Tropical Pediatrics,Saudi Arabia; United Arab Emirates
2-s2.0-85057810618,Static and dynamic bifurcation characteristics of industrial fluidized bed polyethylene reactors (UNIPOL process) and their implications on polyethylene production rate,,1997,World Petroleum Congress Proceedings,Saudi Arabia; United Arab Emirates
2-s2.0-0031148687,"Electrochemical Treatment of Phenolic Wastewater: Efficiency, Design Considerations and Economic Evaluation",10.1080/10934529709376617,1997,Journal of Environmental Science and Health Part A Toxic Hazardous Substances and Environmental Engineering,Saudi Arabia; United Arab Emirates
2-s2.0-0006292683,Infant and child feeding practices: A preliminary investigation,10.1111/j.1834-7819.1997.tb00098.x,1997,Australian Dental Journal,Saudi Arabia; United Arab Emirates
2-s2.0-0032321288,Data acquisition and analysis for efficient reservoir management,,1998,SPE Reprint Series,Saudi Arabia; United Arab Emirates; United States
2-s2.0-0031897524,Serological markers in Arabs with lupus nephritis,10.1191/096120398678920000,1998,Lupus,Saudi Arabia; United Arab Emirates
2-s2.0-0032080897,Release techniques and predation in the introduction of houbara bustards in Saudi Arabia,10.1016/S0006-3207(97)00109-2,1998,Biological Conservation,Saudi Arabia; United Arab Emirates; United States
2-s2.0-11544251194,Polymerization of N-vinylcarbazole by rhenium carbonyl compounds,10.1163/156855598X00341,1998,Designed Monomers and Polymers,Saudi Arabia; United Arab Emirates
2-s2.0-0000488810,Continuing medical education and primary care physicians in Saudi Arabia: Perception of needs and problems faced,,1998,Saudi Medical Journal,Saudi Arabia; United Arab Emirates
2-s2.0-0032453219,Normal haematology and blood chemistry of captive adult stone curlews (Burhinus oedicnemus),10.1007/BF02752852,1998,Comparative Haematology International,Saudi Arabia; United Arab Emirates
2-s2.0-0031967065,Organisation of the human PAX4 gene and its exclusion as a candidate for the Wolcott-Rallison syndrome,10.1136/jmg.35.4.288,1998,Journal of Medical Genetics,Saudi Arabia; United Arab Emirates; United Kingdom
2-s2.0-0033857315,Bioequivalence evaluation of lomefloxacin 400 mg tablets (Lomax® versus Maxaquin®) in healthy human volunteers,10.1002/1099-081X(199912)20:9<407::AID-BDD199>3.0.CO;2-F,1999,Biopharmaceutics and Drug Disposition,Saudi Arabia; United Arab Emirates
2-s2.0-0033200272,Creating identity in new communities: Case studies from Saudi Arabia,10.1016/S0169-2046(99)00010-9,1999,Landscape and Urban Planning,Saudi Arabia; United Arab Emirates
2-s2.0-0033578221,Anaesthesia of cranes with alphaxolone-alphadolone,10.1136/vr.145.3.84,1999,Veterinary Record,Saudi Arabia; United Arab Emirates
2-s2.0-0033504885,Comparison of photorefractive keratectomy with excimer laser in situ keratomileusis in correcting low myopia (from -2.00 to -5.50 Diopters): A randomized study,10.1016/S0161-6420(99)90084-2,1999,Ophthalmology,Saudi Arabia; United Arab Emirates
2-s2.0-0033082864,Electrochemical oxidation of phenol using graphite anodes,10.1081/SS-100100675,1999,Separation Science and Technology,Saudi Arabia; United Arab Emirates
2-s2.0-0033394252,Serum creatine kinase: A marker for muscle damage in sickle cell painful crisis,10.5144/0256-4947.1999.264,1999,Annals of Saudi Medicine,Saudi Arabia; United Arab Emirates
2-s2.0-0033419855,Methods for live trapping Houbara Bustards,,1999,Journal of Field Ornithology,Saudi Arabia; United Arab Emirates
2-s2.0-18844435611,Serum bile acids in captive bustards,10.1046/j.1439-0450.1999.00306.x,1999,Journal of Veterinary Medicine Series B,Saudi Arabia; United Arab Emirates
2-s2.0-85058370663,New screening criteria for selection of acid-foam surfactants,,1999,Technical Meeting Petroleum Conference of the South Saskatchewan Section 1999,Saudi Arabia; United Arab Emirates; United States
2-s2.0-0025920520,"Engineering properties of the soil of Sana'a, the Yemen Arab Republic",10.1016/0013-7952(91)90042-J,1991,Engineering Geology,Saudi Arabia; Yemen
2-s2.0-0028585490,Review of the biostratigraphy of the aruma group (upper cretaceous) in the arabian peninsula and surrounding regions,10.1006/cres.1994.1023,1994,Cretaceous Research,Saudi Arabia; Yemen
2-s2.0-0030060021,Vitamin A deficiency and xerophthalmia in western Yemen,,1996,European Journal of Clinical Nutrition,Saudi Arabia; United States; Yemen
2-s2.0-0033180519,"Sustainable use of renewable resources and conservation in the Red Sea and Gulf of Aden: Issues, needs and strategic actions",10.1016/S0964-5691(99)00040-X,1999,Ocean and Coastal Management,Australia; Saudi Arabia; Yemen
2-s2.0-0026612654,βs Haplotypes in various world populations,10.1007/BF00207052,1992,Human Genetics,Tunisia; Turkey; United States
2-s2.0-0027102406,Hb H disease caused by a homozygosity for the AATAAA → AATAAG mutation in the polyadenylation site of the α2-globin gene: Hematological observations,10.1159/000204657,1992,Acta Haematologica,Tunisia; Turkey; United States
2-s2.0-0028094441,Localization of merosin-negative congenital muscular dystrophy to chromosome 6q2 by homozygosity mapping,10.1093/hmg/3.9.1657,1994,Human Molecular Genetics,France; Tunisia; Turkey
2-s2.0-0031498313,An estimation model for replicating the rankings of the world competitiveness report,10.1016/S0169-2070(97)00013-7,1997,International Journal of Forecasting,Canada; Tunisia; Turkey
2-s2.0-0033312919,Linking industrial competitiveness and productivity at the firm level,10.1016/S0377-2217(99)00025-9,1999,European Journal of Operational Research,Tunisia; Turkey
2-s2.0-0029020591,Two fetal hemoglobin variants affecting the same residue: HB f-emirates [gγ59(e3)LYS→GLU] and HB f-sacromonte [gγ59(e3)LYS→GLN],10.3109/03630269509036937,1995,Hemoglobin,Tunisia; United Arab Emirates
2-s2.0-21344484967,Intersection de Produits Fibres Et Formule de la Dimension.,10.1080/00927879408825037,1994,Communications in Algebra,Tunisia; Yemen
2-s2.0-21844498479,Valuative Heights and Infinite Nagata Rings,10.1080/00927879508825317,1995,Communications in Algebra,France; Tunisia; Yemen
2-s2.0-0001814906,Anneaux quasi-prüfériens et P-anneaux,,1996,Bollettino Della Unione Matematica Italiana B,Tunisia; Yemen
2-s2.0-0025245314,EFFICIENT MULTICHANNEL FILTERING OF SEISMIC DATA,10.1111/j.1365-2478.1990.tb01832.x,1990,Geophysical Prospecting,Turkey; United Arab Emirates
2-s2.0-0028246496,Treatment of male infertility,10.1016/S0140-6736(94)92792-8,1994,Lancet,Turkey; United Arab Emirates; United Kingdom
2-s2.0-0031015771,The molecular basis of Hb H disease in Turkey,10.3109/03630269708997509,1997,Hemoglobin,Turkey; United Arab Emirates
2-s2.0-85054473204,Obtaining reservoir parameters and flow profiles from production-logging runs,10.2118/49537-ms,1998,Society of Petroleum Engineers Abu Dhabi International Petroleum Exhibition and Conference 1998 Adipec 1998,Turkey; United Arab Emirates
2-s2.0-0032784397,Predictions of carbon monoxide and blood carboxyhemoglobin levels from motor vehicles exhaust emissions,10.1023/A:1007544731583,1999,Aerobiologia,Turkey; United Arab Emirates
2-s2.0-0033311271,Using object-oriented materialized views to answer selection-based complex queries,10.1016/S0020-0255(99)00023-7,1999,Information Sciences,Turkey; United Arab Emirates
2-s2.0-0032242845,On-the-job training through follow-up visits to improve the quality of family planning services,10.3109/13625189809167254,1998,European Journal of Contraception and Reproductive Health Care,Turkey; United States; Yemen
